ISO-10303-21;
HEADER;
FILE_DESCRIPTION(('Open CASCADE Model'),'2;1');
FILE_NAME('Open CASCADE Shape Model','2026-10-01T14:28:37',('Author'),(
    'Open CASCADE'),'Open CASCADE STEP processor 7.9','Open CASCADE 7.9'
  ,'Unknown');
FILE_SCHEMA(('AUTOMOTIVE_DESIGN { 1 0 10303 214 1 1 1 1 }'));
ENDSEC;
DATA;
#1 = APPLICATION_PROTOCOL_DEFINITION('international standard',
  'automotive_design',2000,#2);
#2 = APPLICATION_CONTEXT(
  'core data for automotive mechanical design processes');
#3 = SHAPE_DEFINITION_REPRESENTATION(#4,#10);
#4 = PRODUCT_DEFINITION_SHAPE('','',#5);
#5 = PRODUCT_DEFINITION('design','',#6,#9);
#6 = PRODUCT_DEFINITION_FORMATION('','',#7);
#7 = PRODUCT('5597f049-bd61-11f1-b716-dc2148febeb0',
  '5597f049-bd61-11f1-b716-dc2148febeb0','',(#8));
#8 = PRODUCT_CONTEXT('',#2,'mechanical');
#9 = PRODUCT_DEFINITION_CONTEXT('part definition',#2,'design');
#10 = SHAPE_REPRESENTATION('',(#11,#15,#19),#23);
#11 = AXIS2_PLACEMENT_3D('',#12,#13,#14);
#12 = CARTESIAN_POINT('',(0.,0.,0.));
#13 = DIRECTION('',(0.,0.,1.));
#14 = DIRECTION('',(1.,0.,-0.));
#15 = AXIS2_PLACEMENT_3D('',#16,#17,#18);
#16 = CARTESIAN_POINT('',(0.,0.,0.));
#17 = DIRECTION('',(0.,0.,1.));
#18 = DIRECTION('',(1.,0.,-0.));
#19 = AXIS2_PLACEMENT_3D('',#20,#21,#22);
#20 = CARTESIAN_POINT('',(0.,0.,0.));
#21 = DIRECTION('',(0.,0.,1.));
#22 = DIRECTION('',(1.,0.,-0.));
#23 = ( GEOMETRIC_REPRESENTATION_CONTEXT(3) 
GLOBAL_UNCERTAINTY_ASSIGNED_CONTEXT((#27)) GLOBAL_UNIT_ASSIGNED_CONTEXT(
(#24,#25,#26)) REPRESENTATION_CONTEXT('Context #1',
  '3D Context with UNIT and UNCERTAINTY') );
#24 = ( LENGTH_UNIT() NAMED_UNIT(*) SI_UNIT(.MILLI.,.METRE.) );
#25 = ( NAMED_UNIT(*) PLANE_ANGLE_UNIT() SI_UNIT($,.RADIAN.) );
#26 = ( NAMED_UNIT(*) SI_UNIT($,.STERADIAN.) SOLID_ANGLE_UNIT() );
#27 = UNCERTAINTY_MEASURE_WITH_UNIT(LENGTH_MEASURE(1.E-07),#24,
  'distance_accuracy_value','confusion accuracy');
#28 = PRODUCT_RELATED_PRODUCT_CATEGORY('part',$,(#7));
#29 = SHAPE_DEFINITION_REPRESENTATION(#30,#36);
#30 = PRODUCT_DEFINITION_SHAPE('','',#31);
#31 = PRODUCT_DEFINITION('design','',#32,#35);
#32 = PRODUCT_DEFINITION_FORMATION('','',#33);
#33 = PRODUCT('base_strap','base_strap','',(#34));
#34 = PRODUCT_CONTEXT('',#2,'mechanical');
#35 = PRODUCT_DEFINITION_CONTEXT('part definition',#2,'design');
#36 = ADVANCED_BREP_SHAPE_REPRESENTATION('',(#11,#37),#8591);
#37 = MANIFOLD_SOLID_BREP('',#38);
#38 = CLOSED_SHELL('',(#39,#159,#246,#325,#810,#860,#914,#1210,#1374,
    #1400,#1450,#1628,#1675,#1753,#1803,#1852,#1906,#1955,#2005,#2054,
    #2104,#2179,#2206,#2256,#2530,#2869,#2948,#3002,#3388,#3437,#3493,
    #3832,#3858,#3884,#3891,#3972,#4021,#4071,#4326,#4405,#4459,#4845,
    #4894,#4950,#5031,#5079,#5134,#5210,#5236,#5311,#5364,#5392,#5419,
    #5491,#5538,#5585,#5635,#5685,#5732,#5779,#5807,#5856,#5937,#5985,
    #6040,#6047,#6123,#6177,#6227,#6276,#6325,#6375,#6425,#6452,#6528,
    #6554,#6602,#6656,#6709,#6737,#6809,#6856,#6903,#6953,#7003,#7050,
    #7097,#7125,#7174,#7320,#7346,#7372,#7422,#7472,#7499,#7645,#7671,
    #7697,#7930,#7980,#8030,#8057,#8083,#8109,#8116,#8142,#8168,#8175,
    #8251,#8301,#8350,#8400,#8449,#8499,#8548,#8580));
#39 = ADVANCED_FACE('',(#40),#54,.F.);
#40 = FACE_BOUND('',#41,.F.);
#41 = EDGE_LOOP('',(#42,#77,#105,#133));
#42 = ORIENTED_EDGE('',*,*,#43,.T.);
#43 = EDGE_CURVE('',#44,#46,#48,.T.);
#44 = VERTEX_POINT('',#45);
#45 = CARTESIAN_POINT('',(-8.1,-2.65,1.5));
#46 = VERTEX_POINT('',#47);
#47 = CARTESIAN_POINT('',(-8.1,-2.65,9.3));
#48 = SURFACE_CURVE('',#49,(#53,#65),.PCURVE_S1.);
#49 = LINE('',#50,#51);
#50 = CARTESIAN_POINT('',(-8.1,-2.65,0.));
#51 = VECTOR('',#52,1.);
#52 = DIRECTION('',(0.,0.,1.));
#53 = PCURVE('',#54,#59);
#54 = PLANE('',#55);
#55 = AXIS2_PLACEMENT_3D('',#56,#57,#58);
#56 = CARTESIAN_POINT('',(-11.85,-2.65,0.));
#57 = DIRECTION('',(0.,1.,0.));
#58 = DIRECTION('',(1.,0.,0.));
#59 = DEFINITIONAL_REPRESENTATION('',(#60),#64);
#60 = LINE('',#61,#62);
#61 = CARTESIAN_POINT('',(3.75,0.));
#62 = VECTOR('',#63,1.);
#63 = DIRECTION('',(0.,-1.));
#64 = ( GEOMETRIC_REPRESENTATION_CONTEXT(2) 
PARAMETRIC_REPRESENTATION_CONTEXT() REPRESENTATION_CONTEXT('2D SPACE',''
  ) );
#65 = PCURVE('',#66,#71);
#66 = CYLINDRICAL_SURFACE('',#67,3.75);
#67 = AXIS2_PLACEMENT_3D('',#68,#69,#70);
#68 = CARTESIAN_POINT('',(-8.1,1.1,0.));
#69 = DIRECTION('',(0.,0.,1.));
#70 = DIRECTION('',(0.,-1.,0.));
#71 = DEFINITIONAL_REPRESENTATION('',(#72),#76);
#72 = LINE('',#73,#74);
#73 = CARTESIAN_POINT('',(-0.,0.));
#74 = VECTOR('',#75,1.);
#75 = DIRECTION('',(-0.,1.));
#76 = ( GEOMETRIC_REPRESENTATION_CONTEXT(2) 
PARAMETRIC_REPRESENTATION_CONTEXT() REPRESENTATION_CONTEXT('2D SPACE',''
  ) );
#77 = ORIENTED_EDGE('',*,*,#78,.T.);
#78 = EDGE_CURVE('',#46,#79,#81,.T.);
#79 = VERTEX_POINT('',#80);
#80 = CARTESIAN_POINT('',(17.5,-2.65,9.3));
#81 = SURFACE_CURVE('',#82,(#86,#93),.PCURVE_S1.);
#82 = LINE('',#83,#84);
#83 = CARTESIAN_POINT('',(-11.85,-2.65,9.3));
#84 = VECTOR('',#85,1.);
#85 = DIRECTION('',(1.,0.,0.));
#86 = PCURVE('',#54,#87);
#87 = DEFINITIONAL_REPRESENTATION('',(#88),#92);
#88 = LINE('',#89,#90);
#89 = CARTESIAN_POINT('',(0.,-9.3));
#90 = VECTOR('',#91,1.);
#91 = DIRECTION('',(1.,0.));
#92 = ( GEOMETRIC_REPRESENTATION_CONTEXT(2) 
PARAMETRIC_REPRESENTATION_CONTEXT() REPRESENTATION_CONTEXT('2D SPACE',''
  ) );
#93 = PCURVE('',#94,#99);
#94 = PLANE('',#95);
#95 = AXIS2_PLACEMENT_3D('',#96,#97,#98);
#96 = CARTESIAN_POINT('',(4.7,10.55,9.3));
#97 = DIRECTION('',(0.,0.,1.));
#98 = DIRECTION('',(1.,0.,-0.));
#99 = DEFINITIONAL_REPRESENTATION('',(#100),#104);
#100 = LINE('',#101,#102);
#101 = CARTESIAN_POINT('',(-16.55,-13.2));
#102 = VECTOR('',#103,1.);
#103 = DIRECTION('',(1.,0.));
#104 = ( GEOMETRIC_REPRESENTATION_CONTEXT(2) 
PARAMETRIC_REPRESENTATION_CONTEXT() REPRESENTATION_CONTEXT('2D SPACE',''
  ) );
#105 = ORIENTED_EDGE('',*,*,#106,.F.);
#106 = EDGE_CURVE('',#107,#79,#109,.T.);
#107 = VERTEX_POINT('',#108);
#108 = CARTESIAN_POINT('',(17.5,-2.65,1.5));
#109 = SURFACE_CURVE('',#110,(#114,#121),.PCURVE_S1.);
#110 = LINE('',#111,#112);
#111 = CARTESIAN_POINT('',(17.5,-2.65,0.));
#112 = VECTOR('',#113,1.);
#113 = DIRECTION('',(0.,0.,1.));
#114 = PCURVE('',#54,#115);
#115 = DEFINITIONAL_REPRESENTATION('',(#116),#120);
#116 = LINE('',#117,#118);
#117 = CARTESIAN_POINT('',(29.35,0.));
#118 = VECTOR('',#119,1.);
#119 = DIRECTION('',(0.,-1.));
#120 = ( GEOMETRIC_REPRESENTATION_CONTEXT(2) 
PARAMETRIC_REPRESENTATION_CONTEXT() REPRESENTATION_CONTEXT('2D SPACE',''
  ) );
#121 = PCURVE('',#122,#127);
#122 = CYLINDRICAL_SURFACE('',#123,3.75);
#123 = AXIS2_PLACEMENT_3D('',#124,#125,#126);
#124 = CARTESIAN_POINT('',(17.5,1.1,0.));
#125 = DIRECTION('',(0.,0.,1.));
#126 = DIRECTION('',(0.,-1.,0.));
#127 = DEFINITIONAL_REPRESENTATION('',(#128),#132);
#128 = LINE('',#129,#130);
#129 = CARTESIAN_POINT('',(0.,0.));
#130 = VECTOR('',#131,1.);
#131 = DIRECTION('',(0.,1.));
#132 = ( GEOMETRIC_REPRESENTATION_CONTEXT(2) 
PARAMETRIC_REPRESENTATION_CONTEXT() REPRESENTATION_CONTEXT('2D SPACE',''
  ) );
#133 = ORIENTED_EDGE('',*,*,#134,.F.);
#134 = EDGE_CURVE('',#44,#107,#135,.T.);
#135 = SURFACE_CURVE('',#136,(#140,#147),.PCURVE_S1.);
#136 = LINE('',#137,#138);
#137 = CARTESIAN_POINT('',(-8.1,-2.65,1.5));
#138 = VECTOR('',#139,1.);
#139 = DIRECTION('',(1.,0.,0.));
#140 = PCURVE('',#54,#141);
#141 = DEFINITIONAL_REPRESENTATION('',(#142),#146);
#142 = LINE('',#143,#144);
#143 = CARTESIAN_POINT('',(3.75,-1.5));
#144 = VECTOR('',#145,1.);
#145 = DIRECTION('',(1.,0.));
#146 = ( GEOMETRIC_REPRESENTATION_CONTEXT(2) 
PARAMETRIC_REPRESENTATION_CONTEXT() REPRESENTATION_CONTEXT('2D SPACE',''
  ) );
#147 = PCURVE('',#148,#153);
#148 = CYLINDRICAL_SURFACE('',#149,1.5);
#149 = AXIS2_PLACEMENT_3D('',#150,#151,#152);
#150 = CARTESIAN_POINT('',(-8.1,-1.15,1.5));
#151 = DIRECTION('',(1.,0.,0.));
#152 = DIRECTION('',(0.,-1.,-0.));
#153 = DEFINITIONAL_REPRESENTATION('',(#154),#158);
#154 = LINE('',#155,#156);
#155 = CARTESIAN_POINT('',(0.,0.));
#156 = VECTOR('',#157,1.);
#157 = DIRECTION('',(0.,1.));
#158 = ( GEOMETRIC_REPRESENTATION_CONTEXT(2) 
PARAMETRIC_REPRESENTATION_CONTEXT() REPRESENTATION_CONTEXT('2D SPACE',''
  ) );
#159 = ADVANCED_FACE('',(#160),#66,.T.);
#160 = FACE_BOUND('',#161,.F.);
#161 = EDGE_LOOP('',(#162,#163,#192,#220));
#162 = ORIENTED_EDGE('',*,*,#43,.F.);
#163 = ORIENTED_EDGE('',*,*,#164,.F.);
#164 = EDGE_CURVE('',#165,#44,#167,.T.);
#165 = VERTEX_POINT('',#166);
#166 = CARTESIAN_POINT('',(-11.85,1.1,1.5));
#167 = SURFACE_CURVE('',#168,(#173,#180),.PCURVE_S1.);
#168 = CIRCLE('',#169,3.75);
#169 = AXIS2_PLACEMENT_3D('',#170,#171,#172);
#170 = CARTESIAN_POINT('',(-8.1,1.1,1.5));
#171 = DIRECTION('',(0.,0.,1.));
#172 = DIRECTION('',(-1.,-2.960594732334E-16,0.));
#173 = PCURVE('',#66,#174);
#174 = DEFINITIONAL_REPRESENTATION('',(#175),#179);
#175 = LINE('',#176,#177);
#176 = CARTESIAN_POINT('',(-1.570796326795,1.5));
#177 = VECTOR('',#178,1.);
#178 = DIRECTION('',(1.,-0.));
#179 = ( GEOMETRIC_REPRESENTATION_CONTEXT(2) 
PARAMETRIC_REPRESENTATION_CONTEXT() REPRESENTATION_CONTEXT('2D SPACE',''
  ) );
#180 = PCURVE('',#181,#186);
#181 = TOROIDAL_SURFACE('',#182,2.25,1.5);
#182 = AXIS2_PLACEMENT_3D('',#183,#184,#185);
#183 = CARTESIAN_POINT('',(-8.1,1.1,1.5));
#184 = DIRECTION('',(-0.,-0.,-1.));
#185 = DIRECTION('',(-1.,-2.960594732334E-16,0.));
#186 = DEFINITIONAL_REPRESENTATION('',(#187),#191);
#187 = LINE('',#188,#189);
#188 = CARTESIAN_POINT('',(-0.,0.));
#189 = VECTOR('',#190,1.);
#190 = DIRECTION('',(-1.,0.));
#191 = ( GEOMETRIC_REPRESENTATION_CONTEXT(2) 
PARAMETRIC_REPRESENTATION_CONTEXT() REPRESENTATION_CONTEXT('2D SPACE',''
  ) );
#192 = ORIENTED_EDGE('',*,*,#193,.T.);
#193 = EDGE_CURVE('',#165,#194,#196,.T.);
#194 = VERTEX_POINT('',#195);
#195 = CARTESIAN_POINT('',(-11.85,1.1,9.3));
#196 = SURFACE_CURVE('',#197,(#201,#208),.PCURVE_S1.);
#197 = LINE('',#198,#199);
#198 = CARTESIAN_POINT('',(-11.85,1.1,0.));
#199 = VECTOR('',#200,1.);
#200 = DIRECTION('',(0.,0.,1.));
#201 = PCURVE('',#66,#202);
#202 = DEFINITIONAL_REPRESENTATION('',(#203),#207);
#203 = LINE('',#204,#205);
#204 = CARTESIAN_POINT('',(-1.570796326795,0.));
#205 = VECTOR('',#206,1.);
#206 = DIRECTION('',(-0.,1.));
#207 = ( GEOMETRIC_REPRESENTATION_CONTEXT(2) 
PARAMETRIC_REPRESENTATION_CONTEXT() REPRESENTATION_CONTEXT('2D SPACE',''
  ) );
#208 = PCURVE('',#209,#214);
#209 = PLANE('',#210);
#210 = AXIS2_PLACEMENT_3D('',#211,#212,#213);
#211 = CARTESIAN_POINT('',(-11.85,23.75,0.));
#212 = DIRECTION('',(1.,0.,-0.));
#213 = DIRECTION('',(0.,-1.,0.));
#214 = DEFINITIONAL_REPRESENTATION('',(#215),#219);
#215 = LINE('',#216,#217);
#216 = CARTESIAN_POINT('',(22.65,0.));
#217 = VECTOR('',#218,1.);
#218 = DIRECTION('',(0.,-1.));
#219 = ( GEOMETRIC_REPRESENTATION_CONTEXT(2) 
PARAMETRIC_REPRESENTATION_CONTEXT() REPRESENTATION_CONTEXT('2D SPACE',''
  ) );
#220 = ORIENTED_EDGE('',*,*,#221,.F.);
#221 = EDGE_CURVE('',#46,#194,#222,.T.);
#222 = SURFACE_CURVE('',#223,(#228,#235),.PCURVE_S1.);
#223 = CIRCLE('',#224,3.75);
#224 = AXIS2_PLACEMENT_3D('',#225,#226,#227);
#225 = CARTESIAN_POINT('',(-8.1,1.1,9.3));
#226 = DIRECTION('',(-0.,-0.,-1.));
#227 = DIRECTION('',(0.,-1.,0.));
#228 = PCURVE('',#66,#229);
#229 = DEFINITIONAL_REPRESENTATION('',(#230),#234);
#230 = LINE('',#231,#232);
#231 = CARTESIAN_POINT('',(-0.,9.3));
#232 = VECTOR('',#233,1.);
#233 = DIRECTION('',(-1.,0.));
#234 = ( GEOMETRIC_REPRESENTATION_CONTEXT(2) 
PARAMETRIC_REPRESENTATION_CONTEXT() REPRESENTATION_CONTEXT('2D SPACE',''
  ) );
#235 = PCURVE('',#94,#236);
#236 = DEFINITIONAL_REPRESENTATION('',(#237),#245);
#237 = ( BOUNDED_CURVE() B_SPLINE_CURVE(2,(#238,#239,#240,#241,#242,#243
,#244),.UNSPECIFIED.,.T.,.F.) B_SPLINE_CURVE_WITH_KNOTS((1,2,2,2,2,1),(
    -2.094395102393,0.,2.094395102393,4.188790204786,6.28318530718,
8.377580409573),.UNSPECIFIED.) CURVE() GEOMETRIC_REPRESENTATION_ITEM() 
RATIONAL_B_SPLINE_CURVE((1.,0.5,1.,0.5,1.,0.5,1.)) REPRESENTATION_ITEM(
  '') );
#238 = CARTESIAN_POINT('',(-12.8,-13.2));
#239 = CARTESIAN_POINT('',(-19.29519052838,-13.2));
#240 = CARTESIAN_POINT('',(-16.04759526419,-7.575));
#241 = CARTESIAN_POINT('',(-12.8,-1.95));
#242 = CARTESIAN_POINT('',(-9.552404735808,-7.575));
#243 = CARTESIAN_POINT('',(-6.304809471617,-13.2));
#244 = CARTESIAN_POINT('',(-12.8,-13.2));
#245 = ( GEOMETRIC_REPRESENTATION_CONTEXT(2) 
PARAMETRIC_REPRESENTATION_CONTEXT() REPRESENTATION_CONTEXT('2D SPACE',''
  ) );
#246 = ADVANCED_FACE('',(#247),#148,.T.);
#247 = FACE_BOUND('',#248,.T.);
#248 = EDGE_LOOP('',(#249,#271,#299,#324));
#249 = ORIENTED_EDGE('',*,*,#250,.T.);
#250 = EDGE_CURVE('',#44,#251,#253,.T.);
#251 = VERTEX_POINT('',#252);
#252 = CARTESIAN_POINT('',(-8.1,-1.15,-2.22044604925E-16));
#253 = SURFACE_CURVE('',#254,(#259,#265),.PCURVE_S1.);
#254 = CIRCLE('',#255,1.5);
#255 = AXIS2_PLACEMENT_3D('',#256,#257,#258);
#256 = CARTESIAN_POINT('',(-8.1,-1.15,1.5));
#257 = DIRECTION('',(1.,0.,0.));
#258 = DIRECTION('',(0.,-1.,-0.));
#259 = PCURVE('',#148,#260);
#260 = DEFINITIONAL_REPRESENTATION('',(#261),#264);
#261 = B_SPLINE_CURVE_WITH_KNOTS('',1,(#262,#263),.UNSPECIFIED.,.F.,.F.,
  (2,2),(0.,1.570796326795),.PIECEWISE_BEZIER_KNOTS.);
#262 = CARTESIAN_POINT('',(0.,1.7763568394E-15));
#263 = CARTESIAN_POINT('',(1.570796326795,1.7763568394E-15));
#264 = ( GEOMETRIC_REPRESENTATION_CONTEXT(2) 
PARAMETRIC_REPRESENTATION_CONTEXT() REPRESENTATION_CONTEXT('2D SPACE',''
  ) );
#265 = PCURVE('',#181,#266);
#266 = DEFINITIONAL_REPRESENTATION('',(#267),#270);
#267 = B_SPLINE_CURVE_WITH_KNOTS('',1,(#268,#269),.UNSPECIFIED.,.F.,.F.,
  (2,2),(0.,1.570796326795),.PIECEWISE_BEZIER_KNOTS.);
#268 = CARTESIAN_POINT('',(-1.570796326795,0.));
#269 = CARTESIAN_POINT('',(-1.570796326795,1.570796326795));
#270 = ( GEOMETRIC_REPRESENTATION_CONTEXT(2) 
PARAMETRIC_REPRESENTATION_CONTEXT() REPRESENTATION_CONTEXT('2D SPACE',''
  ) );
#271 = ORIENTED_EDGE('',*,*,#272,.T.);
#272 = EDGE_CURVE('',#251,#273,#275,.T.);
#273 = VERTEX_POINT('',#274);
#274 = CARTESIAN_POINT('',(17.5,-1.15,-2.22044604925E-16));
#275 = SURFACE_CURVE('',#276,(#280,#287),.PCURVE_S1.);
#276 = LINE('',#277,#278);
#277 = CARTESIAN_POINT('',(-8.1,-1.15,-2.22044604925E-16));
#278 = VECTOR('',#279,1.);
#279 = DIRECTION('',(1.,0.,0.));
#280 = PCURVE('',#148,#281);
#281 = DEFINITIONAL_REPRESENTATION('',(#282),#286);
#282 = LINE('',#283,#284);
#283 = CARTESIAN_POINT('',(1.570796326795,0.));
#284 = VECTOR('',#285,1.);
#285 = DIRECTION('',(0.,1.));
#286 = ( GEOMETRIC_REPRESENTATION_CONTEXT(2) 
PARAMETRIC_REPRESENTATION_CONTEXT() REPRESENTATION_CONTEXT('2D SPACE',''
  ) );
#287 = PCURVE('',#288,#293);
#288 = PLANE('',#289);
#289 = AXIS2_PLACEMENT_3D('',#290,#291,#292);
#290 = CARTESIAN_POINT('',(4.7,10.55,0.));
#291 = DIRECTION('',(0.,0.,1.));
#292 = DIRECTION('',(1.,0.,-0.));
#293 = DEFINITIONAL_REPRESENTATION('',(#294),#298);
#294 = LINE('',#295,#296);
#295 = CARTESIAN_POINT('',(-12.8,-11.7));
#296 = VECTOR('',#297,1.);
#297 = DIRECTION('',(1.,0.));
#298 = ( GEOMETRIC_REPRESENTATION_CONTEXT(2) 
PARAMETRIC_REPRESENTATION_CONTEXT() REPRESENTATION_CONTEXT('2D SPACE',''
  ) );
#299 = ORIENTED_EDGE('',*,*,#300,.F.);
#300 = EDGE_CURVE('',#107,#273,#301,.T.);
#301 = SURFACE_CURVE('',#302,(#307,#313),.PCURVE_S1.);
#302 = CIRCLE('',#303,1.5);
#303 = AXIS2_PLACEMENT_3D('',#304,#305,#306);
#304 = CARTESIAN_POINT('',(17.5,-1.15,1.5));
#305 = DIRECTION('',(1.,0.,0.));
#306 = DIRECTION('',(0.,-1.,-0.));
#307 = PCURVE('',#148,#308);
#308 = DEFINITIONAL_REPRESENTATION('',(#309),#312);
#309 = B_SPLINE_CURVE_WITH_KNOTS('',1,(#310,#311),.UNSPECIFIED.,.F.,.F.,
  (2,2),(0.,1.570796326795),.PIECEWISE_BEZIER_KNOTS.);
#310 = CARTESIAN_POINT('',(0.,25.6));
#311 = CARTESIAN_POINT('',(1.570796326795,25.6));
#312 = ( GEOMETRIC_REPRESENTATION_CONTEXT(2) 
PARAMETRIC_REPRESENTATION_CONTEXT() REPRESENTATION_CONTEXT('2D SPACE',''
  ) );
#313 = PCURVE('',#314,#319);
#314 = TOROIDAL_SURFACE('',#315,2.25,1.5);
#315 = AXIS2_PLACEMENT_3D('',#316,#317,#318);
#316 = CARTESIAN_POINT('',(17.5,1.1,1.5));
#317 = DIRECTION('',(-0.,-0.,-1.));
#318 = DIRECTION('',(0.,-1.,0.));
#319 = DEFINITIONAL_REPRESENTATION('',(#320),#323);
#320 = B_SPLINE_CURVE_WITH_KNOTS('',1,(#321,#322),.UNSPECIFIED.,.F.,.F.,
  (2,2),(0.,1.570796326795),.PIECEWISE_BEZIER_KNOTS.);
#321 = CARTESIAN_POINT('',(0.,0.));
#322 = CARTESIAN_POINT('',(0.,1.570796326795));
#323 = ( GEOMETRIC_REPRESENTATION_CONTEXT(2) 
PARAMETRIC_REPRESENTATION_CONTEXT() REPRESENTATION_CONTEXT('2D SPACE',''
  ) );
#324 = ORIENTED_EDGE('',*,*,#134,.F.);
#325 = ADVANCED_FACE('',(#326),#94,.T.);
#326 = FACE_BOUND('',#327,.T.);
#327 = EDGE_LOOP('',(#328,#329,#330,#354,#382,#411,#439,#465,#491,#520,
    #546,#575,#601,#630,#656,#685,#711,#737,#760,#789));
#328 = ORIENTED_EDGE('',*,*,#221,.F.);
#329 = ORIENTED_EDGE('',*,*,#78,.T.);
#330 = ORIENTED_EDGE('',*,*,#331,.T.);
#331 = EDGE_CURVE('',#79,#332,#334,.T.);
#332 = VERTEX_POINT('',#333);
#333 = CARTESIAN_POINT('',(21.25,1.1,9.3));
#334 = SURFACE_CURVE('',#335,(#340,#347),.PCURVE_S1.);
#335 = CIRCLE('',#336,3.75);
#336 = AXIS2_PLACEMENT_3D('',#337,#338,#339);
#337 = CARTESIAN_POINT('',(17.5,1.1,9.3));
#338 = DIRECTION('',(0.,0.,1.));
#339 = DIRECTION('',(0.,-1.,0.));
#340 = PCURVE('',#94,#341);
#341 = DEFINITIONAL_REPRESENTATION('',(#342),#346);
#342 = CIRCLE('',#343,3.75);
#343 = AXIS2_PLACEMENT_2D('',#344,#345);
#344 = CARTESIAN_POINT('',(12.8,-9.45));
#345 = DIRECTION('',(0.,-1.));
#346 = ( GEOMETRIC_REPRESENTATION_CONTEXT(2) 
PARAMETRIC_REPRESENTATION_CONTEXT() REPRESENTATION_CONTEXT('2D SPACE',''
  ) );
#347 = PCURVE('',#122,#348);
#348 = DEFINITIONAL_REPRESENTATION('',(#349),#353);
#349 = LINE('',#350,#351);
#350 = CARTESIAN_POINT('',(0.,9.3));
#351 = VECTOR('',#352,1.);
#352 = DIRECTION('',(1.,0.));
#353 = ( GEOMETRIC_REPRESENTATION_CONTEXT(2) 
PARAMETRIC_REPRESENTATION_CONTEXT() REPRESENTATION_CONTEXT('2D SPACE',''
  ) );
#354 = ORIENTED_EDGE('',*,*,#355,.T.);
#355 = EDGE_CURVE('',#332,#356,#358,.T.);
#356 = VERTEX_POINT('',#357);
#357 = CARTESIAN_POINT('',(21.25,20.,9.3));
#358 = SURFACE_CURVE('',#359,(#363,#370),.PCURVE_S1.);
#359 = LINE('',#360,#361);
#360 = CARTESIAN_POINT('',(21.25,-2.65,9.3));
#361 = VECTOR('',#362,1.);
#362 = DIRECTION('',(0.,1.,0.));
#363 = PCURVE('',#94,#364);
#364 = DEFINITIONAL_REPRESENTATION('',(#365),#369);
#365 = LINE('',#366,#367);
#366 = CARTESIAN_POINT('',(16.55,-13.2));
#367 = VECTOR('',#368,1.);
#368 = DIRECTION('',(0.,1.));
#369 = ( GEOMETRIC_REPRESENTATION_CONTEXT(2) 
PARAMETRIC_REPRESENTATION_CONTEXT() REPRESENTATION_CONTEXT('2D SPACE',''
  ) );
#370 = PCURVE('',#371,#376);
#371 = PLANE('',#372);
#372 = AXIS2_PLACEMENT_3D('',#373,#374,#375);
#373 = CARTESIAN_POINT('',(21.25,-2.65,0.));
#374 = DIRECTION('',(-1.,0.,0.));
#375 = DIRECTION('',(0.,1.,0.));
#376 = DEFINITIONAL_REPRESENTATION('',(#377),#381);
#377 = LINE('',#378,#379);
#378 = CARTESIAN_POINT('',(0.,-9.3));
#379 = VECTOR('',#380,1.);
#380 = DIRECTION('',(1.,0.));
#381 = ( GEOMETRIC_REPRESENTATION_CONTEXT(2) 
PARAMETRIC_REPRESENTATION_CONTEXT() REPRESENTATION_CONTEXT('2D SPACE',''
  ) );
#382 = ORIENTED_EDGE('',*,*,#383,.T.);
#383 = EDGE_CURVE('',#356,#384,#386,.T.);
#384 = VERTEX_POINT('',#385);
#385 = CARTESIAN_POINT('',(17.5,23.75,9.3));
#386 = SURFACE_CURVE('',#387,(#392,#399),.PCURVE_S1.);
#387 = CIRCLE('',#388,3.75);
#388 = AXIS2_PLACEMENT_3D('',#389,#390,#391);
#389 = CARTESIAN_POINT('',(17.5,20.,9.3));
#390 = DIRECTION('',(0.,0.,1.));
#391 = DIRECTION('',(0.,-1.,0.));
#392 = PCURVE('',#94,#393);
#393 = DEFINITIONAL_REPRESENTATION('',(#394),#398);
#394 = CIRCLE('',#395,3.75);
#395 = AXIS2_PLACEMENT_2D('',#396,#397);
#396 = CARTESIAN_POINT('',(12.8,9.45));
#397 = DIRECTION('',(0.,-1.));
#398 = ( GEOMETRIC_REPRESENTATION_CONTEXT(2) 
PARAMETRIC_REPRESENTATION_CONTEXT() REPRESENTATION_CONTEXT('2D SPACE',''
  ) );
#399 = PCURVE('',#400,#405);
#400 = CYLINDRICAL_SURFACE('',#401,3.75);
#401 = AXIS2_PLACEMENT_3D('',#402,#403,#404);
#402 = CARTESIAN_POINT('',(17.5,20.,0.));
#403 = DIRECTION('',(0.,0.,1.));
#404 = DIRECTION('',(1.,0.,-0.));
#405 = DEFINITIONAL_REPRESENTATION('',(#406),#410);
#406 = LINE('',#407,#408);
#407 = CARTESIAN_POINT('',(-1.570796326795,9.3));
#408 = VECTOR('',#409,1.);
#409 = DIRECTION('',(1.,0.));
#410 = ( GEOMETRIC_REPRESENTATION_CONTEXT(2) 
PARAMETRIC_REPRESENTATION_CONTEXT() REPRESENTATION_CONTEXT('2D SPACE',''
  ) );
#411 = ORIENTED_EDGE('',*,*,#412,.T.);
#412 = EDGE_CURVE('',#384,#413,#415,.T.);
#413 = VERTEX_POINT('',#414);
#414 = CARTESIAN_POINT('',(15.4,23.75,9.3));
#415 = SURFACE_CURVE('',#416,(#420,#427),.PCURVE_S1.);
#416 = LINE('',#417,#418);
#417 = CARTESIAN_POINT('',(21.25,23.75,9.3));
#418 = VECTOR('',#419,1.);
#419 = DIRECTION('',(-1.,0.,0.));
#420 = PCURVE('',#94,#421);
#421 = DEFINITIONAL_REPRESENTATION('',(#422),#426);
#422 = LINE('',#423,#424);
#423 = CARTESIAN_POINT('',(16.55,13.2));
#424 = VECTOR('',#425,1.);
#425 = DIRECTION('',(-1.,0.));
#426 = ( GEOMETRIC_REPRESENTATION_CONTEXT(2) 
PARAMETRIC_REPRESENTATION_CONTEXT() REPRESENTATION_CONTEXT('2D SPACE',''
  ) );
#427 = PCURVE('',#428,#433);
#428 = PLANE('',#429);
#429 = AXIS2_PLACEMENT_3D('',#430,#431,#432);
#430 = CARTESIAN_POINT('',(21.25,23.75,0.));
#431 = DIRECTION('',(0.,-1.,0.));
#432 = DIRECTION('',(-1.,0.,0.));
#433 = DEFINITIONAL_REPRESENTATION('',(#434),#438);
#434 = LINE('',#435,#436);
#435 = CARTESIAN_POINT('',(0.,-9.3));
#436 = VECTOR('',#437,1.);
#437 = DIRECTION('',(1.,0.));
#438 = ( GEOMETRIC_REPRESENTATION_CONTEXT(2) 
PARAMETRIC_REPRESENTATION_CONTEXT() REPRESENTATION_CONTEXT('2D SPACE',''
  ) );
#439 = ORIENTED_EDGE('',*,*,#440,.T.);
#440 = EDGE_CURVE('',#413,#441,#443,.T.);
#441 = VERTEX_POINT('',#442);
#442 = CARTESIAN_POINT('',(15.4,22.75,9.3));
#443 = SURFACE_CURVE('',#444,(#448,#454),.PCURVE_S1.);
#444 = LINE('',#445,#446);
#445 = CARTESIAN_POINT('',(15.4,16.55,9.3));
#446 = VECTOR('',#447,1.);
#447 = DIRECTION('',(0.,-1.,0.));
#448 = PCURVE('',#94,#449);
#449 = DEFINITIONAL_REPRESENTATION('',(#450),#453);
#450 = B_SPLINE_CURVE_WITH_KNOTS('',1,(#451,#452),.UNSPECIFIED.,.F.,.F.,
  (2,2),(-7.2,-6.),.PIECEWISE_BEZIER_KNOTS.);
#451 = CARTESIAN_POINT('',(10.7,13.2));
#452 = CARTESIAN_POINT('',(10.7,12.));
#453 = ( GEOMETRIC_REPRESENTATION_CONTEXT(2) 
PARAMETRIC_REPRESENTATION_CONTEXT() REPRESENTATION_CONTEXT('2D SPACE',''
  ) );
#454 = PCURVE('',#455,#460);
#455 = PLANE('',#456);
#456 = AXIS2_PLACEMENT_3D('',#457,#458,#459);
#457 = CARTESIAN_POINT('',(15.4,22.55,6.9));
#458 = DIRECTION('',(-1.,0.,0.));
#459 = DIRECTION('',(0.,1.,0.));
#460 = DEFINITIONAL_REPRESENTATION('',(#461),#464);
#461 = B_SPLINE_CURVE_WITH_KNOTS('',1,(#462,#463),.UNSPECIFIED.,.F.,.F.,
  (2,2),(-7.2,-6.),.PIECEWISE_BEZIER_KNOTS.);
#462 = CARTESIAN_POINT('',(1.2,-2.4));
#463 = CARTESIAN_POINT('',(0.,-2.4));
#464 = ( GEOMETRIC_REPRESENTATION_CONTEXT(2) 
PARAMETRIC_REPRESENTATION_CONTEXT() REPRESENTATION_CONTEXT('2D SPACE',''
  ) );
#465 = ORIENTED_EDGE('',*,*,#466,.T.);
#466 = EDGE_CURVE('',#441,#467,#469,.T.);
#467 = VERTEX_POINT('',#468);
#468 = CARTESIAN_POINT('',(17.5,22.75,9.3));
#469 = SURFACE_CURVE('',#470,(#474,#480),.PCURVE_S1.);
#470 = LINE('',#471,#472);
#471 = CARTESIAN_POINT('',(12.475,22.75,9.3));
#472 = VECTOR('',#473,1.);
#473 = DIRECTION('',(1.,0.,-0.));
#474 = PCURVE('',#94,#475);
#475 = DEFINITIONAL_REPRESENTATION('',(#476),#479);
#476 = B_SPLINE_CURVE_WITH_KNOTS('',1,(#477,#478),.UNSPECIFIED.,.F.,.F.,
  (2,2),(-20.575,5.025),.PIECEWISE_BEZIER_KNOTS.);
#477 = CARTESIAN_POINT('',(-12.8,12.2));
#478 = CARTESIAN_POINT('',(12.8,12.2));
#479 = ( GEOMETRIC_REPRESENTATION_CONTEXT(2) 
PARAMETRIC_REPRESENTATION_CONTEXT() REPRESENTATION_CONTEXT('2D SPACE',''
  ) );
#480 = PCURVE('',#481,#486);
#481 = PLANE('',#482);
#482 = AXIS2_PLACEMENT_3D('',#483,#484,#485);
#483 = CARTESIAN_POINT('',(20.25,22.75,7.8));
#484 = DIRECTION('',(0.,-1.,0.));
#485 = DIRECTION('',(-1.,0.,0.));
#486 = DEFINITIONAL_REPRESENTATION('',(#487),#490);
#487 = B_SPLINE_CURVE_WITH_KNOTS('',1,(#488,#489),.UNSPECIFIED.,.F.,.F.,
  (2,2),(-20.575,5.025),.PIECEWISE_BEZIER_KNOTS.);
#488 = CARTESIAN_POINT('',(28.35,-1.5));
#489 = CARTESIAN_POINT('',(2.75,-1.5));
#490 = ( GEOMETRIC_REPRESENTATION_CONTEXT(2) 
PARAMETRIC_REPRESENTATION_CONTEXT() REPRESENTATION_CONTEXT('2D SPACE',''
  ) );
#491 = ORIENTED_EDGE('',*,*,#492,.F.);
#492 = EDGE_CURVE('',#493,#467,#495,.T.);
#493 = VERTEX_POINT('',#494);
#494 = CARTESIAN_POINT('',(20.25,20.,9.3));
#495 = SURFACE_CURVE('',#496,(#501,#508),.PCURVE_S1.);
#496 = CIRCLE('',#497,2.75);
#497 = AXIS2_PLACEMENT_3D('',#498,#499,#500);
#498 = CARTESIAN_POINT('',(17.5,20.,9.3));
#499 = DIRECTION('',(0.,0.,1.));
#500 = DIRECTION('',(1.,0.,-0.));
#501 = PCURVE('',#94,#502);
#502 = DEFINITIONAL_REPRESENTATION('',(#503),#507);
#503 = CIRCLE('',#504,2.75);
#504 = AXIS2_PLACEMENT_2D('',#505,#506);
#505 = CARTESIAN_POINT('',(12.8,9.45));
#506 = DIRECTION('',(1.,0.));
#507 = ( GEOMETRIC_REPRESENTATION_CONTEXT(2) 
PARAMETRIC_REPRESENTATION_CONTEXT() REPRESENTATION_CONTEXT('2D SPACE',''
  ) );
#508 = PCURVE('',#509,#514);
#509 = CYLINDRICAL_SURFACE('',#510,2.75);
#510 = AXIS2_PLACEMENT_3D('',#511,#512,#513);
#511 = CARTESIAN_POINT('',(17.5,20.,7.8));
#512 = DIRECTION('',(0.,0.,1.));
#513 = DIRECTION('',(1.,0.,-0.));
#514 = DEFINITIONAL_REPRESENTATION('',(#515),#519);
#515 = LINE('',#516,#517);
#516 = CARTESIAN_POINT('',(0.,1.5));
#517 = VECTOR('',#518,1.);
#518 = DIRECTION('',(1.,0.));
#519 = ( GEOMETRIC_REPRESENTATION_CONTEXT(2) 
PARAMETRIC_REPRESENTATION_CONTEXT() REPRESENTATION_CONTEXT('2D SPACE',''
  ) );
#520 = ORIENTED_EDGE('',*,*,#521,.T.);
#521 = EDGE_CURVE('',#493,#522,#524,.T.);
#522 = VERTEX_POINT('',#523);
#523 = CARTESIAN_POINT('',(20.25,1.1,9.3));
#524 = SURFACE_CURVE('',#525,(#529,#535),.PCURVE_S1.);
#525 = LINE('',#526,#527);
#526 = CARTESIAN_POINT('',(20.25,4.45,9.3));
#527 = VECTOR('',#528,1.);
#528 = DIRECTION('',(0.,-1.,0.));
#529 = PCURVE('',#94,#530);
#530 = DEFINITIONAL_REPRESENTATION('',(#531),#534);
#531 = B_SPLINE_CURVE_WITH_KNOTS('',1,(#532,#533),.UNSPECIFIED.,.F.,.F.,
  (2,2),(-15.55,3.35),.PIECEWISE_BEZIER_KNOTS.);
#532 = CARTESIAN_POINT('',(15.55,9.45));
#533 = CARTESIAN_POINT('',(15.55,-9.45));
#534 = ( GEOMETRIC_REPRESENTATION_CONTEXT(2) 
PARAMETRIC_REPRESENTATION_CONTEXT() REPRESENTATION_CONTEXT('2D SPACE',''
  ) );
#535 = PCURVE('',#536,#541);
#536 = PLANE('',#537);
#537 = AXIS2_PLACEMENT_3D('',#538,#539,#540);
#538 = CARTESIAN_POINT('',(20.25,-1.65,7.8));
#539 = DIRECTION('',(-1.,0.,0.));
#540 = DIRECTION('',(0.,1.,0.));
#541 = DEFINITIONAL_REPRESENTATION('',(#542),#545);
#542 = B_SPLINE_CURVE_WITH_KNOTS('',1,(#543,#544),.UNSPECIFIED.,.F.,.F.,
  (2,2),(-15.55,3.35),.PIECEWISE_BEZIER_KNOTS.);
#543 = CARTESIAN_POINT('',(21.65,-1.5));
#544 = CARTESIAN_POINT('',(2.75,-1.5));
#545 = ( GEOMETRIC_REPRESENTATION_CONTEXT(2) 
PARAMETRIC_REPRESENTATION_CONTEXT() REPRESENTATION_CONTEXT('2D SPACE',''
  ) );
#546 = ORIENTED_EDGE('',*,*,#547,.F.);
#547 = EDGE_CURVE('',#548,#522,#550,.T.);
#548 = VERTEX_POINT('',#549);
#549 = CARTESIAN_POINT('',(17.5,-1.65,9.3));
#550 = SURFACE_CURVE('',#551,(#556,#563),.PCURVE_S1.);
#551 = CIRCLE('',#552,2.75);
#552 = AXIS2_PLACEMENT_3D('',#553,#554,#555);
#553 = CARTESIAN_POINT('',(17.5,1.1,9.3));
#554 = DIRECTION('',(0.,0.,1.));
#555 = DIRECTION('',(0.,-1.,0.));
#556 = PCURVE('',#94,#557);
#557 = DEFINITIONAL_REPRESENTATION('',(#558),#562);
#558 = CIRCLE('',#559,2.75);
#559 = AXIS2_PLACEMENT_2D('',#560,#561);
#560 = CARTESIAN_POINT('',(12.8,-9.45));
#561 = DIRECTION('',(0.,-1.));
#562 = ( GEOMETRIC_REPRESENTATION_CONTEXT(2) 
PARAMETRIC_REPRESENTATION_CONTEXT() REPRESENTATION_CONTEXT('2D SPACE',''
  ) );
#563 = PCURVE('',#564,#569);
#564 = CYLINDRICAL_SURFACE('',#565,2.75);
#565 = AXIS2_PLACEMENT_3D('',#566,#567,#568);
#566 = CARTESIAN_POINT('',(17.5,1.1,7.8));
#567 = DIRECTION('',(0.,0.,1.));
#568 = DIRECTION('',(0.,-1.,0.));
#569 = DEFINITIONAL_REPRESENTATION('',(#570),#574);
#570 = LINE('',#571,#572);
#571 = CARTESIAN_POINT('',(0.,1.5));
#572 = VECTOR('',#573,1.);
#573 = DIRECTION('',(1.,0.));
#574 = ( GEOMETRIC_REPRESENTATION_CONTEXT(2) 
PARAMETRIC_REPRESENTATION_CONTEXT() REPRESENTATION_CONTEXT('2D SPACE',''
  ) );
#575 = ORIENTED_EDGE('',*,*,#576,.T.);
#576 = EDGE_CURVE('',#548,#577,#579,.T.);
#577 = VERTEX_POINT('',#578);
#578 = CARTESIAN_POINT('',(-8.1,-1.65,9.3));
#579 = SURFACE_CURVE('',#580,(#584,#590),.PCURVE_S1.);
#580 = LINE('',#581,#582);
#581 = CARTESIAN_POINT('',(-3.075,-1.65,9.3));
#582 = VECTOR('',#583,1.);
#583 = DIRECTION('',(-1.,0.,0.));
#584 = PCURVE('',#94,#585);
#585 = DEFINITIONAL_REPRESENTATION('',(#586),#589);
#586 = B_SPLINE_CURVE_WITH_KNOTS('',1,(#587,#588),.UNSPECIFIED.,.F.,.F.,
  (2,2),(-20.575,5.025),.PIECEWISE_BEZIER_KNOTS.);
#587 = CARTESIAN_POINT('',(12.8,-12.2));
#588 = CARTESIAN_POINT('',(-12.8,-12.2));
#589 = ( GEOMETRIC_REPRESENTATION_CONTEXT(2) 
PARAMETRIC_REPRESENTATION_CONTEXT() REPRESENTATION_CONTEXT('2D SPACE',''
  ) );
#590 = PCURVE('',#591,#596);
#591 = PLANE('',#592);
#592 = AXIS2_PLACEMENT_3D('',#593,#594,#595);
#593 = CARTESIAN_POINT('',(-10.85,-1.65,7.8));
#594 = DIRECTION('',(0.,1.,0.));
#595 = DIRECTION('',(1.,0.,0.));
#596 = DEFINITIONAL_REPRESENTATION('',(#597),#600);
#597 = B_SPLINE_CURVE_WITH_KNOTS('',1,(#598,#599),.UNSPECIFIED.,.F.,.F.,
  (2,2),(-20.575,5.025),.PIECEWISE_BEZIER_KNOTS.);
#598 = CARTESIAN_POINT('',(28.35,-1.5));
#599 = CARTESIAN_POINT('',(2.75,-1.5));
#600 = ( GEOMETRIC_REPRESENTATION_CONTEXT(2) 
PARAMETRIC_REPRESENTATION_CONTEXT() REPRESENTATION_CONTEXT('2D SPACE',''
  ) );
#601 = ORIENTED_EDGE('',*,*,#602,.F.);
#602 = EDGE_CURVE('',#603,#577,#605,.T.);
#603 = VERTEX_POINT('',#604);
#604 = CARTESIAN_POINT('',(-10.85,1.1,9.3));
#605 = SURFACE_CURVE('',#606,(#611,#618),.PCURVE_S1.);
#606 = CIRCLE('',#607,2.75);
#607 = AXIS2_PLACEMENT_3D('',#608,#609,#610);
#608 = CARTESIAN_POINT('',(-8.1,1.1,9.3));
#609 = DIRECTION('',(0.,0.,1.));
#610 = DIRECTION('',(0.,-1.,0.));
#611 = PCURVE('',#94,#612);
#612 = DEFINITIONAL_REPRESENTATION('',(#613),#617);
#613 = CIRCLE('',#614,2.75);
#614 = AXIS2_PLACEMENT_2D('',#615,#616);
#615 = CARTESIAN_POINT('',(-12.8,-9.45));
#616 = DIRECTION('',(0.,-1.));
#617 = ( GEOMETRIC_REPRESENTATION_CONTEXT(2) 
PARAMETRIC_REPRESENTATION_CONTEXT() REPRESENTATION_CONTEXT('2D SPACE',''
  ) );
#618 = PCURVE('',#619,#624);
#619 = CYLINDRICAL_SURFACE('',#620,2.75);
#620 = AXIS2_PLACEMENT_3D('',#621,#622,#623);
#621 = CARTESIAN_POINT('',(-8.1,1.1,7.8));
#622 = DIRECTION('',(0.,0.,1.));
#623 = DIRECTION('',(0.,-1.,0.));
#624 = DEFINITIONAL_REPRESENTATION('',(#625),#629);
#625 = LINE('',#626,#627);
#626 = CARTESIAN_POINT('',(-6.28318530718,1.5));
#627 = VECTOR('',#628,1.);
#628 = DIRECTION('',(1.,-0.));
#629 = ( GEOMETRIC_REPRESENTATION_CONTEXT(2) 
PARAMETRIC_REPRESENTATION_CONTEXT() REPRESENTATION_CONTEXT('2D SPACE',''
  ) );
#630 = ORIENTED_EDGE('',*,*,#631,.T.);
#631 = EDGE_CURVE('',#603,#632,#634,.T.);
#632 = VERTEX_POINT('',#633);
#633 = CARTESIAN_POINT('',(-10.85,20.,9.3));
#634 = SURFACE_CURVE('',#635,(#639,#645),.PCURVE_S1.);
#635 = LINE('',#636,#637);
#636 = CARTESIAN_POINT('',(-10.85,16.65,9.3));
#637 = VECTOR('',#638,1.);
#638 = DIRECTION('',(-0.,1.,0.));
#639 = PCURVE('',#94,#640);
#640 = DEFINITIONAL_REPRESENTATION('',(#641),#644);
#641 = B_SPLINE_CURVE_WITH_KNOTS('',1,(#642,#643),.UNSPECIFIED.,.F.,.F.,
  (2,2),(-15.55,3.35),.PIECEWISE_BEZIER_KNOTS.);
#642 = CARTESIAN_POINT('',(-15.55,-9.45));
#643 = CARTESIAN_POINT('',(-15.55,9.45));
#644 = ( GEOMETRIC_REPRESENTATION_CONTEXT(2) 
PARAMETRIC_REPRESENTATION_CONTEXT() REPRESENTATION_CONTEXT('2D SPACE',''
  ) );
#645 = PCURVE('',#646,#651);
#646 = PLANE('',#647);
#647 = AXIS2_PLACEMENT_3D('',#648,#649,#650);
#648 = CARTESIAN_POINT('',(-10.85,22.75,7.8));
#649 = DIRECTION('',(1.,0.,-0.));
#650 = DIRECTION('',(0.,-1.,0.));
#651 = DEFINITIONAL_REPRESENTATION('',(#652),#655);
#652 = B_SPLINE_CURVE_WITH_KNOTS('',1,(#653,#654),.UNSPECIFIED.,.F.,.F.,
  (2,2),(-15.55,3.35),.PIECEWISE_BEZIER_KNOTS.);
#653 = CARTESIAN_POINT('',(21.65,-1.5));
#654 = CARTESIAN_POINT('',(2.75,-1.5));
#655 = ( GEOMETRIC_REPRESENTATION_CONTEXT(2) 
PARAMETRIC_REPRESENTATION_CONTEXT() REPRESENTATION_CONTEXT('2D SPACE',''
  ) );
#656 = ORIENTED_EDGE('',*,*,#657,.F.);
#657 = EDGE_CURVE('',#658,#632,#660,.T.);
#658 = VERTEX_POINT('',#659);
#659 = CARTESIAN_POINT('',(-8.1,22.75,9.3));
#660 = SURFACE_CURVE('',#661,(#666,#673),.PCURVE_S1.);
#661 = CIRCLE('',#662,2.75);
#662 = AXIS2_PLACEMENT_3D('',#663,#664,#665);
#663 = CARTESIAN_POINT('',(-8.1,20.,9.3));
#664 = DIRECTION('',(0.,0.,1.));
#665 = DIRECTION('',(-0.,1.,0.));
#666 = PCURVE('',#94,#667);
#667 = DEFINITIONAL_REPRESENTATION('',(#668),#672);
#668 = CIRCLE('',#669,2.75);
#669 = AXIS2_PLACEMENT_2D('',#670,#671);
#670 = CARTESIAN_POINT('',(-12.8,9.45));
#671 = DIRECTION('',(0.,1.));
#672 = ( GEOMETRIC_REPRESENTATION_CONTEXT(2) 
PARAMETRIC_REPRESENTATION_CONTEXT() REPRESENTATION_CONTEXT('2D SPACE',''
  ) );
#673 = PCURVE('',#674,#679);
#674 = CYLINDRICAL_SURFACE('',#675,2.75);
#675 = AXIS2_PLACEMENT_3D('',#676,#677,#678);
#676 = CARTESIAN_POINT('',(-8.1,20.,7.8));
#677 = DIRECTION('',(0.,0.,1.));
#678 = DIRECTION('',(-0.,1.,0.));
#679 = DEFINITIONAL_REPRESENTATION('',(#680),#684);
#680 = LINE('',#681,#682);
#681 = CARTESIAN_POINT('',(0.,1.5));
#682 = VECTOR('',#683,1.);
#683 = DIRECTION('',(1.,0.));
#684 = ( GEOMETRIC_REPRESENTATION_CONTEXT(2) 
PARAMETRIC_REPRESENTATION_CONTEXT() REPRESENTATION_CONTEXT('2D SPACE',''
  ) );
#685 = ORIENTED_EDGE('',*,*,#686,.T.);
#686 = EDGE_CURVE('',#658,#687,#689,.T.);
#687 = VERTEX_POINT('',#688);
#688 = CARTESIAN_POINT('',(2.4,22.75,9.3));
#689 = SURFACE_CURVE('',#690,(#694,#700),.PCURVE_S1.);
#690 = LINE('',#691,#692);
#691 = CARTESIAN_POINT('',(12.475,22.75,9.3));
#692 = VECTOR('',#693,1.);
#693 = DIRECTION('',(1.,0.,-0.));
#694 = PCURVE('',#94,#695);
#695 = DEFINITIONAL_REPRESENTATION('',(#696),#699);
#696 = B_SPLINE_CURVE_WITH_KNOTS('',1,(#697,#698),.UNSPECIFIED.,.F.,.F.,
  (2,2),(-20.575,5.025),.PIECEWISE_BEZIER_KNOTS.);
#697 = CARTESIAN_POINT('',(-12.8,12.2));
#698 = CARTESIAN_POINT('',(12.8,12.2));
#699 = ( GEOMETRIC_REPRESENTATION_CONTEXT(2) 
PARAMETRIC_REPRESENTATION_CONTEXT() REPRESENTATION_CONTEXT('2D SPACE',''
  ) );
#700 = PCURVE('',#701,#706);
#701 = PLANE('',#702);
#702 = AXIS2_PLACEMENT_3D('',#703,#704,#705);
#703 = CARTESIAN_POINT('',(20.25,22.75,7.8));
#704 = DIRECTION('',(0.,-1.,0.));
#705 = DIRECTION('',(-1.,0.,0.));
#706 = DEFINITIONAL_REPRESENTATION('',(#707),#710);
#707 = B_SPLINE_CURVE_WITH_KNOTS('',1,(#708,#709),.UNSPECIFIED.,.F.,.F.,
  (2,2),(-20.575,5.025),.PIECEWISE_BEZIER_KNOTS.);
#708 = CARTESIAN_POINT('',(28.35,-1.5));
#709 = CARTESIAN_POINT('',(2.75,-1.5));
#710 = ( GEOMETRIC_REPRESENTATION_CONTEXT(2) 
PARAMETRIC_REPRESENTATION_CONTEXT() REPRESENTATION_CONTEXT('2D SPACE',''
  ) );
#711 = ORIENTED_EDGE('',*,*,#712,.T.);
#712 = EDGE_CURVE('',#687,#713,#715,.T.);
#713 = VERTEX_POINT('',#714);
#714 = CARTESIAN_POINT('',(2.4,23.75,9.3));
#715 = SURFACE_CURVE('',#716,(#720,#726),.PCURVE_S1.);
#716 = LINE('',#717,#718);
#717 = CARTESIAN_POINT('',(2.4,17.65,9.3));
#718 = VECTOR('',#719,1.);
#719 = DIRECTION('',(-0.,1.,0.));
#720 = PCURVE('',#94,#721);
#721 = DEFINITIONAL_REPRESENTATION('',(#722),#725);
#722 = B_SPLINE_CURVE_WITH_KNOTS('',1,(#723,#724),.UNSPECIFIED.,.F.,.F.,
  (2,2),(4.9,6.1),.PIECEWISE_BEZIER_KNOTS.);
#723 = CARTESIAN_POINT('',(-2.3,12.));
#724 = CARTESIAN_POINT('',(-2.3,13.2));
#725 = ( GEOMETRIC_REPRESENTATION_CONTEXT(2) 
PARAMETRIC_REPRESENTATION_CONTEXT() REPRESENTATION_CONTEXT('2D SPACE',''
  ) );
#726 = PCURVE('',#727,#732);
#727 = PLANE('',#728);
#728 = AXIS2_PLACEMENT_3D('',#729,#730,#731);
#729 = CARTESIAN_POINT('',(2.4,24.75,6.9));
#730 = DIRECTION('',(1.,0.,-0.));
#731 = DIRECTION('',(0.,-1.,0.));
#732 = DEFINITIONAL_REPRESENTATION('',(#733),#736);
#733 = B_SPLINE_CURVE_WITH_KNOTS('',1,(#734,#735),.UNSPECIFIED.,.F.,.F.,
  (2,2),(4.9,6.1),.PIECEWISE_BEZIER_KNOTS.);
#734 = CARTESIAN_POINT('',(2.2,-2.4));
#735 = CARTESIAN_POINT('',(1.,-2.4));
#736 = ( GEOMETRIC_REPRESENTATION_CONTEXT(2) 
PARAMETRIC_REPRESENTATION_CONTEXT() REPRESENTATION_CONTEXT('2D SPACE',''
  ) );
#737 = ORIENTED_EDGE('',*,*,#738,.T.);
#738 = EDGE_CURVE('',#713,#739,#741,.T.);
#739 = VERTEX_POINT('',#740);
#740 = CARTESIAN_POINT('',(-8.1,23.75,9.3));
#741 = SURFACE_CURVE('',#742,(#746,#753),.PCURVE_S1.);
#742 = LINE('',#743,#744);
#743 = CARTESIAN_POINT('',(21.25,23.75,9.3));
#744 = VECTOR('',#745,1.);
#745 = DIRECTION('',(-1.,0.,0.));
#746 = PCURVE('',#94,#747);
#747 = DEFINITIONAL_REPRESENTATION('',(#748),#752);
#748 = LINE('',#749,#750);
#749 = CARTESIAN_POINT('',(16.55,13.2));
#750 = VECTOR('',#751,1.);
#751 = DIRECTION('',(-1.,0.));
#752 = ( GEOMETRIC_REPRESENTATION_CONTEXT(2) 
PARAMETRIC_REPRESENTATION_CONTEXT() REPRESENTATION_CONTEXT('2D SPACE',''
  ) );
#753 = PCURVE('',#428,#754);
#754 = DEFINITIONAL_REPRESENTATION('',(#755),#759);
#755 = LINE('',#756,#757);
#756 = CARTESIAN_POINT('',(0.,-9.3));
#757 = VECTOR('',#758,1.);
#758 = DIRECTION('',(1.,0.));
#759 = ( GEOMETRIC_REPRESENTATION_CONTEXT(2) 
PARAMETRIC_REPRESENTATION_CONTEXT() REPRESENTATION_CONTEXT('2D SPACE',''
  ) );
#760 = ORIENTED_EDGE('',*,*,#761,.T.);
#761 = EDGE_CURVE('',#739,#762,#764,.T.);
#762 = VERTEX_POINT('',#763);
#763 = CARTESIAN_POINT('',(-11.85,20.,9.3));
#764 = SURFACE_CURVE('',#765,(#770,#777),.PCURVE_S1.);
#765 = CIRCLE('',#766,3.75);
#766 = AXIS2_PLACEMENT_3D('',#767,#768,#769);
#767 = CARTESIAN_POINT('',(-8.1,20.,9.3));
#768 = DIRECTION('',(0.,0.,1.));
#769 = DIRECTION('',(0.,-1.,0.));
#770 = PCURVE('',#94,#771);
#771 = DEFINITIONAL_REPRESENTATION('',(#772),#776);
#772 = CIRCLE('',#773,3.75);
#773 = AXIS2_PLACEMENT_2D('',#774,#775);
#774 = CARTESIAN_POINT('',(-12.8,9.45));
#775 = DIRECTION('',(0.,-1.));
#776 = ( GEOMETRIC_REPRESENTATION_CONTEXT(2) 
PARAMETRIC_REPRESENTATION_CONTEXT() REPRESENTATION_CONTEXT('2D SPACE',''
  ) );
#777 = PCURVE('',#778,#783);
#778 = CYLINDRICAL_SURFACE('',#779,3.75);
#779 = AXIS2_PLACEMENT_3D('',#780,#781,#782);
#780 = CARTESIAN_POINT('',(-8.1,20.,0.));
#781 = DIRECTION('',(0.,0.,1.));
#782 = DIRECTION('',(-0.,1.,0.));
#783 = DEFINITIONAL_REPRESENTATION('',(#784),#788);
#784 = LINE('',#785,#786);
#785 = CARTESIAN_POINT('',(-3.14159265359,9.3));
#786 = VECTOR('',#787,1.);
#787 = DIRECTION('',(1.,0.));
#788 = ( GEOMETRIC_REPRESENTATION_CONTEXT(2) 
PARAMETRIC_REPRESENTATION_CONTEXT() REPRESENTATION_CONTEXT('2D SPACE',''
  ) );
#789 = ORIENTED_EDGE('',*,*,#790,.T.);
#790 = EDGE_CURVE('',#762,#194,#791,.T.);
#791 = SURFACE_CURVE('',#792,(#796,#803),.PCURVE_S1.);
#792 = LINE('',#793,#794);
#793 = CARTESIAN_POINT('',(-11.85,23.75,9.3));
#794 = VECTOR('',#795,1.);
#795 = DIRECTION('',(0.,-1.,0.));
#796 = PCURVE('',#94,#797);
#797 = DEFINITIONAL_REPRESENTATION('',(#798),#802);
#798 = LINE('',#799,#800);
#799 = CARTESIAN_POINT('',(-16.55,13.2));
#800 = VECTOR('',#801,1.);
#801 = DIRECTION('',(0.,-1.));
#802 = ( GEOMETRIC_REPRESENTATION_CONTEXT(2) 
PARAMETRIC_REPRESENTATION_CONTEXT() REPRESENTATION_CONTEXT('2D SPACE',''
  ) );
#803 = PCURVE('',#209,#804);
#804 = DEFINITIONAL_REPRESENTATION('',(#805),#809);
#805 = LINE('',#806,#807);
#806 = CARTESIAN_POINT('',(0.,-9.3));
#807 = VECTOR('',#808,1.);
#808 = DIRECTION('',(1.,0.));
#809 = ( GEOMETRIC_REPRESENTATION_CONTEXT(2) 
PARAMETRIC_REPRESENTATION_CONTEXT() REPRESENTATION_CONTEXT('2D SPACE',''
  ) );
#810 = ADVANCED_FACE('',(#811),#122,.T.);
#811 = FACE_BOUND('',#812,.T.);
#812 = EDGE_LOOP('',(#813,#814,#838,#859));
#813 = ORIENTED_EDGE('',*,*,#106,.F.);
#814 = ORIENTED_EDGE('',*,*,#815,.T.);
#815 = EDGE_CURVE('',#107,#816,#818,.T.);
#816 = VERTEX_POINT('',#817);
#817 = CARTESIAN_POINT('',(21.25,1.1,1.5));
#818 = SURFACE_CURVE('',#819,(#824,#831),.PCURVE_S1.);
#819 = CIRCLE('',#820,3.75);
#820 = AXIS2_PLACEMENT_3D('',#821,#822,#823);
#821 = CARTESIAN_POINT('',(17.5,1.1,1.5));
#822 = DIRECTION('',(0.,0.,1.));
#823 = DIRECTION('',(0.,-1.,0.));
#824 = PCURVE('',#122,#825);
#825 = DEFINITIONAL_REPRESENTATION('',(#826),#830);
#826 = LINE('',#827,#828);
#827 = CARTESIAN_POINT('',(0.,1.5));
#828 = VECTOR('',#829,1.);
#829 = DIRECTION('',(1.,0.));
#830 = ( GEOMETRIC_REPRESENTATION_CONTEXT(2) 
PARAMETRIC_REPRESENTATION_CONTEXT() REPRESENTATION_CONTEXT('2D SPACE',''
  ) );
#831 = PCURVE('',#314,#832);
#832 = DEFINITIONAL_REPRESENTATION('',(#833),#837);
#833 = LINE('',#834,#835);
#834 = CARTESIAN_POINT('',(-0.,0.));
#835 = VECTOR('',#836,1.);
#836 = DIRECTION('',(-1.,0.));
#837 = ( GEOMETRIC_REPRESENTATION_CONTEXT(2) 
PARAMETRIC_REPRESENTATION_CONTEXT() REPRESENTATION_CONTEXT('2D SPACE',''
  ) );
#838 = ORIENTED_EDGE('',*,*,#839,.T.);
#839 = EDGE_CURVE('',#816,#332,#840,.T.);
#840 = SURFACE_CURVE('',#841,(#845,#852),.PCURVE_S1.);
#841 = LINE('',#842,#843);
#842 = CARTESIAN_POINT('',(21.25,1.1,0.));
#843 = VECTOR('',#844,1.);
#844 = DIRECTION('',(0.,0.,1.));
#845 = PCURVE('',#122,#846);
#846 = DEFINITIONAL_REPRESENTATION('',(#847),#851);
#847 = LINE('',#848,#849);
#848 = CARTESIAN_POINT('',(1.570796326795,0.));
#849 = VECTOR('',#850,1.);
#850 = DIRECTION('',(0.,1.));
#851 = ( GEOMETRIC_REPRESENTATION_CONTEXT(2) 
PARAMETRIC_REPRESENTATION_CONTEXT() REPRESENTATION_CONTEXT('2D SPACE',''
  ) );
#852 = PCURVE('',#371,#853);
#853 = DEFINITIONAL_REPRESENTATION('',(#854),#858);
#854 = LINE('',#855,#856);
#855 = CARTESIAN_POINT('',(3.75,0.));
#856 = VECTOR('',#857,1.);
#857 = DIRECTION('',(0.,-1.));
#858 = ( GEOMETRIC_REPRESENTATION_CONTEXT(2) 
PARAMETRIC_REPRESENTATION_CONTEXT() REPRESENTATION_CONTEXT('2D SPACE',''
  ) );
#859 = ORIENTED_EDGE('',*,*,#331,.F.);
#860 = ADVANCED_FACE('',(#861),#181,.T.);
#861 = FACE_BOUND('',#862,.F.);
#862 = EDGE_LOOP('',(#863,#890,#891,#892));
#863 = ORIENTED_EDGE('',*,*,#864,.F.);
#864 = EDGE_CURVE('',#165,#865,#867,.T.);
#865 = VERTEX_POINT('',#866);
#866 = CARTESIAN_POINT('',(-10.35,1.1,-2.22044604925E-16));
#867 = SURFACE_CURVE('',#868,(#873,#879),.PCURVE_S1.);
#868 = CIRCLE('',#869,1.5);
#869 = AXIS2_PLACEMENT_3D('',#870,#871,#872);
#870 = CARTESIAN_POINT('',(-10.35,1.1,1.5));
#871 = DIRECTION('',(0.,-1.,0.));
#872 = DIRECTION('',(-1.,0.,0.));
#873 = PCURVE('',#181,#874);
#874 = DEFINITIONAL_REPRESENTATION('',(#875),#878);
#875 = B_SPLINE_CURVE_WITH_KNOTS('',1,(#876,#877),.UNSPECIFIED.,.F.,.F.,
  (2,2),(0.,1.570796326795),.PIECEWISE_BEZIER_KNOTS.);
#876 = CARTESIAN_POINT('',(0.,0.));
#877 = CARTESIAN_POINT('',(0.,1.570796326795));
#878 = ( GEOMETRIC_REPRESENTATION_CONTEXT(2) 
PARAMETRIC_REPRESENTATION_CONTEXT() REPRESENTATION_CONTEXT('2D SPACE',''
  ) );
#879 = PCURVE('',#880,#885);
#880 = CYLINDRICAL_SURFACE('',#881,1.5);
#881 = AXIS2_PLACEMENT_3D('',#882,#883,#884);
#882 = CARTESIAN_POINT('',(-10.35,20.,1.5));
#883 = DIRECTION('',(0.,-1.,0.));
#884 = DIRECTION('',(-1.,-0.,0.));
#885 = DEFINITIONAL_REPRESENTATION('',(#886),#889);
#886 = B_SPLINE_CURVE_WITH_KNOTS('',1,(#887,#888),.UNSPECIFIED.,.F.,.F.,
  (2,2),(0.,1.570796326795),.PIECEWISE_BEZIER_KNOTS.);
#887 = CARTESIAN_POINT('',(0.,18.9));
#888 = CARTESIAN_POINT('',(1.570796326795,18.9));
#889 = ( GEOMETRIC_REPRESENTATION_CONTEXT(2) 
PARAMETRIC_REPRESENTATION_CONTEXT() REPRESENTATION_CONTEXT('2D SPACE',''
  ) );
#890 = ORIENTED_EDGE('',*,*,#164,.T.);
#891 = ORIENTED_EDGE('',*,*,#250,.T.);
#892 = ORIENTED_EDGE('',*,*,#893,.F.);
#893 = EDGE_CURVE('',#865,#251,#894,.T.);
#894 = SURFACE_CURVE('',#895,(#900,#907),.PCURVE_S1.);
#895 = CIRCLE('',#896,2.25);
#896 = AXIS2_PLACEMENT_3D('',#897,#898,#899);
#897 = CARTESIAN_POINT('',(-8.1,1.1,0.));
#898 = DIRECTION('',(0.,0.,1.));
#899 = DIRECTION('',(-1.,-2.960594732334E-16,0.));
#900 = PCURVE('',#181,#901);
#901 = DEFINITIONAL_REPRESENTATION('',(#902),#906);
#902 = LINE('',#903,#904);
#903 = CARTESIAN_POINT('',(-0.,1.570796326795));
#904 = VECTOR('',#905,1.);
#905 = DIRECTION('',(-1.,0.));
#906 = ( GEOMETRIC_REPRESENTATION_CONTEXT(2) 
PARAMETRIC_REPRESENTATION_CONTEXT() REPRESENTATION_CONTEXT('2D SPACE',''
  ) );
#907 = PCURVE('',#288,#908);
#908 = DEFINITIONAL_REPRESENTATION('',(#909),#913);
#909 = CIRCLE('',#910,2.25);
#910 = AXIS2_PLACEMENT_2D('',#911,#912);
#911 = CARTESIAN_POINT('',(-12.8,-9.45));
#912 = DIRECTION('',(-1.,0.));
#913 = ( GEOMETRIC_REPRESENTATION_CONTEXT(2) 
PARAMETRIC_REPRESENTATION_CONTEXT() REPRESENTATION_CONTEXT('2D SPACE',''
  ) );
#914 = ADVANCED_FACE('',(#915),#209,.F.);
#915 = FACE_BOUND('',#916,.F.);
#916 = EDGE_LOOP('',(#917,#942,#963,#964,#965,#988,#1014,#1087,#1113,
    #1186));
#917 = ORIENTED_EDGE('',*,*,#918,.F.);
#918 = EDGE_CURVE('',#919,#921,#923,.T.);
#919 = VERTEX_POINT('',#920);
#920 = CARTESIAN_POINT('',(-11.85,20.,1.5));
#921 = VERTEX_POINT('',#922);
#922 = CARTESIAN_POINT('',(-11.85,18.841287847478,1.5));
#923 = SURFACE_CURVE('',#924,(#928,#935),.PCURVE_S1.);
#924 = LINE('',#925,#926);
#925 = CARTESIAN_POINT('',(-11.85,20.,1.5));
#926 = VECTOR('',#927,1.);
#927 = DIRECTION('',(0.,-1.,0.));
#928 = PCURVE('',#209,#929);
#929 = DEFINITIONAL_REPRESENTATION('',(#930),#934);
#930 = LINE('',#931,#932);
#931 = CARTESIAN_POINT('',(3.75,-1.5));
#932 = VECTOR('',#933,1.);
#933 = DIRECTION('',(1.,0.));
#934 = ( GEOMETRIC_REPRESENTATION_CONTEXT(2) 
PARAMETRIC_REPRESENTATION_CONTEXT() REPRESENTATION_CONTEXT('2D SPACE',''
  ) );
#935 = PCURVE('',#880,#936);
#936 = DEFINITIONAL_REPRESENTATION('',(#937),#941);
#937 = LINE('',#938,#939);
#938 = CARTESIAN_POINT('',(0.,0.));
#939 = VECTOR('',#940,1.);
#940 = DIRECTION('',(0.,1.));
#941 = ( GEOMETRIC_REPRESENTATION_CONTEXT(2) 
PARAMETRIC_REPRESENTATION_CONTEXT() REPRESENTATION_CONTEXT('2D SPACE',''
  ) );
#942 = ORIENTED_EDGE('',*,*,#943,.T.);
#943 = EDGE_CURVE('',#919,#762,#944,.T.);
#944 = SURFACE_CURVE('',#945,(#949,#956),.PCURVE_S1.);
#945 = LINE('',#946,#947);
#946 = CARTESIAN_POINT('',(-11.85,20.,0.));
#947 = VECTOR('',#948,1.);
#948 = DIRECTION('',(0.,0.,1.));
#949 = PCURVE('',#209,#950);
#950 = DEFINITIONAL_REPRESENTATION('',(#951),#955);
#951 = LINE('',#952,#953);
#952 = CARTESIAN_POINT('',(3.75,0.));
#953 = VECTOR('',#954,1.);
#954 = DIRECTION('',(0.,-1.));
#955 = ( GEOMETRIC_REPRESENTATION_CONTEXT(2) 
PARAMETRIC_REPRESENTATION_CONTEXT() REPRESENTATION_CONTEXT('2D SPACE',''
  ) );
#956 = PCURVE('',#778,#957);
#957 = DEFINITIONAL_REPRESENTATION('',(#958),#962);
#958 = LINE('',#959,#960);
#959 = CARTESIAN_POINT('',(1.570796326795,0.));
#960 = VECTOR('',#961,1.);
#961 = DIRECTION('',(0.,1.));
#962 = ( GEOMETRIC_REPRESENTATION_CONTEXT(2) 
PARAMETRIC_REPRESENTATION_CONTEXT() REPRESENTATION_CONTEXT('2D SPACE',''
  ) );
#963 = ORIENTED_EDGE('',*,*,#790,.T.);
#964 = ORIENTED_EDGE('',*,*,#193,.F.);
#965 = ORIENTED_EDGE('',*,*,#966,.F.);
#966 = EDGE_CURVE('',#967,#165,#969,.T.);
#967 = VERTEX_POINT('',#968);
#968 = CARTESIAN_POINT('',(-11.85,2.258712152522,1.5));
#969 = SURFACE_CURVE('',#970,(#974,#981),.PCURVE_S1.);
#970 = LINE('',#971,#972);
#971 = CARTESIAN_POINT('',(-11.85,20.,1.5));
#972 = VECTOR('',#973,1.);
#973 = DIRECTION('',(0.,-1.,0.));
#974 = PCURVE('',#209,#975);
#975 = DEFINITIONAL_REPRESENTATION('',(#976),#980);
#976 = LINE('',#977,#978);
#977 = CARTESIAN_POINT('',(3.75,-1.5));
#978 = VECTOR('',#979,1.);
#979 = DIRECTION('',(1.,0.));
#980 = ( GEOMETRIC_REPRESENTATION_CONTEXT(2) 
PARAMETRIC_REPRESENTATION_CONTEXT() REPRESENTATION_CONTEXT('2D SPACE',''
  ) );
#981 = PCURVE('',#880,#982);
#982 = DEFINITIONAL_REPRESENTATION('',(#983),#987);
#983 = LINE('',#984,#985);
#984 = CARTESIAN_POINT('',(0.,0.));
#985 = VECTOR('',#986,1.);
#986 = DIRECTION('',(0.,1.));
#987 = ( GEOMETRIC_REPRESENTATION_CONTEXT(2) 
PARAMETRIC_REPRESENTATION_CONTEXT() REPRESENTATION_CONTEXT('2D SPACE',''
  ) );
#988 = ORIENTED_EDGE('',*,*,#989,.T.);
#989 = EDGE_CURVE('',#967,#990,#992,.T.);
#990 = VERTEX_POINT('',#991);
#991 = CARTESIAN_POINT('',(-11.85,2.258712152522,1.6));
#992 = SURFACE_CURVE('',#993,(#997,#1003),.PCURVE_S1.);
#993 = LINE('',#994,#995);
#994 = CARTESIAN_POINT('',(-11.85,2.258712152522,0.));
#995 = VECTOR('',#996,1.);
#996 = DIRECTION('',(0.,0.,1.));
#997 = PCURVE('',#209,#998);
#998 = DEFINITIONAL_REPRESENTATION('',(#999),#1002);
#999 = B_SPLINE_CURVE_WITH_KNOTS('',1,(#1000,#1001),.UNSPECIFIED.,.F.,
  .F.,(2,2),(0.7999994,1.6000006),.PIECEWISE_BEZIER_KNOTS.);
#1000 = CARTESIAN_POINT('',(21.491287847478,-0.7999994));
#1001 = CARTESIAN_POINT('',(21.491287847478,-1.6000006));
#1002 = ( GEOMETRIC_REPRESENTATION_CONTEXT(2) 
PARAMETRIC_REPRESENTATION_CONTEXT() REPRESENTATION_CONTEXT('2D SPACE',''
  ) );
#1003 = PCURVE('',#1004,#1009);
#1004 = CYLINDRICAL_SURFACE('',#1005,2.5);
#1005 = AXIS2_PLACEMENT_3D('',#1006,#1007,#1008);
#1006 = CARTESIAN_POINT('',(-12.85,4.55,0.));
#1007 = DIRECTION('',(0.,0.,1.));
#1008 = DIRECTION('',(0.,-1.,0.));
#1009 = DEFINITIONAL_REPRESENTATION('',(#1010),#1013);
#1010 = B_SPLINE_CURVE_WITH_KNOTS('',1,(#1011,#1012),.UNSPECIFIED.,.F.,
  .F.,(2,2),(0.7999994,1.6000006),.PIECEWISE_BEZIER_KNOTS.);
#1011 = CARTESIAN_POINT('',(0.411516846067,0.7999994));
#1012 = CARTESIAN_POINT('',(0.411516846067,1.6000006));
#1013 = ( GEOMETRIC_REPRESENTATION_CONTEXT(2) 
PARAMETRIC_REPRESENTATION_CONTEXT() REPRESENTATION_CONTEXT('2D SPACE',''
  ) );
#1014 = ORIENTED_EDGE('',*,*,#1015,.T.);
#1015 = EDGE_CURVE('',#990,#1016,#1018,.T.);
#1016 = VERTEX_POINT('',#1017);
#1017 = CARTESIAN_POINT('',(-11.85,3.175227291513,2.4));
#1018 = SURFACE_CURVE('',#1019,(#1038,#1060),.PCURVE_S1.);
#1019 = B_SPLINE_CURVE_WITH_KNOTS('',5,(#1020,#1021,#1022,#1023,#1024,
    #1025,#1026,#1027,#1028,#1029,#1030,#1031,#1032,#1033,#1034,#1035,
    #1036,#1037),.UNSPECIFIED.,.F.,.F.,(6,4,4,4,6),(0.,0.258021912741,
    0.518496447503,0.720790173885,1.),.UNSPECIFIED.);
#1020 = CARTESIAN_POINT('',(-11.85,2.258712152522,1.6));
#1021 = CARTESIAN_POINT('',(-11.85,2.258712152522,1.66743468058));
#1022 = CARTESIAN_POINT('',(-11.85,2.266465006344,1.734873862488));
#1023 = CARTESIAN_POINT('',(-11.85,2.281971093453,1.801219672952));
#1024 = CARTESIAN_POINT('',(-11.85,2.304959326356,1.865406853606));
#1025 = CARTESIAN_POINT('',(-11.85,2.365174115636,1.988170434963));
#1026 = CARTESIAN_POINT('',(-11.85,2.402538017349,2.046695934555));
#1027 = CARTESIAN_POINT('',(-11.85,2.44649704012,2.101111075456));
#1028 = CARTESIAN_POINT('',(-11.85,2.496320678975,2.150644261655));
#1029 = CARTESIAN_POINT('',(-11.85,2.593755478658,2.229030462124));
#1030 = CARTESIAN_POINT('',(-11.85,2.639378333791,2.260034149214));
#1031 = CARTESIAN_POINT('',(-11.85,2.687638024066,2.287529048377));
#1032 = CARTESIAN_POINT('',(-11.85,2.738115680917,2.311367123368));
#1033 = CARTESIAN_POINT('',(-11.85,2.862557643247,2.359274320483));
#1034 = CARTESIAN_POINT('',(-11.85,2.938160535729,2.379987148703));
#1035 = CARTESIAN_POINT('',(-11.85,3.01611415053,2.393489433132));
#1036 = CARTESIAN_POINT('',(-11.85,3.095407217111,2.4));
#1037 = CARTESIAN_POINT('',(-11.85,3.175227291513,2.4));
#1038 = PCURVE('',#209,#1039);
#1039 = DEFINITIONAL_REPRESENTATION('',(#1040),#1059);
#1040 = B_SPLINE_CURVE_WITH_KNOTS('',5,(#1041,#1042,#1043,#1044,#1045,
    #1046,#1047,#1048,#1049,#1050,#1051,#1052,#1053,#1054,#1055,#1056,
    #1057,#1058),.UNSPECIFIED.,.F.,.F.,(6,4,4,4,6),(0.,0.258021912741,
    0.518496447503,0.720790173885,1.),.UNSPECIFIED.);
#1041 = CARTESIAN_POINT('',(21.491287847478,-1.6));
#1042 = CARTESIAN_POINT('',(21.491287847478,-1.66743468058));
#1043 = CARTESIAN_POINT('',(21.483534993656,-1.734873862488));
#1044 = CARTESIAN_POINT('',(21.468028906547,-1.801219672952));
#1045 = CARTESIAN_POINT('',(21.445040673644,-1.865406853606));
#1046 = CARTESIAN_POINT('',(21.384825884364,-1.988170434963));
#1047 = CARTESIAN_POINT('',(21.347461982651,-2.046695934555));
#1048 = CARTESIAN_POINT('',(21.30350295988,-2.101111075456));
#1049 = CARTESIAN_POINT('',(21.253679321025,-2.150644261655));
#1050 = CARTESIAN_POINT('',(21.156244521342,-2.229030462124));
#1051 = CARTESIAN_POINT('',(21.110621666209,-2.260034149214));
#1052 = CARTESIAN_POINT('',(21.062361975934,-2.287529048377));
#1053 = CARTESIAN_POINT('',(21.011884319083,-2.311367123368));
#1054 = CARTESIAN_POINT('',(20.887442356753,-2.359274320483));
#1055 = CARTESIAN_POINT('',(20.811839464271,-2.379987148703));
#1056 = CARTESIAN_POINT('',(20.73388584947,-2.393489433132));
#1057 = CARTESIAN_POINT('',(20.654592782889,-2.4));
#1058 = CARTESIAN_POINT('',(20.574772708487,-2.4));
#1059 = ( GEOMETRIC_REPRESENTATION_CONTEXT(2) 
PARAMETRIC_REPRESENTATION_CONTEXT() REPRESENTATION_CONTEXT('2D SPACE',''
  ) );
#1060 = PCURVE('',#1061,#1066);
#1061 = TOROIDAL_SURFACE('',#1062,1.7,0.8);
#1062 = AXIS2_PLACEMENT_3D('',#1063,#1064,#1065);
#1063 = CARTESIAN_POINT('',(-12.85,4.55,1.6));
#1064 = DIRECTION('',(0.,0.,1.));
#1065 = DIRECTION('',(0.,-1.,0.));
#1066 = DEFINITIONAL_REPRESENTATION('',(#1067),#1086);
#1067 = B_SPLINE_CURVE_WITH_KNOTS('',5,(#1068,#1069,#1070,#1071,#1072,
    #1073,#1074,#1075,#1076,#1077,#1078,#1079,#1080,#1081,#1082,#1083,
    #1084,#1085),.UNSPECIFIED.,.F.,.F.,(6,4,4,4,6),(0.,0.258021912741,
    0.518496447503,0.720790173885,1.),.UNSPECIFIED.);
#1068 = CARTESIAN_POINT('',(0.411516846067,0.));
#1069 = CARTESIAN_POINT('',(0.411516846067,8.429335072477E-02));
#1070 = CARTESIAN_POINT('',(0.412757366786,0.168592275946));
#1071 = CARTESIAN_POINT('',(0.415238062258,0.252772680099));
#1072 = CARTESIAN_POINT('',(0.418987452972,0.336749184412));
#1073 = CARTESIAN_POINT('',(0.429182013914,0.504839814806));
#1074 = CARTESIAN_POINT('',(0.4356531739,0.588958851713));
#1075 = CARTESIAN_POINT('',(0.443530038203,0.67262819102));
#1076 = CARTESIAN_POINT('',(0.452901641484,0.755759196612));
#1077 = CARTESIAN_POINT('',(0.472406743644,0.902267840189));
#1078 = CARTESIAN_POINT('',(0.481903122039,0.965915239607));
#1079 = CARTESIAN_POINT('',(0.492422284265,1.029109937991));
#1080 = CARTESIAN_POINT('',(0.504028674762,1.091805243718));
#1081 = CARTESIAN_POINT('',(0.534408519834,1.239709213767));
#1082 = CARTESIAN_POINT('',(0.554230671187,1.324420836921));
#1083 = CARTESIAN_POINT('',(0.576440407771,1.407928142874));
#1084 = CARTESIAN_POINT('',(0.601255522588,1.490109223944));
#1085 = CARTESIAN_POINT('',(0.628874925495,1.570796326795));
#1086 = ( GEOMETRIC_REPRESENTATION_CONTEXT(2) 
PARAMETRIC_REPRESENTATION_CONTEXT() REPRESENTATION_CONTEXT('2D SPACE',''
  ) );
#1087 = ORIENTED_EDGE('',*,*,#1088,.F.);
#1088 = EDGE_CURVE('',#1089,#1016,#1091,.T.);
#1089 = VERTEX_POINT('',#1090);
#1090 = CARTESIAN_POINT('',(-11.85,17.924772708487,2.4));
#1091 = SURFACE_CURVE('',#1092,(#1096,#1102),.PCURVE_S1.);
#1092 = LINE('',#1093,#1094);
#1093 = CARTESIAN_POINT('',(-11.85,17.15,2.4));
#1094 = VECTOR('',#1095,1.);
#1095 = DIRECTION('',(0.,-1.,0.));
#1096 = PCURVE('',#209,#1097);
#1097 = DEFINITIONAL_REPRESENTATION('',(#1098),#1101);
#1098 = B_SPLINE_CURVE_WITH_KNOTS('',1,(#1099,#1100),.UNSPECIFIED.,.F.,
  .F.,(2,2),(-1.1,14.3),.PIECEWISE_BEZIER_KNOTS.);
#1099 = CARTESIAN_POINT('',(5.5,-2.4));
#1100 = CARTESIAN_POINT('',(20.9,-2.4));
#1101 = ( GEOMETRIC_REPRESENTATION_CONTEXT(2) 
PARAMETRIC_REPRESENTATION_CONTEXT() REPRESENTATION_CONTEXT('2D SPACE',''
  ) );
#1102 = PCURVE('',#1103,#1108);
#1103 = PLANE('',#1104);
#1104 = AXIS2_PLACEMENT_3D('',#1105,#1106,#1107);
#1105 = CARTESIAN_POINT('',(-14.1,10.55,2.4));
#1106 = DIRECTION('',(0.,0.,1.));
#1107 = DIRECTION('',(1.,0.,-0.));
#1108 = DEFINITIONAL_REPRESENTATION('',(#1109),#1112);
#1109 = B_SPLINE_CURVE_WITH_KNOTS('',1,(#1110,#1111),.UNSPECIFIED.,.F.,
  .F.,(2,2),(-1.1,14.3),.PIECEWISE_BEZIER_KNOTS.);
#1110 = CARTESIAN_POINT('',(2.25,7.7));
#1111 = CARTESIAN_POINT('',(2.25,-7.7));
#1112 = ( GEOMETRIC_REPRESENTATION_CONTEXT(2) 
PARAMETRIC_REPRESENTATION_CONTEXT() REPRESENTATION_CONTEXT('2D SPACE',''
  ) );
#1113 = ORIENTED_EDGE('',*,*,#1114,.F.);
#1114 = EDGE_CURVE('',#1115,#1089,#1117,.T.);
#1115 = VERTEX_POINT('',#1116);
#1116 = CARTESIAN_POINT('',(-11.85,18.841287847478,1.6));
#1117 = SURFACE_CURVE('',#1118,(#1137,#1159),.PCURVE_S1.);
#1118 = B_SPLINE_CURVE_WITH_KNOTS('',5,(#1119,#1120,#1121,#1122,#1123,
    #1124,#1125,#1126,#1127,#1128,#1129,#1130,#1131,#1132,#1133,#1134,
    #1135,#1136),.UNSPECIFIED.,.F.,.F.,(6,4,4,4,6),(0.,0.25802191274,
    0.518496447502,0.720790173884,1.),.UNSPECIFIED.);
#1119 = CARTESIAN_POINT('',(-11.85,18.841287847478,1.6));
#1120 = CARTESIAN_POINT('',(-11.85,18.841287847478,1.66743468058));
#1121 = CARTESIAN_POINT('',(-11.85,18.833534993656,1.734873862487));
#1122 = CARTESIAN_POINT('',(-11.85,18.818028906548,1.801219672952));
#1123 = CARTESIAN_POINT('',(-11.85,18.795040673644,1.865406853605));
#1124 = CARTESIAN_POINT('',(-11.85,18.734825884365,1.988170434962));
#1125 = CARTESIAN_POINT('',(-11.85,18.697461982652,2.046695934554));
#1126 = CARTESIAN_POINT('',(-11.85,18.653502959881,2.101111075455));
#1127 = CARTESIAN_POINT('',(-11.85,18.603679321026,2.150644261654));
#1128 = CARTESIAN_POINT('',(-11.85,18.506244521343,2.229030462123));
#1129 = CARTESIAN_POINT('',(-11.85,18.460621666211,2.260034149213));
#1130 = CARTESIAN_POINT('',(-11.85,18.412361975936,2.287529048377));
#1131 = CARTESIAN_POINT('',(-11.85,18.361884319085,2.311367123368));
#1132 = CARTESIAN_POINT('',(-11.85,18.237442356754,2.359274320483));
#1133 = CARTESIAN_POINT('',(-11.85,18.161839464272,2.379987148702));
#1134 = CARTESIAN_POINT('',(-11.85,18.08388584947,2.393489433132));
#1135 = CARTESIAN_POINT('',(-11.85,18.004592782889,2.4));
#1136 = CARTESIAN_POINT('',(-11.85,17.924772708487,2.4));
#1137 = PCURVE('',#209,#1138);
#1138 = DEFINITIONAL_REPRESENTATION('',(#1139),#1158);
#1139 = B_SPLINE_CURVE_WITH_KNOTS('',5,(#1140,#1141,#1142,#1143,#1144,
    #1145,#1146,#1147,#1148,#1149,#1150,#1151,#1152,#1153,#1154,#1155,
    #1156,#1157),.UNSPECIFIED.,.F.,.F.,(6,4,4,4,6),(0.,0.25802191274,
    0.518496447502,0.720790173884,1.),.UNSPECIFIED.);
#1140 = CARTESIAN_POINT('',(4.908712152522,-1.6));
#1141 = CARTESIAN_POINT('',(4.908712152522,-1.66743468058));
#1142 = CARTESIAN_POINT('',(4.916465006344,-1.734873862487));
#1143 = CARTESIAN_POINT('',(4.931971093452,-1.801219672952));
#1144 = CARTESIAN_POINT('',(4.954959326356,-1.865406853605));
#1145 = CARTESIAN_POINT('',(5.015174115635,-1.988170434962));
#1146 = CARTESIAN_POINT('',(5.052538017348,-2.046695934554));
#1147 = CARTESIAN_POINT('',(5.096497040119,-2.101111075455));
#1148 = CARTESIAN_POINT('',(5.146320678974,-2.150644261654));
#1149 = CARTESIAN_POINT('',(5.243755478657,-2.229030462123));
#1150 = CARTESIAN_POINT('',(5.289378333789,-2.260034149213));
#1151 = CARTESIAN_POINT('',(5.337638024064,-2.287529048377));
#1152 = CARTESIAN_POINT('',(5.388115680915,-2.311367123368));
#1153 = CARTESIAN_POINT('',(5.512557643246,-2.359274320483));
#1154 = CARTESIAN_POINT('',(5.588160535728,-2.379987148702));
#1155 = CARTESIAN_POINT('',(5.66611415053,-2.393489433132));
#1156 = CARTESIAN_POINT('',(5.745407217111,-2.4));
#1157 = CARTESIAN_POINT('',(5.825227291513,-2.4));
#1158 = ( GEOMETRIC_REPRESENTATION_CONTEXT(2) 
PARAMETRIC_REPRESENTATION_CONTEXT() REPRESENTATION_CONTEXT('2D SPACE',''
  ) );
#1159 = PCURVE('',#1160,#1165);
#1160 = TOROIDAL_SURFACE('',#1161,1.7,0.8);
#1161 = AXIS2_PLACEMENT_3D('',#1162,#1163,#1164);
#1162 = CARTESIAN_POINT('',(-12.85,16.55,1.6));
#1163 = DIRECTION('',(0.,0.,1.));
#1164 = DIRECTION('',(1.,0.,-0.));
#1165 = DEFINITIONAL_REPRESENTATION('',(#1166),#1185);
#1166 = B_SPLINE_CURVE_WITH_KNOTS('',5,(#1167,#1168,#1169,#1170,#1171,
    #1172,#1173,#1174,#1175,#1176,#1177,#1178,#1179,#1180,#1181,#1182,
    #1183,#1184),.UNSPECIFIED.,.F.,.F.,(6,4,4,4,6),(0.,0.25802191274,
    0.518496447502,0.720790173884,1.),.UNSPECIFIED.);
#1167 = CARTESIAN_POINT('',(1.159279480727,0.));
#1168 = CARTESIAN_POINT('',(1.159279480727,8.429335072443E-02));
#1169 = CARTESIAN_POINT('',(1.158038960009,0.168592275945));
#1170 = CARTESIAN_POINT('',(1.155558264537,0.252772680098));
#1171 = CARTESIAN_POINT('',(1.151808873823,0.336749184411));
#1172 = CARTESIAN_POINT('',(1.141614312881,0.504839814804));
#1173 = CARTESIAN_POINT('',(1.135143152895,0.588958851712));
#1174 = CARTESIAN_POINT('',(1.127266288592,0.672628191018));
#1175 = CARTESIAN_POINT('',(1.117894685311,0.755759196611));
#1176 = CARTESIAN_POINT('',(1.098389583151,0.902267840188));
#1177 = CARTESIAN_POINT('',(1.088893204757,0.965915239605));
#1178 = CARTESIAN_POINT('',(1.078374042531,1.029109937989));
#1179 = CARTESIAN_POINT('',(1.066767652033,1.091805243716));
#1180 = CARTESIAN_POINT('',(1.036387806961,1.239709213766));
#1181 = CARTESIAN_POINT('',(1.016565655608,1.32442083692));
#1182 = CARTESIAN_POINT('',(0.994355919024,1.407928142873));
#1183 = CARTESIAN_POINT('',(0.969540804207,1.490109223944));
#1184 = CARTESIAN_POINT('',(0.9419214013,1.570796326795));
#1185 = ( GEOMETRIC_REPRESENTATION_CONTEXT(2) 
PARAMETRIC_REPRESENTATION_CONTEXT() REPRESENTATION_CONTEXT('2D SPACE',''
  ) );
#1186 = ORIENTED_EDGE('',*,*,#1187,.F.);
#1187 = EDGE_CURVE('',#921,#1115,#1188,.T.);
#1188 = SURFACE_CURVE('',#1189,(#1193,#1199),.PCURVE_S1.);
#1189 = LINE('',#1190,#1191);
#1190 = CARTESIAN_POINT('',(-11.85,18.841287847478,0.));
#1191 = VECTOR('',#1192,1.);
#1192 = DIRECTION('',(0.,0.,1.));
#1193 = PCURVE('',#209,#1194);
#1194 = DEFINITIONAL_REPRESENTATION('',(#1195),#1198);
#1195 = B_SPLINE_CURVE_WITH_KNOTS('',1,(#1196,#1197),.UNSPECIFIED.,.F.,
  .F.,(2,2),(0.7999994,1.6000006),.PIECEWISE_BEZIER_KNOTS.);
#1196 = CARTESIAN_POINT('',(4.908712152522,-0.7999994));
#1197 = CARTESIAN_POINT('',(4.908712152522,-1.6000006));
#1198 = ( GEOMETRIC_REPRESENTATION_CONTEXT(2) 
PARAMETRIC_REPRESENTATION_CONTEXT() REPRESENTATION_CONTEXT('2D SPACE',''
  ) );
#1199 = PCURVE('',#1200,#1205);
#1200 = CYLINDRICAL_SURFACE('',#1201,2.5);
#1201 = AXIS2_PLACEMENT_3D('',#1202,#1203,#1204);
#1202 = CARTESIAN_POINT('',(-12.85,16.55,0.));
#1203 = DIRECTION('',(0.,0.,1.));
#1204 = DIRECTION('',(1.,0.,-0.));
#1205 = DEFINITIONAL_REPRESENTATION('',(#1206),#1209);
#1206 = B_SPLINE_CURVE_WITH_KNOTS('',1,(#1207,#1208),.UNSPECIFIED.,.F.,
  .F.,(2,2),(0.7999994,1.6000006),.PIECEWISE_BEZIER_KNOTS.);
#1207 = CARTESIAN_POINT('',(1.159279480727,0.7999994));
#1208 = CARTESIAN_POINT('',(1.159279480727,1.6000006));
#1209 = ( GEOMETRIC_REPRESENTATION_CONTEXT(2) 
PARAMETRIC_REPRESENTATION_CONTEXT() REPRESENTATION_CONTEXT('2D SPACE',''
  ) );
#1210 = ADVANCED_FACE('',(#1211),#288,.F.);
#1211 = FACE_BOUND('',#1212,.F.);
#1212 = EDGE_LOOP('',(#1213,#1214,#1238,#1266,#1295,#1323,#1352,#1373));
#1213 = ORIENTED_EDGE('',*,*,#272,.T.);
#1214 = ORIENTED_EDGE('',*,*,#1215,.T.);
#1215 = EDGE_CURVE('',#273,#1216,#1218,.T.);
#1216 = VERTEX_POINT('',#1217);
#1217 = CARTESIAN_POINT('',(19.75,1.1,0.));
#1218 = SURFACE_CURVE('',#1219,(#1224,#1231),.PCURVE_S1.);
#1219 = CIRCLE('',#1220,2.25);
#1220 = AXIS2_PLACEMENT_3D('',#1221,#1222,#1223);
#1221 = CARTESIAN_POINT('',(17.5,1.1,0.));
#1222 = DIRECTION('',(0.,0.,1.));
#1223 = DIRECTION('',(0.,-1.,0.));
#1224 = PCURVE('',#288,#1225);
#1225 = DEFINITIONAL_REPRESENTATION('',(#1226),#1230);
#1226 = CIRCLE('',#1227,2.25);
#1227 = AXIS2_PLACEMENT_2D('',#1228,#1229);
#1228 = CARTESIAN_POINT('',(12.8,-9.45));
#1229 = DIRECTION('',(0.,-1.));
#1230 = ( GEOMETRIC_REPRESENTATION_CONTEXT(2) 
PARAMETRIC_REPRESENTATION_CONTEXT() REPRESENTATION_CONTEXT('2D SPACE',''
  ) );
#1231 = PCURVE('',#314,#1232);
#1232 = DEFINITIONAL_REPRESENTATION('',(#1233),#1237);
#1233 = LINE('',#1234,#1235);
#1234 = CARTESIAN_POINT('',(-0.,1.570796326795));
#1235 = VECTOR('',#1236,1.);
#1236 = DIRECTION('',(-1.,0.));
#1237 = ( GEOMETRIC_REPRESENTATION_CONTEXT(2) 
PARAMETRIC_REPRESENTATION_CONTEXT() REPRESENTATION_CONTEXT('2D SPACE',''
  ) );
#1238 = ORIENTED_EDGE('',*,*,#1239,.T.);
#1239 = EDGE_CURVE('',#1216,#1240,#1242,.T.);
#1240 = VERTEX_POINT('',#1241);
#1241 = CARTESIAN_POINT('',(19.75,20.,-2.22044604925E-16));
#1242 = SURFACE_CURVE('',#1243,(#1247,#1254),.PCURVE_S1.);
#1243 = LINE('',#1244,#1245);
#1244 = CARTESIAN_POINT('',(19.75,1.1,-2.22044604925E-16));
#1245 = VECTOR('',#1246,1.);
#1246 = DIRECTION('',(0.,1.,0.));
#1247 = PCURVE('',#288,#1248);
#1248 = DEFINITIONAL_REPRESENTATION('',(#1249),#1253);
#1249 = LINE('',#1250,#1251);
#1250 = CARTESIAN_POINT('',(15.05,-9.45));
#1251 = VECTOR('',#1252,1.);
#1252 = DIRECTION('',(0.,1.));
#1253 = ( GEOMETRIC_REPRESENTATION_CONTEXT(2) 
PARAMETRIC_REPRESENTATION_CONTEXT() REPRESENTATION_CONTEXT('2D SPACE',''
  ) );
#1254 = PCURVE('',#1255,#1260);
#1255 = CYLINDRICAL_SURFACE('',#1256,1.5);
#1256 = AXIS2_PLACEMENT_3D('',#1257,#1258,#1259);
#1257 = CARTESIAN_POINT('',(19.75,1.1,1.5));
#1258 = DIRECTION('',(0.,1.,0.));
#1259 = DIRECTION('',(1.,0.,-0.));
#1260 = DEFINITIONAL_REPRESENTATION('',(#1261),#1265);
#1261 = LINE('',#1262,#1263);
#1262 = CARTESIAN_POINT('',(1.570796326795,0.));
#1263 = VECTOR('',#1264,1.);
#1264 = DIRECTION('',(0.,1.));
#1265 = ( GEOMETRIC_REPRESENTATION_CONTEXT(2) 
PARAMETRIC_REPRESENTATION_CONTEXT() REPRESENTATION_CONTEXT('2D SPACE',''
  ) );
#1266 = ORIENTED_EDGE('',*,*,#1267,.T.);
#1267 = EDGE_CURVE('',#1240,#1268,#1270,.T.);
#1268 = VERTEX_POINT('',#1269);
#1269 = CARTESIAN_POINT('',(17.5,22.25,0.));
#1270 = SURFACE_CURVE('',#1271,(#1276,#1283),.PCURVE_S1.);
#1271 = CIRCLE('',#1272,2.25);
#1272 = AXIS2_PLACEMENT_3D('',#1273,#1274,#1275);
#1273 = CARTESIAN_POINT('',(17.5,20.,0.));
#1274 = DIRECTION('',(0.,0.,1.));
#1275 = DIRECTION('',(1.,0.,-0.));
#1276 = PCURVE('',#288,#1277);
#1277 = DEFINITIONAL_REPRESENTATION('',(#1278),#1282);
#1278 = CIRCLE('',#1279,2.25);
#1279 = AXIS2_PLACEMENT_2D('',#1280,#1281);
#1280 = CARTESIAN_POINT('',(12.8,9.45));
#1281 = DIRECTION('',(1.,0.));
#1282 = ( GEOMETRIC_REPRESENTATION_CONTEXT(2) 
PARAMETRIC_REPRESENTATION_CONTEXT() REPRESENTATION_CONTEXT('2D SPACE',''
  ) );
#1283 = PCURVE('',#1284,#1289);
#1284 = TOROIDAL_SURFACE('',#1285,2.25,1.5);
#1285 = AXIS2_PLACEMENT_3D('',#1286,#1287,#1288);
#1286 = CARTESIAN_POINT('',(17.5,20.,1.5));
#1287 = DIRECTION('',(-0.,-0.,-1.));
#1288 = DIRECTION('',(1.,0.,-0.));
#1289 = DEFINITIONAL_REPRESENTATION('',(#1290),#1294);
#1290 = LINE('',#1291,#1292);
#1291 = CARTESIAN_POINT('',(-0.,1.570796326795));
#1292 = VECTOR('',#1293,1.);
#1293 = DIRECTION('',(-1.,0.));
#1294 = ( GEOMETRIC_REPRESENTATION_CONTEXT(2) 
PARAMETRIC_REPRESENTATION_CONTEXT() REPRESENTATION_CONTEXT('2D SPACE',''
  ) );
#1295 = ORIENTED_EDGE('',*,*,#1296,.T.);
#1296 = EDGE_CURVE('',#1268,#1297,#1299,.T.);
#1297 = VERTEX_POINT('',#1298);
#1298 = CARTESIAN_POINT('',(-8.1,22.25,-2.22044604925E-16));
#1299 = SURFACE_CURVE('',#1300,(#1304,#1311),.PCURVE_S1.);
#1300 = LINE('',#1301,#1302);
#1301 = CARTESIAN_POINT('',(17.5,22.25,-2.22044604925E-16));
#1302 = VECTOR('',#1303,1.);
#1303 = DIRECTION('',(-1.,0.,0.));
#1304 = PCURVE('',#288,#1305);
#1305 = DEFINITIONAL_REPRESENTATION('',(#1306),#1310);
#1306 = LINE('',#1307,#1308);
#1307 = CARTESIAN_POINT('',(12.8,11.7));
#1308 = VECTOR('',#1309,1.);
#1309 = DIRECTION('',(-1.,0.));
#1310 = ( GEOMETRIC_REPRESENTATION_CONTEXT(2) 
PARAMETRIC_REPRESENTATION_CONTEXT() REPRESENTATION_CONTEXT('2D SPACE',''
  ) );
#1311 = PCURVE('',#1312,#1317);
#1312 = CYLINDRICAL_SURFACE('',#1313,1.5);
#1313 = AXIS2_PLACEMENT_3D('',#1314,#1315,#1316);
#1314 = CARTESIAN_POINT('',(17.5,22.25,1.5));
#1315 = DIRECTION('',(-1.,0.,0.));
#1316 = DIRECTION('',(0.,1.,-0.));
#1317 = DEFINITIONAL_REPRESENTATION('',(#1318),#1322);
#1318 = LINE('',#1319,#1320);
#1319 = CARTESIAN_POINT('',(1.570796326795,0.));
#1320 = VECTOR('',#1321,1.);
#1321 = DIRECTION('',(0.,1.));
#1322 = ( GEOMETRIC_REPRESENTATION_CONTEXT(2) 
PARAMETRIC_REPRESENTATION_CONTEXT() REPRESENTATION_CONTEXT('2D SPACE',''
  ) );
#1323 = ORIENTED_EDGE('',*,*,#1324,.T.);
#1324 = EDGE_CURVE('',#1297,#1325,#1327,.T.);
#1325 = VERTEX_POINT('',#1326);
#1326 = CARTESIAN_POINT('',(-10.35,20.,0.));
#1327 = SURFACE_CURVE('',#1328,(#1333,#1340),.PCURVE_S1.);
#1328 = CIRCLE('',#1329,2.25);
#1329 = AXIS2_PLACEMENT_3D('',#1330,#1331,#1332);
#1330 = CARTESIAN_POINT('',(-8.1,20.,0.));
#1331 = DIRECTION('',(0.,0.,1.));
#1332 = DIRECTION('',(0.,1.,-0.));
#1333 = PCURVE('',#288,#1334);
#1334 = DEFINITIONAL_REPRESENTATION('',(#1335),#1339);
#1335 = CIRCLE('',#1336,2.25);
#1336 = AXIS2_PLACEMENT_2D('',#1337,#1338);
#1337 = CARTESIAN_POINT('',(-12.8,9.45));
#1338 = DIRECTION('',(0.,1.));
#1339 = ( GEOMETRIC_REPRESENTATION_CONTEXT(2) 
PARAMETRIC_REPRESENTATION_CONTEXT() REPRESENTATION_CONTEXT('2D SPACE',''
  ) );
#1340 = PCURVE('',#1341,#1346);
#1341 = TOROIDAL_SURFACE('',#1342,2.25,1.5);
#1342 = AXIS2_PLACEMENT_3D('',#1343,#1344,#1345);
#1343 = CARTESIAN_POINT('',(-8.1,20.,1.5));
#1344 = DIRECTION('',(-0.,-0.,-1.));
#1345 = DIRECTION('',(0.,1.,-0.));
#1346 = DEFINITIONAL_REPRESENTATION('',(#1347),#1351);
#1347 = LINE('',#1348,#1349);
#1348 = CARTESIAN_POINT('',(-0.,1.570796326795));
#1349 = VECTOR('',#1350,1.);
#1350 = DIRECTION('',(-1.,0.));
#1351 = ( GEOMETRIC_REPRESENTATION_CONTEXT(2) 
PARAMETRIC_REPRESENTATION_CONTEXT() REPRESENTATION_CONTEXT('2D SPACE',''
  ) );
#1352 = ORIENTED_EDGE('',*,*,#1353,.T.);
#1353 = EDGE_CURVE('',#1325,#865,#1354,.T.);
#1354 = SURFACE_CURVE('',#1355,(#1359,#1366),.PCURVE_S1.);
#1355 = LINE('',#1356,#1357);
#1356 = CARTESIAN_POINT('',(-10.35,20.,-2.22044604925E-16));
#1357 = VECTOR('',#1358,1.);
#1358 = DIRECTION('',(0.,-1.,0.));
#1359 = PCURVE('',#288,#1360);
#1360 = DEFINITIONAL_REPRESENTATION('',(#1361),#1365);
#1361 = LINE('',#1362,#1363);
#1362 = CARTESIAN_POINT('',(-15.05,9.45));
#1363 = VECTOR('',#1364,1.);
#1364 = DIRECTION('',(0.,-1.));
#1365 = ( GEOMETRIC_REPRESENTATION_CONTEXT(2) 
PARAMETRIC_REPRESENTATION_CONTEXT() REPRESENTATION_CONTEXT('2D SPACE',''
  ) );
#1366 = PCURVE('',#880,#1367);
#1367 = DEFINITIONAL_REPRESENTATION('',(#1368),#1372);
#1368 = LINE('',#1369,#1370);
#1369 = CARTESIAN_POINT('',(1.570796326795,0.));
#1370 = VECTOR('',#1371,1.);
#1371 = DIRECTION('',(0.,1.));
#1372 = ( GEOMETRIC_REPRESENTATION_CONTEXT(2) 
PARAMETRIC_REPRESENTATION_CONTEXT() REPRESENTATION_CONTEXT('2D SPACE',''
  ) );
#1373 = ORIENTED_EDGE('',*,*,#893,.T.);
#1374 = ADVANCED_FACE('',(#1375),#314,.T.);
#1375 = FACE_BOUND('',#1376,.F.);
#1376 = EDGE_LOOP('',(#1377,#1378,#1379,#1399));
#1377 = ORIENTED_EDGE('',*,*,#300,.F.);
#1378 = ORIENTED_EDGE('',*,*,#815,.T.);
#1379 = ORIENTED_EDGE('',*,*,#1380,.T.);
#1380 = EDGE_CURVE('',#816,#1216,#1381,.T.);
#1381 = SURFACE_CURVE('',#1382,(#1387,#1393),.PCURVE_S1.);
#1382 = CIRCLE('',#1383,1.5);
#1383 = AXIS2_PLACEMENT_3D('',#1384,#1385,#1386);
#1384 = CARTESIAN_POINT('',(19.75,1.1,1.5));
#1385 = DIRECTION('',(6.123233995737E-17,1.,0.));
#1386 = DIRECTION('',(1.,-6.123233995737E-17,0.));
#1387 = PCURVE('',#314,#1388);
#1388 = DEFINITIONAL_REPRESENTATION('',(#1389),#1392);
#1389 = B_SPLINE_CURVE_WITH_KNOTS('',1,(#1390,#1391),.UNSPECIFIED.,.F.,
  .F.,(2,2),(0.,1.570796326795),.PIECEWISE_BEZIER_KNOTS.);
#1390 = CARTESIAN_POINT('',(-1.570796326795,0.));
#1391 = CARTESIAN_POINT('',(-1.570796326795,1.570796326795));
#1392 = ( GEOMETRIC_REPRESENTATION_CONTEXT(2) 
PARAMETRIC_REPRESENTATION_CONTEXT() REPRESENTATION_CONTEXT('2D SPACE',''
  ) );
#1393 = PCURVE('',#1255,#1394);
#1394 = DEFINITIONAL_REPRESENTATION('',(#1395),#1398);
#1395 = B_SPLINE_CURVE_WITH_KNOTS('',1,(#1396,#1397),.UNSPECIFIED.,.F.,
  .F.,(2,2),(0.,1.570796326795),.PIECEWISE_BEZIER_KNOTS.);
#1396 = CARTESIAN_POINT('',(0.,0.));
#1397 = CARTESIAN_POINT('',(1.570796326795,0.));
#1398 = ( GEOMETRIC_REPRESENTATION_CONTEXT(2) 
PARAMETRIC_REPRESENTATION_CONTEXT() REPRESENTATION_CONTEXT('2D SPACE',''
  ) );
#1399 = ORIENTED_EDGE('',*,*,#1215,.F.);
#1400 = ADVANCED_FACE('',(#1401),#778,.T.);
#1401 = FACE_BOUND('',#1402,.T.);
#1402 = EDGE_LOOP('',(#1403,#1426,#1448,#1449));
#1403 = ORIENTED_EDGE('',*,*,#1404,.F.);
#1404 = EDGE_CURVE('',#1405,#739,#1407,.T.);
#1405 = VERTEX_POINT('',#1406);
#1406 = CARTESIAN_POINT('',(-8.1,23.75,1.5));
#1407 = SURFACE_CURVE('',#1408,(#1412,#1419),.PCURVE_S1.);
#1408 = LINE('',#1409,#1410);
#1409 = CARTESIAN_POINT('',(-8.1,23.75,0.));
#1410 = VECTOR('',#1411,1.);
#1411 = DIRECTION('',(0.,0.,1.));
#1412 = PCURVE('',#778,#1413);
#1413 = DEFINITIONAL_REPRESENTATION('',(#1414),#1418);
#1414 = LINE('',#1415,#1416);
#1415 = CARTESIAN_POINT('',(0.,0.));
#1416 = VECTOR('',#1417,1.);
#1417 = DIRECTION('',(0.,1.));
#1418 = ( GEOMETRIC_REPRESENTATION_CONTEXT(2) 
PARAMETRIC_REPRESENTATION_CONTEXT() REPRESENTATION_CONTEXT('2D SPACE',''
  ) );
#1419 = PCURVE('',#428,#1420);
#1420 = DEFINITIONAL_REPRESENTATION('',(#1421),#1425);
#1421 = LINE('',#1422,#1423);
#1422 = CARTESIAN_POINT('',(29.35,0.));
#1423 = VECTOR('',#1424,1.);
#1424 = DIRECTION('',(0.,-1.));
#1425 = ( GEOMETRIC_REPRESENTATION_CONTEXT(2) 
PARAMETRIC_REPRESENTATION_CONTEXT() REPRESENTATION_CONTEXT('2D SPACE',''
  ) );
#1426 = ORIENTED_EDGE('',*,*,#1427,.T.);
#1427 = EDGE_CURVE('',#1405,#919,#1428,.T.);
#1428 = SURFACE_CURVE('',#1429,(#1434,#1441),.PCURVE_S1.);
#1429 = CIRCLE('',#1430,3.75);
#1430 = AXIS2_PLACEMENT_3D('',#1431,#1432,#1433);
#1431 = CARTESIAN_POINT('',(-8.1,20.,1.5));
#1432 = DIRECTION('',(0.,0.,1.));
#1433 = DIRECTION('',(0.,1.,-0.));
#1434 = PCURVE('',#778,#1435);
#1435 = DEFINITIONAL_REPRESENTATION('',(#1436),#1440);
#1436 = LINE('',#1437,#1438);
#1437 = CARTESIAN_POINT('',(0.,1.5));
#1438 = VECTOR('',#1439,1.);
#1439 = DIRECTION('',(1.,0.));
#1440 = ( GEOMETRIC_REPRESENTATION_CONTEXT(2) 
PARAMETRIC_REPRESENTATION_CONTEXT() REPRESENTATION_CONTEXT('2D SPACE',''
  ) );
#1441 = PCURVE('',#1341,#1442);
#1442 = DEFINITIONAL_REPRESENTATION('',(#1443),#1447);
#1443 = LINE('',#1444,#1445);
#1444 = CARTESIAN_POINT('',(-0.,0.));
#1445 = VECTOR('',#1446,1.);
#1446 = DIRECTION('',(-1.,0.));
#1447 = ( GEOMETRIC_REPRESENTATION_CONTEXT(2) 
PARAMETRIC_REPRESENTATION_CONTEXT() REPRESENTATION_CONTEXT('2D SPACE',''
  ) );
#1448 = ORIENTED_EDGE('',*,*,#943,.T.);
#1449 = ORIENTED_EDGE('',*,*,#761,.F.);
#1450 = ADVANCED_FACE('',(#1451),#428,.F.);
#1451 = FACE_BOUND('',#1452,.F.);
#1452 = EDGE_LOOP('',(#1453,#1476,#1497,#1498,#1519,#1552,#1578,#1607,
    #1626,#1627));
#1453 = ORIENTED_EDGE('',*,*,#1454,.F.);
#1454 = EDGE_CURVE('',#1455,#1405,#1457,.T.);
#1455 = VERTEX_POINT('',#1456);
#1456 = CARTESIAN_POINT('',(17.5,23.75,1.5));
#1457 = SURFACE_CURVE('',#1458,(#1462,#1469),.PCURVE_S1.);
#1458 = LINE('',#1459,#1460);
#1459 = CARTESIAN_POINT('',(17.5,23.75,1.5));
#1460 = VECTOR('',#1461,1.);
#1461 = DIRECTION('',(-1.,0.,0.));
#1462 = PCURVE('',#428,#1463);
#1463 = DEFINITIONAL_REPRESENTATION('',(#1464),#1468);
#1464 = LINE('',#1465,#1466);
#1465 = CARTESIAN_POINT('',(3.75,-1.5));
#1466 = VECTOR('',#1467,1.);
#1467 = DIRECTION('',(1.,0.));
#1468 = ( GEOMETRIC_REPRESENTATION_CONTEXT(2) 
PARAMETRIC_REPRESENTATION_CONTEXT() REPRESENTATION_CONTEXT('2D SPACE',''
  ) );
#1469 = PCURVE('',#1312,#1470);
#1470 = DEFINITIONAL_REPRESENTATION('',(#1471),#1475);
#1471 = LINE('',#1472,#1473);
#1472 = CARTESIAN_POINT('',(0.,0.));
#1473 = VECTOR('',#1474,1.);
#1474 = DIRECTION('',(0.,1.));
#1475 = ( GEOMETRIC_REPRESENTATION_CONTEXT(2) 
PARAMETRIC_REPRESENTATION_CONTEXT() REPRESENTATION_CONTEXT('2D SPACE',''
  ) );
#1476 = ORIENTED_EDGE('',*,*,#1477,.T.);
#1477 = EDGE_CURVE('',#1455,#384,#1478,.T.);
#1478 = SURFACE_CURVE('',#1479,(#1483,#1490),.PCURVE_S1.);
#1479 = LINE('',#1480,#1481);
#1480 = CARTESIAN_POINT('',(17.5,23.75,0.));
#1481 = VECTOR('',#1482,1.);
#1482 = DIRECTION('',(0.,0.,1.));
#1483 = PCURVE('',#428,#1484);
#1484 = DEFINITIONAL_REPRESENTATION('',(#1485),#1489);
#1485 = LINE('',#1486,#1487);
#1486 = CARTESIAN_POINT('',(3.75,0.));
#1487 = VECTOR('',#1488,1.);
#1488 = DIRECTION('',(0.,-1.));
#1489 = ( GEOMETRIC_REPRESENTATION_CONTEXT(2) 
PARAMETRIC_REPRESENTATION_CONTEXT() REPRESENTATION_CONTEXT('2D SPACE',''
  ) );
#1490 = PCURVE('',#400,#1491);
#1491 = DEFINITIONAL_REPRESENTATION('',(#1492),#1496);
#1492 = LINE('',#1493,#1494);
#1493 = CARTESIAN_POINT('',(1.570796326795,0.));
#1494 = VECTOR('',#1495,1.);
#1495 = DIRECTION('',(0.,1.));
#1496 = ( GEOMETRIC_REPRESENTATION_CONTEXT(2) 
PARAMETRIC_REPRESENTATION_CONTEXT() REPRESENTATION_CONTEXT('2D SPACE',''
  ) );
#1497 = ORIENTED_EDGE('',*,*,#412,.T.);
#1498 = ORIENTED_EDGE('',*,*,#1499,.T.);
#1499 = EDGE_CURVE('',#413,#1500,#1502,.T.);
#1500 = VERTEX_POINT('',#1501);
#1501 = CARTESIAN_POINT('',(15.4,23.75,8.9));
#1502 = SURFACE_CURVE('',#1503,(#1507,#1513),.PCURVE_S1.);
#1503 = LINE('',#1504,#1505);
#1504 = CARTESIAN_POINT('',(15.4,23.75,3.45));
#1505 = VECTOR('',#1506,1.);
#1506 = DIRECTION('',(-0.,-0.,-1.));
#1507 = PCURVE('',#428,#1508);
#1508 = DEFINITIONAL_REPRESENTATION('',(#1509),#1512);
#1509 = B_SPLINE_CURVE_WITH_KNOTS('',1,(#1510,#1511),.UNSPECIFIED.,.F.,
  .F.,(2,2),(-5.85,-5.45),.PIECEWISE_BEZIER_KNOTS.);
#1510 = CARTESIAN_POINT('',(5.85,-9.3));
#1511 = CARTESIAN_POINT('',(5.85,-8.9));
#1512 = ( GEOMETRIC_REPRESENTATION_CONTEXT(2) 
PARAMETRIC_REPRESENTATION_CONTEXT() REPRESENTATION_CONTEXT('2D SPACE',''
  ) );
#1513 = PCURVE('',#455,#1514);
#1514 = DEFINITIONAL_REPRESENTATION('',(#1515),#1518);
#1515 = B_SPLINE_CURVE_WITH_KNOTS('',1,(#1516,#1517),.UNSPECIFIED.,.F.,
  .F.,(2,2),(-5.85,-5.45),.PIECEWISE_BEZIER_KNOTS.);
#1516 = CARTESIAN_POINT('',(1.2,-2.4));
#1517 = CARTESIAN_POINT('',(1.2,-2.));
#1518 = ( GEOMETRIC_REPRESENTATION_CONTEXT(2) 
PARAMETRIC_REPRESENTATION_CONTEXT() REPRESENTATION_CONTEXT('2D SPACE',''
  ) );
#1519 = ORIENTED_EDGE('',*,*,#1520,.T.);
#1520 = EDGE_CURVE('',#1500,#1521,#1523,.T.);
#1521 = VERTEX_POINT('',#1522);
#1522 = CARTESIAN_POINT('',(13.4,23.75,6.9));
#1523 = SURFACE_CURVE('',#1524,(#1529,#1540),.PCURVE_S1.);
#1524 = CIRCLE('',#1525,2.);
#1525 = AXIS2_PLACEMENT_3D('',#1526,#1527,#1528);
#1526 = CARTESIAN_POINT('',(13.4,23.75,8.9));
#1527 = DIRECTION('',(0.,1.,0.));
#1528 = DIRECTION('',(1.,0.,-0.));
#1529 = PCURVE('',#428,#1530);
#1530 = DEFINITIONAL_REPRESENTATION('',(#1531),#1539);
#1531 = ( BOUNDED_CURVE() B_SPLINE_CURVE(2,(#1532,#1533,#1534,#1535,
#1536,#1537,#1538),.UNSPECIFIED.,.T.,.F.) B_SPLINE_CURVE_WITH_KNOTS((1,2
    ,2,2,2,1),(-2.094395102393,0.,2.094395102393,4.188790204786,
6.28318530718,8.377580409573),.UNSPECIFIED.) CURVE() 
GEOMETRIC_REPRESENTATION_ITEM() RATIONAL_B_SPLINE_CURVE((1.,0.5,1.,0.5,
1.,0.5,1.)) REPRESENTATION_ITEM('') );
#1532 = CARTESIAN_POINT('',(5.85,-8.9));
#1533 = CARTESIAN_POINT('',(5.85,-5.435898384862));
#1534 = CARTESIAN_POINT('',(8.85,-7.167949192431));
#1535 = CARTESIAN_POINT('',(11.85,-8.9));
#1536 = CARTESIAN_POINT('',(8.85,-10.63205080756));
#1537 = CARTESIAN_POINT('',(5.85,-12.36410161513));
#1538 = CARTESIAN_POINT('',(5.85,-8.9));
#1539 = ( GEOMETRIC_REPRESENTATION_CONTEXT(2) 
PARAMETRIC_REPRESENTATION_CONTEXT() REPRESENTATION_CONTEXT('2D SPACE',''
  ) );
#1540 = PCURVE('',#1541,#1546);
#1541 = CYLINDRICAL_SURFACE('',#1542,2.);
#1542 = AXIS2_PLACEMENT_3D('',#1543,#1544,#1545);
#1543 = CARTESIAN_POINT('',(13.4,22.55,8.9));
#1544 = DIRECTION('',(0.,1.,0.));
#1545 = DIRECTION('',(1.,0.,-0.));
#1546 = DEFINITIONAL_REPRESENTATION('',(#1547),#1551);
#1547 = LINE('',#1548,#1549);
#1548 = CARTESIAN_POINT('',(0.,1.2));
#1549 = VECTOR('',#1550,1.);
#1550 = DIRECTION('',(1.,0.));
#1551 = ( GEOMETRIC_REPRESENTATION_CONTEXT(2) 
PARAMETRIC_REPRESENTATION_CONTEXT() REPRESENTATION_CONTEXT('2D SPACE',''
  ) );
#1552 = ORIENTED_EDGE('',*,*,#1553,.T.);
#1553 = EDGE_CURVE('',#1521,#1554,#1556,.T.);
#1554 = VERTEX_POINT('',#1555);
#1555 = CARTESIAN_POINT('',(4.4,23.75,6.9));
#1556 = SURFACE_CURVE('',#1557,(#1561,#1567),.PCURVE_S1.);
#1557 = LINE('',#1558,#1559);
#1558 = CARTESIAN_POINT('',(15.075,23.75,6.9));
#1559 = VECTOR('',#1560,1.);
#1560 = DIRECTION('',(-1.,0.,0.));
#1561 = PCURVE('',#428,#1562);
#1562 = DEFINITIONAL_REPRESENTATION('',(#1563),#1566);
#1563 = B_SPLINE_CURVE_WITH_KNOTS('',1,(#1564,#1565),.UNSPECIFIED.,.F.,
  .F.,(2,2),(1.675,10.675),.PIECEWISE_BEZIER_KNOTS.);
#1564 = CARTESIAN_POINT('',(7.85,-6.9));
#1565 = CARTESIAN_POINT('',(16.85,-6.9));
#1566 = ( GEOMETRIC_REPRESENTATION_CONTEXT(2) 
PARAMETRIC_REPRESENTATION_CONTEXT() REPRESENTATION_CONTEXT('2D SPACE',''
  ) );
#1567 = PCURVE('',#1568,#1573);
#1568 = PLANE('',#1569);
#1569 = AXIS2_PLACEMENT_3D('',#1570,#1571,#1572);
#1570 = CARTESIAN_POINT('',(8.9,23.65,6.9));
#1571 = DIRECTION('',(0.,0.,1.));
#1572 = DIRECTION('',(1.,0.,-0.));
#1573 = DEFINITIONAL_REPRESENTATION('',(#1574),#1577);
#1574 = B_SPLINE_CURVE_WITH_KNOTS('',1,(#1575,#1576),.UNSPECIFIED.,.F.,
  .F.,(2,2),(1.675,10.675),.PIECEWISE_BEZIER_KNOTS.);
#1575 = CARTESIAN_POINT('',(4.5,1.E-01));
#1576 = CARTESIAN_POINT('',(-4.5,1.E-01));
#1577 = ( GEOMETRIC_REPRESENTATION_CONTEXT(2) 
PARAMETRIC_REPRESENTATION_CONTEXT() REPRESENTATION_CONTEXT('2D SPACE',''
  ) );
#1578 = ORIENTED_EDGE('',*,*,#1579,.F.);
#1579 = EDGE_CURVE('',#1580,#1554,#1582,.T.);
#1580 = VERTEX_POINT('',#1581);
#1581 = CARTESIAN_POINT('',(2.4,23.75,8.9));
#1582 = SURFACE_CURVE('',#1583,(#1588,#1595),.PCURVE_S1.);
#1583 = CIRCLE('',#1584,2.);
#1584 = AXIS2_PLACEMENT_3D('',#1585,#1586,#1587);
#1585 = CARTESIAN_POINT('',(4.4,23.75,8.9));
#1586 = DIRECTION('',(0.,-1.,0.));
#1587 = DIRECTION('',(-1.,0.,0.));
#1588 = PCURVE('',#428,#1589);
#1589 = DEFINITIONAL_REPRESENTATION('',(#1590),#1594);
#1590 = CIRCLE('',#1591,2.);
#1591 = AXIS2_PLACEMENT_2D('',#1592,#1593);
#1592 = CARTESIAN_POINT('',(16.85,-8.9));
#1593 = DIRECTION('',(1.,0.));
#1594 = ( GEOMETRIC_REPRESENTATION_CONTEXT(2) 
PARAMETRIC_REPRESENTATION_CONTEXT() REPRESENTATION_CONTEXT('2D SPACE',''
  ) );
#1595 = PCURVE('',#1596,#1601);
#1596 = CYLINDRICAL_SURFACE('',#1597,2.);
#1597 = AXIS2_PLACEMENT_3D('',#1598,#1599,#1600);
#1598 = CARTESIAN_POINT('',(4.4,24.75,8.9));
#1599 = DIRECTION('',(0.,-1.,0.));
#1600 = DIRECTION('',(-1.,-0.,0.));
#1601 = DEFINITIONAL_REPRESENTATION('',(#1602),#1606);
#1602 = LINE('',#1603,#1604);
#1603 = CARTESIAN_POINT('',(0.,1.));
#1604 = VECTOR('',#1605,1.);
#1605 = DIRECTION('',(1.,0.));
#1606 = ( GEOMETRIC_REPRESENTATION_CONTEXT(2) 
PARAMETRIC_REPRESENTATION_CONTEXT() REPRESENTATION_CONTEXT('2D SPACE',''
  ) );
#1607 = ORIENTED_EDGE('',*,*,#1608,.T.);
#1608 = EDGE_CURVE('',#1580,#713,#1609,.T.);
#1609 = SURFACE_CURVE('',#1610,(#1614,#1620),.PCURVE_S1.);
#1610 = LINE('',#1611,#1612);
#1611 = CARTESIAN_POINT('',(2.4,23.75,3.45));
#1612 = VECTOR('',#1613,1.);
#1613 = DIRECTION('',(0.,0.,1.));
#1614 = PCURVE('',#428,#1615);
#1615 = DEFINITIONAL_REPRESENTATION('',(#1616),#1619);
#1616 = B_SPLINE_CURVE_WITH_KNOTS('',1,(#1617,#1618),.UNSPECIFIED.,.F.,
  .F.,(2,2),(5.45,5.85),.PIECEWISE_BEZIER_KNOTS.);
#1617 = CARTESIAN_POINT('',(18.85,-8.9));
#1618 = CARTESIAN_POINT('',(18.85,-9.3));
#1619 = ( GEOMETRIC_REPRESENTATION_CONTEXT(2) 
PARAMETRIC_REPRESENTATION_CONTEXT() REPRESENTATION_CONTEXT('2D SPACE',''
  ) );
#1620 = PCURVE('',#727,#1621);
#1621 = DEFINITIONAL_REPRESENTATION('',(#1622),#1625);
#1622 = B_SPLINE_CURVE_WITH_KNOTS('',1,(#1623,#1624),.UNSPECIFIED.,.F.,
  .F.,(2,2),(5.45,5.85),.PIECEWISE_BEZIER_KNOTS.);
#1623 = CARTESIAN_POINT('',(1.,-2.));
#1624 = CARTESIAN_POINT('',(1.,-2.4));
#1625 = ( GEOMETRIC_REPRESENTATION_CONTEXT(2) 
PARAMETRIC_REPRESENTATION_CONTEXT() REPRESENTATION_CONTEXT('2D SPACE',''
  ) );
#1626 = ORIENTED_EDGE('',*,*,#738,.T.);
#1627 = ORIENTED_EDGE('',*,*,#1404,.F.);
#1628 = ADVANCED_FACE('',(#1629),#727,.T.);
#1629 = FACE_BOUND('',#1630,.T.);
#1630 = EDGE_LOOP('',(#1631,#1654,#1655,#1656));
#1631 = ORIENTED_EDGE('',*,*,#1632,.F.);
#1632 = EDGE_CURVE('',#1580,#1633,#1635,.T.);
#1633 = VERTEX_POINT('',#1634);
#1634 = CARTESIAN_POINT('',(2.4,22.75,8.9));
#1635 = SURFACE_CURVE('',#1636,(#1640,#1647),.PCURVE_S1.);
#1636 = LINE('',#1637,#1638);
#1637 = CARTESIAN_POINT('',(2.4,24.75,8.9));
#1638 = VECTOR('',#1639,1.);
#1639 = DIRECTION('',(0.,-1.,0.));
#1640 = PCURVE('',#727,#1641);
#1641 = DEFINITIONAL_REPRESENTATION('',(#1642),#1646);
#1642 = LINE('',#1643,#1644);
#1643 = CARTESIAN_POINT('',(0.,-2.));
#1644 = VECTOR('',#1645,1.);
#1645 = DIRECTION('',(1.,0.));
#1646 = ( GEOMETRIC_REPRESENTATION_CONTEXT(2) 
PARAMETRIC_REPRESENTATION_CONTEXT() REPRESENTATION_CONTEXT('2D SPACE',''
  ) );
#1647 = PCURVE('',#1596,#1648);
#1648 = DEFINITIONAL_REPRESENTATION('',(#1649),#1653);
#1649 = LINE('',#1650,#1651);
#1650 = CARTESIAN_POINT('',(0.,0.));
#1651 = VECTOR('',#1652,1.);
#1652 = DIRECTION('',(0.,1.));
#1653 = ( GEOMETRIC_REPRESENTATION_CONTEXT(2) 
PARAMETRIC_REPRESENTATION_CONTEXT() REPRESENTATION_CONTEXT('2D SPACE',''
  ) );
#1654 = ORIENTED_EDGE('',*,*,#1608,.T.);
#1655 = ORIENTED_EDGE('',*,*,#712,.F.);
#1656 = ORIENTED_EDGE('',*,*,#1657,.F.);
#1657 = EDGE_CURVE('',#1633,#687,#1658,.T.);
#1658 = SURFACE_CURVE('',#1659,(#1663,#1669),.PCURVE_S1.);
#1659 = LINE('',#1660,#1661);
#1660 = CARTESIAN_POINT('',(2.4,22.75,7.35));
#1661 = VECTOR('',#1662,1.);
#1662 = DIRECTION('',(0.,0.,1.));
#1663 = PCURVE('',#727,#1664);
#1664 = DEFINITIONAL_REPRESENTATION('',(#1665),#1668);
#1665 = B_SPLINE_CURVE_WITH_KNOTS('',1,(#1666,#1667),.UNSPECIFIED.,.F.,
  .F.,(2,2),(1.55,1.95),.PIECEWISE_BEZIER_KNOTS.);
#1666 = CARTESIAN_POINT('',(2.,-2.));
#1667 = CARTESIAN_POINT('',(2.,-2.4));
#1668 = ( GEOMETRIC_REPRESENTATION_CONTEXT(2) 
PARAMETRIC_REPRESENTATION_CONTEXT() REPRESENTATION_CONTEXT('2D SPACE',''
  ) );
#1669 = PCURVE('',#701,#1670);
#1670 = DEFINITIONAL_REPRESENTATION('',(#1671),#1674);
#1671 = B_SPLINE_CURVE_WITH_KNOTS('',1,(#1672,#1673),.UNSPECIFIED.,.F.,
  .F.,(2,2),(1.55,1.95),.PIECEWISE_BEZIER_KNOTS.);
#1672 = CARTESIAN_POINT('',(17.85,-1.1));
#1673 = CARTESIAN_POINT('',(17.85,-1.5));
#1674 = ( GEOMETRIC_REPRESENTATION_CONTEXT(2) 
PARAMETRIC_REPRESENTATION_CONTEXT() REPRESENTATION_CONTEXT('2D SPACE',''
  ) );
#1675 = ADVANCED_FACE('',(#1676),#701,.T.);
#1676 = FACE_BOUND('',#1677,.T.);
#1677 = EDGE_LOOP('',(#1678,#1708,#1730,#1731,#1732));
#1678 = ORIENTED_EDGE('',*,*,#1679,.F.);
#1679 = EDGE_CURVE('',#1680,#1682,#1684,.T.);
#1680 = VERTEX_POINT('',#1681);
#1681 = CARTESIAN_POINT('',(2.729670691151,22.75,7.8));
#1682 = VERTEX_POINT('',#1683);
#1683 = CARTESIAN_POINT('',(-8.1,22.75,7.8));
#1684 = SURFACE_CURVE('',#1685,(#1689,#1696),.PCURVE_S1.);
#1685 = LINE('',#1686,#1687);
#1686 = CARTESIAN_POINT('',(20.25,22.75,7.8));
#1687 = VECTOR('',#1688,1.);
#1688 = DIRECTION('',(-1.,0.,0.));
#1689 = PCURVE('',#701,#1690);
#1690 = DEFINITIONAL_REPRESENTATION('',(#1691),#1695);
#1691 = LINE('',#1692,#1693);
#1692 = CARTESIAN_POINT('',(0.,-0.));
#1693 = VECTOR('',#1694,1.);
#1694 = DIRECTION('',(1.,0.));
#1695 = ( GEOMETRIC_REPRESENTATION_CONTEXT(2) 
PARAMETRIC_REPRESENTATION_CONTEXT() REPRESENTATION_CONTEXT('2D SPACE',''
  ) );
#1696 = PCURVE('',#1697,#1702);
#1697 = PLANE('',#1698);
#1698 = AXIS2_PLACEMENT_3D('',#1699,#1700,#1701);
#1699 = CARTESIAN_POINT('',(4.7,10.55,7.8));
#1700 = DIRECTION('',(0.,0.,1.));
#1701 = DIRECTION('',(1.,0.,-0.));
#1702 = DEFINITIONAL_REPRESENTATION('',(#1703),#1707);
#1703 = LINE('',#1704,#1705);
#1704 = CARTESIAN_POINT('',(15.55,12.2));
#1705 = VECTOR('',#1706,1.);
#1706 = DIRECTION('',(-1.,0.));
#1707 = ( GEOMETRIC_REPRESENTATION_CONTEXT(2) 
PARAMETRIC_REPRESENTATION_CONTEXT() REPRESENTATION_CONTEXT('2D SPACE',''
  ) );
#1708 = ORIENTED_EDGE('',*,*,#1709,.F.);
#1709 = EDGE_CURVE('',#1633,#1680,#1710,.T.);
#1710 = SURFACE_CURVE('',#1711,(#1716,#1723),.PCURVE_S1.);
#1711 = CIRCLE('',#1712,2.);
#1712 = AXIS2_PLACEMENT_3D('',#1713,#1714,#1715);
#1713 = CARTESIAN_POINT('',(4.4,22.75,8.9));
#1714 = DIRECTION('',(0.,-1.,0.));
#1715 = DIRECTION('',(-1.,0.,0.));
#1716 = PCURVE('',#701,#1717);
#1717 = DEFINITIONAL_REPRESENTATION('',(#1718),#1722);
#1718 = CIRCLE('',#1719,2.);
#1719 = AXIS2_PLACEMENT_2D('',#1720,#1721);
#1720 = CARTESIAN_POINT('',(15.85,-1.1));
#1721 = DIRECTION('',(1.,0.));
#1722 = ( GEOMETRIC_REPRESENTATION_CONTEXT(2) 
PARAMETRIC_REPRESENTATION_CONTEXT() REPRESENTATION_CONTEXT('2D SPACE',''
  ) );
#1723 = PCURVE('',#1596,#1724);
#1724 = DEFINITIONAL_REPRESENTATION('',(#1725),#1729);
#1725 = LINE('',#1726,#1727);
#1726 = CARTESIAN_POINT('',(0.,2.));
#1727 = VECTOR('',#1728,1.);
#1728 = DIRECTION('',(1.,0.));
#1729 = ( GEOMETRIC_REPRESENTATION_CONTEXT(2) 
PARAMETRIC_REPRESENTATION_CONTEXT() REPRESENTATION_CONTEXT('2D SPACE',''
  ) );
#1730 = ORIENTED_EDGE('',*,*,#1657,.T.);
#1731 = ORIENTED_EDGE('',*,*,#686,.F.);
#1732 = ORIENTED_EDGE('',*,*,#1733,.F.);
#1733 = EDGE_CURVE('',#1682,#658,#1734,.T.);
#1734 = SURFACE_CURVE('',#1735,(#1739,#1746),.PCURVE_S1.);
#1735 = LINE('',#1736,#1737);
#1736 = CARTESIAN_POINT('',(-8.1,22.75,7.8));
#1737 = VECTOR('',#1738,1.);
#1738 = DIRECTION('',(0.,0.,1.));
#1739 = PCURVE('',#701,#1740);
#1740 = DEFINITIONAL_REPRESENTATION('',(#1741),#1745);
#1741 = LINE('',#1742,#1743);
#1742 = CARTESIAN_POINT('',(28.35,0.));
#1743 = VECTOR('',#1744,1.);
#1744 = DIRECTION('',(0.,-1.));
#1745 = ( GEOMETRIC_REPRESENTATION_CONTEXT(2) 
PARAMETRIC_REPRESENTATION_CONTEXT() REPRESENTATION_CONTEXT('2D SPACE',''
  ) );
#1746 = PCURVE('',#674,#1747);
#1747 = DEFINITIONAL_REPRESENTATION('',(#1748),#1752);
#1748 = LINE('',#1749,#1750);
#1749 = CARTESIAN_POINT('',(0.,0.));
#1750 = VECTOR('',#1751,1.);
#1751 = DIRECTION('',(0.,1.));
#1752 = ( GEOMETRIC_REPRESENTATION_CONTEXT(2) 
PARAMETRIC_REPRESENTATION_CONTEXT() REPRESENTATION_CONTEXT('2D SPACE',''
  ) );
#1753 = ADVANCED_FACE('',(#1754),#674,.F.);
#1754 = FACE_BOUND('',#1755,.F.);
#1755 = EDGE_LOOP('',(#1756,#1757,#1781,#1802));
#1756 = ORIENTED_EDGE('',*,*,#1733,.F.);
#1757 = ORIENTED_EDGE('',*,*,#1758,.T.);
#1758 = EDGE_CURVE('',#1682,#1759,#1761,.T.);
#1759 = VERTEX_POINT('',#1760);
#1760 = CARTESIAN_POINT('',(-10.85,20.,7.8));
#1761 = SURFACE_CURVE('',#1762,(#1767,#1774),.PCURVE_S1.);
#1762 = CIRCLE('',#1763,2.75);
#1763 = AXIS2_PLACEMENT_3D('',#1764,#1765,#1766);
#1764 = CARTESIAN_POINT('',(-8.1,20.,7.8));
#1765 = DIRECTION('',(0.,0.,1.));
#1766 = DIRECTION('',(0.,-1.,0.));
#1767 = PCURVE('',#674,#1768);
#1768 = DEFINITIONAL_REPRESENTATION('',(#1769),#1773);
#1769 = LINE('',#1770,#1771);
#1770 = CARTESIAN_POINT('',(-3.14159265359,-8.881784197001E-16));
#1771 = VECTOR('',#1772,1.);
#1772 = DIRECTION('',(1.,0.));
#1773 = ( GEOMETRIC_REPRESENTATION_CONTEXT(2) 
PARAMETRIC_REPRESENTATION_CONTEXT() REPRESENTATION_CONTEXT('2D SPACE',''
  ) );
#1774 = PCURVE('',#1697,#1775);
#1775 = DEFINITIONAL_REPRESENTATION('',(#1776),#1780);
#1776 = CIRCLE('',#1777,2.75);
#1777 = AXIS2_PLACEMENT_2D('',#1778,#1779);
#1778 = CARTESIAN_POINT('',(-12.8,9.45));
#1779 = DIRECTION('',(0.,-1.));
#1780 = ( GEOMETRIC_REPRESENTATION_CONTEXT(2) 
PARAMETRIC_REPRESENTATION_CONTEXT() REPRESENTATION_CONTEXT('2D SPACE',''
  ) );
#1781 = ORIENTED_EDGE('',*,*,#1782,.T.);
#1782 = EDGE_CURVE('',#1759,#632,#1783,.T.);
#1783 = SURFACE_CURVE('',#1784,(#1788,#1795),.PCURVE_S1.);
#1784 = LINE('',#1785,#1786);
#1785 = CARTESIAN_POINT('',(-10.85,20.,7.8));
#1786 = VECTOR('',#1787,1.);
#1787 = DIRECTION('',(0.,0.,1.));
#1788 = PCURVE('',#674,#1789);
#1789 = DEFINITIONAL_REPRESENTATION('',(#1790),#1794);
#1790 = LINE('',#1791,#1792);
#1791 = CARTESIAN_POINT('',(1.570796326795,0.));
#1792 = VECTOR('',#1793,1.);
#1793 = DIRECTION('',(0.,1.));
#1794 = ( GEOMETRIC_REPRESENTATION_CONTEXT(2) 
PARAMETRIC_REPRESENTATION_CONTEXT() REPRESENTATION_CONTEXT('2D SPACE',''
  ) );
#1795 = PCURVE('',#646,#1796);
#1796 = DEFINITIONAL_REPRESENTATION('',(#1797),#1801);
#1797 = LINE('',#1798,#1799);
#1798 = CARTESIAN_POINT('',(2.75,0.));
#1799 = VECTOR('',#1800,1.);
#1800 = DIRECTION('',(0.,-1.));
#1801 = ( GEOMETRIC_REPRESENTATION_CONTEXT(2) 
PARAMETRIC_REPRESENTATION_CONTEXT() REPRESENTATION_CONTEXT('2D SPACE',''
  ) );
#1802 = ORIENTED_EDGE('',*,*,#657,.F.);
#1803 = ADVANCED_FACE('',(#1804),#646,.T.);
#1804 = FACE_BOUND('',#1805,.T.);
#1805 = EDGE_LOOP('',(#1806,#1829,#1830,#1831));
#1806 = ORIENTED_EDGE('',*,*,#1807,.F.);
#1807 = EDGE_CURVE('',#1759,#1808,#1810,.T.);
#1808 = VERTEX_POINT('',#1809);
#1809 = CARTESIAN_POINT('',(-10.85,1.1,7.8));
#1810 = SURFACE_CURVE('',#1811,(#1815,#1822),.PCURVE_S1.);
#1811 = LINE('',#1812,#1813);
#1812 = CARTESIAN_POINT('',(-10.85,22.75,7.8));
#1813 = VECTOR('',#1814,1.);
#1814 = DIRECTION('',(0.,-1.,0.));
#1815 = PCURVE('',#646,#1816);
#1816 = DEFINITIONAL_REPRESENTATION('',(#1817),#1821);
#1817 = LINE('',#1818,#1819);
#1818 = CARTESIAN_POINT('',(0.,0.));
#1819 = VECTOR('',#1820,1.);
#1820 = DIRECTION('',(1.,0.));
#1821 = ( GEOMETRIC_REPRESENTATION_CONTEXT(2) 
PARAMETRIC_REPRESENTATION_CONTEXT() REPRESENTATION_CONTEXT('2D SPACE',''
  ) );
#1822 = PCURVE('',#1697,#1823);
#1823 = DEFINITIONAL_REPRESENTATION('',(#1824),#1828);
#1824 = LINE('',#1825,#1826);
#1825 = CARTESIAN_POINT('',(-15.55,12.2));
#1826 = VECTOR('',#1827,1.);
#1827 = DIRECTION('',(0.,-1.));
#1828 = ( GEOMETRIC_REPRESENTATION_CONTEXT(2) 
PARAMETRIC_REPRESENTATION_CONTEXT() REPRESENTATION_CONTEXT('2D SPACE',''
  ) );
#1829 = ORIENTED_EDGE('',*,*,#1782,.T.);
#1830 = ORIENTED_EDGE('',*,*,#631,.F.);
#1831 = ORIENTED_EDGE('',*,*,#1832,.F.);
#1832 = EDGE_CURVE('',#1808,#603,#1833,.T.);
#1833 = SURFACE_CURVE('',#1834,(#1838,#1845),.PCURVE_S1.);
#1834 = LINE('',#1835,#1836);
#1835 = CARTESIAN_POINT('',(-10.85,1.1,7.8));
#1836 = VECTOR('',#1837,1.);
#1837 = DIRECTION('',(0.,0.,1.));
#1838 = PCURVE('',#646,#1839);
#1839 = DEFINITIONAL_REPRESENTATION('',(#1840),#1844);
#1840 = LINE('',#1841,#1842);
#1841 = CARTESIAN_POINT('',(21.65,0.));
#1842 = VECTOR('',#1843,1.);
#1843 = DIRECTION('',(0.,-1.));
#1844 = ( GEOMETRIC_REPRESENTATION_CONTEXT(2) 
PARAMETRIC_REPRESENTATION_CONTEXT() REPRESENTATION_CONTEXT('2D SPACE',''
  ) );
#1845 = PCURVE('',#619,#1846);
#1846 = DEFINITIONAL_REPRESENTATION('',(#1847),#1851);
#1847 = LINE('',#1848,#1849);
#1848 = CARTESIAN_POINT('',(-1.570796326795,0.));
#1849 = VECTOR('',#1850,1.);
#1850 = DIRECTION('',(-0.,1.));
#1851 = ( GEOMETRIC_REPRESENTATION_CONTEXT(2) 
PARAMETRIC_REPRESENTATION_CONTEXT() REPRESENTATION_CONTEXT('2D SPACE',''
  ) );
#1852 = ADVANCED_FACE('',(#1853),#619,.F.);
#1853 = FACE_BOUND('',#1854,.T.);
#1854 = EDGE_LOOP('',(#1855,#1878,#1904,#1905));
#1855 = ORIENTED_EDGE('',*,*,#1856,.F.);
#1856 = EDGE_CURVE('',#1857,#577,#1859,.T.);
#1857 = VERTEX_POINT('',#1858);
#1858 = CARTESIAN_POINT('',(-8.1,-1.65,7.8));
#1859 = SURFACE_CURVE('',#1860,(#1864,#1871),.PCURVE_S1.);
#1860 = LINE('',#1861,#1862);
#1861 = CARTESIAN_POINT('',(-8.1,-1.65,7.8));
#1862 = VECTOR('',#1863,1.);
#1863 = DIRECTION('',(0.,0.,1.));
#1864 = PCURVE('',#619,#1865);
#1865 = DEFINITIONAL_REPRESENTATION('',(#1866),#1870);
#1866 = LINE('',#1867,#1868);
#1867 = CARTESIAN_POINT('',(-0.,0.));
#1868 = VECTOR('',#1869,1.);
#1869 = DIRECTION('',(-0.,1.));
#1870 = ( GEOMETRIC_REPRESENTATION_CONTEXT(2) 
PARAMETRIC_REPRESENTATION_CONTEXT() REPRESENTATION_CONTEXT('2D SPACE',''
  ) );
#1871 = PCURVE('',#591,#1872);
#1872 = DEFINITIONAL_REPRESENTATION('',(#1873),#1877);
#1873 = LINE('',#1874,#1875);
#1874 = CARTESIAN_POINT('',(2.75,0.));
#1875 = VECTOR('',#1876,1.);
#1876 = DIRECTION('',(0.,-1.));
#1877 = ( GEOMETRIC_REPRESENTATION_CONTEXT(2) 
PARAMETRIC_REPRESENTATION_CONTEXT() REPRESENTATION_CONTEXT('2D SPACE',''
  ) );
#1878 = ORIENTED_EDGE('',*,*,#1879,.T.);
#1879 = EDGE_CURVE('',#1857,#1808,#1880,.T.);
#1880 = SURFACE_CURVE('',#1881,(#1886,#1893),.PCURVE_S1.);
#1881 = CIRCLE('',#1882,2.75);
#1882 = AXIS2_PLACEMENT_3D('',#1883,#1884,#1885);
#1883 = CARTESIAN_POINT('',(-8.1,1.1,7.8));
#1884 = DIRECTION('',(-0.,-0.,-1.));
#1885 = DIRECTION('',(0.,-1.,0.));
#1886 = PCURVE('',#619,#1887);
#1887 = DEFINITIONAL_REPRESENTATION('',(#1888),#1892);
#1888 = LINE('',#1889,#1890);
#1889 = CARTESIAN_POINT('',(-0.,-8.881784197001E-16));
#1890 = VECTOR('',#1891,1.);
#1891 = DIRECTION('',(-1.,0.));
#1892 = ( GEOMETRIC_REPRESENTATION_CONTEXT(2) 
PARAMETRIC_REPRESENTATION_CONTEXT() REPRESENTATION_CONTEXT('2D SPACE',''
  ) );
#1893 = PCURVE('',#1697,#1894);
#1894 = DEFINITIONAL_REPRESENTATION('',(#1895),#1903);
#1895 = ( BOUNDED_CURVE() B_SPLINE_CURVE(2,(#1896,#1897,#1898,#1899,
#1900,#1901,#1902),.UNSPECIFIED.,.T.,.F.) B_SPLINE_CURVE_WITH_KNOTS((1,2
    ,2,2,2,1),(-2.094395102393,0.,2.094395102393,4.188790204786,
6.28318530718,8.377580409573),.UNSPECIFIED.) CURVE() 
GEOMETRIC_REPRESENTATION_ITEM() RATIONAL_B_SPLINE_CURVE((1.,0.5,1.,0.5,
1.,0.5,1.)) REPRESENTATION_ITEM('') );
#1896 = CARTESIAN_POINT('',(-12.8,-12.2));
#1897 = CARTESIAN_POINT('',(-17.56313972081,-12.2));
#1898 = CARTESIAN_POINT('',(-15.1815698604,-8.075));
#1899 = CARTESIAN_POINT('',(-12.8,-3.95));
#1900 = CARTESIAN_POINT('',(-10.41843013959,-8.075));
#1901 = CARTESIAN_POINT('',(-8.036860279186,-12.2));
#1902 = CARTESIAN_POINT('',(-12.8,-12.2));
#1903 = ( GEOMETRIC_REPRESENTATION_CONTEXT(2) 
PARAMETRIC_REPRESENTATION_CONTEXT() REPRESENTATION_CONTEXT('2D SPACE',''
  ) );
#1904 = ORIENTED_EDGE('',*,*,#1832,.T.);
#1905 = ORIENTED_EDGE('',*,*,#602,.T.);
#1906 = ADVANCED_FACE('',(#1907),#591,.T.);
#1907 = FACE_BOUND('',#1908,.T.);
#1908 = EDGE_LOOP('',(#1909,#1932,#1933,#1934));
#1909 = ORIENTED_EDGE('',*,*,#1910,.F.);
#1910 = EDGE_CURVE('',#1857,#1911,#1913,.T.);
#1911 = VERTEX_POINT('',#1912);
#1912 = CARTESIAN_POINT('',(17.5,-1.65,7.8));
#1913 = SURFACE_CURVE('',#1914,(#1918,#1925),.PCURVE_S1.);
#1914 = LINE('',#1915,#1916);
#1915 = CARTESIAN_POINT('',(-10.85,-1.65,7.8));
#1916 = VECTOR('',#1917,1.);
#1917 = DIRECTION('',(1.,0.,0.));
#1918 = PCURVE('',#591,#1919);
#1919 = DEFINITIONAL_REPRESENTATION('',(#1920),#1924);
#1920 = LINE('',#1921,#1922);
#1921 = CARTESIAN_POINT('',(0.,0.));
#1922 = VECTOR('',#1923,1.);
#1923 = DIRECTION('',(1.,0.));
#1924 = ( GEOMETRIC_REPRESENTATION_CONTEXT(2) 
PARAMETRIC_REPRESENTATION_CONTEXT() REPRESENTATION_CONTEXT('2D SPACE',''
  ) );
#1925 = PCURVE('',#1697,#1926);
#1926 = DEFINITIONAL_REPRESENTATION('',(#1927),#1931);
#1927 = LINE('',#1928,#1929);
#1928 = CARTESIAN_POINT('',(-15.55,-12.2));
#1929 = VECTOR('',#1930,1.);
#1930 = DIRECTION('',(1.,0.));
#1931 = ( GEOMETRIC_REPRESENTATION_CONTEXT(2) 
PARAMETRIC_REPRESENTATION_CONTEXT() REPRESENTATION_CONTEXT('2D SPACE',''
  ) );
#1932 = ORIENTED_EDGE('',*,*,#1856,.T.);
#1933 = ORIENTED_EDGE('',*,*,#576,.F.);
#1934 = ORIENTED_EDGE('',*,*,#1935,.F.);
#1935 = EDGE_CURVE('',#1911,#548,#1936,.T.);
#1936 = SURFACE_CURVE('',#1937,(#1941,#1948),.PCURVE_S1.);
#1937 = LINE('',#1938,#1939);
#1938 = CARTESIAN_POINT('',(17.5,-1.65,7.8));
#1939 = VECTOR('',#1940,1.);
#1940 = DIRECTION('',(0.,0.,1.));
#1941 = PCURVE('',#591,#1942);
#1942 = DEFINITIONAL_REPRESENTATION('',(#1943),#1947);
#1943 = LINE('',#1944,#1945);
#1944 = CARTESIAN_POINT('',(28.35,0.));
#1945 = VECTOR('',#1946,1.);
#1946 = DIRECTION('',(0.,-1.));
#1947 = ( GEOMETRIC_REPRESENTATION_CONTEXT(2) 
PARAMETRIC_REPRESENTATION_CONTEXT() REPRESENTATION_CONTEXT('2D SPACE',''
  ) );
#1948 = PCURVE('',#564,#1949);
#1949 = DEFINITIONAL_REPRESENTATION('',(#1950),#1954);
#1950 = LINE('',#1951,#1952);
#1951 = CARTESIAN_POINT('',(0.,0.));
#1952 = VECTOR('',#1953,1.);
#1953 = DIRECTION('',(0.,1.));
#1954 = ( GEOMETRIC_REPRESENTATION_CONTEXT(2) 
PARAMETRIC_REPRESENTATION_CONTEXT() REPRESENTATION_CONTEXT('2D SPACE',''
  ) );
#1955 = ADVANCED_FACE('',(#1956),#564,.F.);
#1956 = FACE_BOUND('',#1957,.F.);
#1957 = EDGE_LOOP('',(#1958,#1959,#1983,#2004));
#1958 = ORIENTED_EDGE('',*,*,#1935,.F.);
#1959 = ORIENTED_EDGE('',*,*,#1960,.T.);
#1960 = EDGE_CURVE('',#1911,#1961,#1963,.T.);
#1961 = VERTEX_POINT('',#1962);
#1962 = CARTESIAN_POINT('',(20.25,1.1,7.8));
#1963 = SURFACE_CURVE('',#1964,(#1969,#1976),.PCURVE_S1.);
#1964 = CIRCLE('',#1965,2.75);
#1965 = AXIS2_PLACEMENT_3D('',#1966,#1967,#1968);
#1966 = CARTESIAN_POINT('',(17.5,1.1,7.8));
#1967 = DIRECTION('',(0.,0.,1.));
#1968 = DIRECTION('',(0.,-1.,0.));
#1969 = PCURVE('',#564,#1970);
#1970 = DEFINITIONAL_REPRESENTATION('',(#1971),#1975);
#1971 = LINE('',#1972,#1973);
#1972 = CARTESIAN_POINT('',(0.,-8.881784197001E-16));
#1973 = VECTOR('',#1974,1.);
#1974 = DIRECTION('',(1.,0.));
#1975 = ( GEOMETRIC_REPRESENTATION_CONTEXT(2) 
PARAMETRIC_REPRESENTATION_CONTEXT() REPRESENTATION_CONTEXT('2D SPACE',''
  ) );
#1976 = PCURVE('',#1697,#1977);
#1977 = DEFINITIONAL_REPRESENTATION('',(#1978),#1982);
#1978 = CIRCLE('',#1979,2.75);
#1979 = AXIS2_PLACEMENT_2D('',#1980,#1981);
#1980 = CARTESIAN_POINT('',(12.8,-9.45));
#1981 = DIRECTION('',(0.,-1.));
#1982 = ( GEOMETRIC_REPRESENTATION_CONTEXT(2) 
PARAMETRIC_REPRESENTATION_CONTEXT() REPRESENTATION_CONTEXT('2D SPACE',''
  ) );
#1983 = ORIENTED_EDGE('',*,*,#1984,.T.);
#1984 = EDGE_CURVE('',#1961,#522,#1985,.T.);
#1985 = SURFACE_CURVE('',#1986,(#1990,#1997),.PCURVE_S1.);
#1986 = LINE('',#1987,#1988);
#1987 = CARTESIAN_POINT('',(20.25,1.1,7.8));
#1988 = VECTOR('',#1989,1.);
#1989 = DIRECTION('',(0.,0.,1.));
#1990 = PCURVE('',#564,#1991);
#1991 = DEFINITIONAL_REPRESENTATION('',(#1992),#1996);
#1992 = LINE('',#1993,#1994);
#1993 = CARTESIAN_POINT('',(1.570796326795,0.));
#1994 = VECTOR('',#1995,1.);
#1995 = DIRECTION('',(0.,1.));
#1996 = ( GEOMETRIC_REPRESENTATION_CONTEXT(2) 
PARAMETRIC_REPRESENTATION_CONTEXT() REPRESENTATION_CONTEXT('2D SPACE',''
  ) );
#1997 = PCURVE('',#536,#1998);
#1998 = DEFINITIONAL_REPRESENTATION('',(#1999),#2003);
#1999 = LINE('',#2000,#2001);
#2000 = CARTESIAN_POINT('',(2.75,0.));
#2001 = VECTOR('',#2002,1.);
#2002 = DIRECTION('',(0.,-1.));
#2003 = ( GEOMETRIC_REPRESENTATION_CONTEXT(2) 
PARAMETRIC_REPRESENTATION_CONTEXT() REPRESENTATION_CONTEXT('2D SPACE',''
  ) );
#2004 = ORIENTED_EDGE('',*,*,#547,.F.);
#2005 = ADVANCED_FACE('',(#2006),#536,.T.);
#2006 = FACE_BOUND('',#2007,.T.);
#2007 = EDGE_LOOP('',(#2008,#2031,#2032,#2033));
#2008 = ORIENTED_EDGE('',*,*,#2009,.F.);
#2009 = EDGE_CURVE('',#1961,#2010,#2012,.T.);
#2010 = VERTEX_POINT('',#2011);
#2011 = CARTESIAN_POINT('',(20.25,20.,7.8));
#2012 = SURFACE_CURVE('',#2013,(#2017,#2024),.PCURVE_S1.);
#2013 = LINE('',#2014,#2015);
#2014 = CARTESIAN_POINT('',(20.25,-1.65,7.8));
#2015 = VECTOR('',#2016,1.);
#2016 = DIRECTION('',(0.,1.,0.));
#2017 = PCURVE('',#536,#2018);
#2018 = DEFINITIONAL_REPRESENTATION('',(#2019),#2023);
#2019 = LINE('',#2020,#2021);
#2020 = CARTESIAN_POINT('',(0.,0.));
#2021 = VECTOR('',#2022,1.);
#2022 = DIRECTION('',(1.,0.));
#2023 = ( GEOMETRIC_REPRESENTATION_CONTEXT(2) 
PARAMETRIC_REPRESENTATION_CONTEXT() REPRESENTATION_CONTEXT('2D SPACE',''
  ) );
#2024 = PCURVE('',#1697,#2025);
#2025 = DEFINITIONAL_REPRESENTATION('',(#2026),#2030);
#2026 = LINE('',#2027,#2028);
#2027 = CARTESIAN_POINT('',(15.55,-12.2));
#2028 = VECTOR('',#2029,1.);
#2029 = DIRECTION('',(0.,1.));
#2030 = ( GEOMETRIC_REPRESENTATION_CONTEXT(2) 
PARAMETRIC_REPRESENTATION_CONTEXT() REPRESENTATION_CONTEXT('2D SPACE',''
  ) );
#2031 = ORIENTED_EDGE('',*,*,#1984,.T.);
#2032 = ORIENTED_EDGE('',*,*,#521,.F.);
#2033 = ORIENTED_EDGE('',*,*,#2034,.F.);
#2034 = EDGE_CURVE('',#2010,#493,#2035,.T.);
#2035 = SURFACE_CURVE('',#2036,(#2040,#2047),.PCURVE_S1.);
#2036 = LINE('',#2037,#2038);
#2037 = CARTESIAN_POINT('',(20.25,20.,7.8));
#2038 = VECTOR('',#2039,1.);
#2039 = DIRECTION('',(0.,0.,1.));
#2040 = PCURVE('',#536,#2041);
#2041 = DEFINITIONAL_REPRESENTATION('',(#2042),#2046);
#2042 = LINE('',#2043,#2044);
#2043 = CARTESIAN_POINT('',(21.65,0.));
#2044 = VECTOR('',#2045,1.);
#2045 = DIRECTION('',(0.,-1.));
#2046 = ( GEOMETRIC_REPRESENTATION_CONTEXT(2) 
PARAMETRIC_REPRESENTATION_CONTEXT() REPRESENTATION_CONTEXT('2D SPACE',''
  ) );
#2047 = PCURVE('',#509,#2048);
#2048 = DEFINITIONAL_REPRESENTATION('',(#2049),#2053);
#2049 = LINE('',#2050,#2051);
#2050 = CARTESIAN_POINT('',(0.,0.));
#2051 = VECTOR('',#2052,1.);
#2052 = DIRECTION('',(0.,1.));
#2053 = ( GEOMETRIC_REPRESENTATION_CONTEXT(2) 
PARAMETRIC_REPRESENTATION_CONTEXT() REPRESENTATION_CONTEXT('2D SPACE',''
  ) );
#2054 = ADVANCED_FACE('',(#2055),#509,.F.);
#2055 = FACE_BOUND('',#2056,.F.);
#2056 = EDGE_LOOP('',(#2057,#2058,#2082,#2103));
#2057 = ORIENTED_EDGE('',*,*,#2034,.F.);
#2058 = ORIENTED_EDGE('',*,*,#2059,.T.);
#2059 = EDGE_CURVE('',#2010,#2060,#2062,.T.);
#2060 = VERTEX_POINT('',#2061);
#2061 = CARTESIAN_POINT('',(17.5,22.75,7.8));
#2062 = SURFACE_CURVE('',#2063,(#2068,#2075),.PCURVE_S1.);
#2063 = CIRCLE('',#2064,2.75);
#2064 = AXIS2_PLACEMENT_3D('',#2065,#2066,#2067);
#2065 = CARTESIAN_POINT('',(17.5,20.,7.8));
#2066 = DIRECTION('',(0.,0.,1.));
#2067 = DIRECTION('',(0.,-1.,0.));
#2068 = PCURVE('',#509,#2069);
#2069 = DEFINITIONAL_REPRESENTATION('',(#2070),#2074);
#2070 = LINE('',#2071,#2072);
#2071 = CARTESIAN_POINT('',(-1.570796326795,-8.881784197001E-16));
#2072 = VECTOR('',#2073,1.);
#2073 = DIRECTION('',(1.,0.));
#2074 = ( GEOMETRIC_REPRESENTATION_CONTEXT(2) 
PARAMETRIC_REPRESENTATION_CONTEXT() REPRESENTATION_CONTEXT('2D SPACE',''
  ) );
#2075 = PCURVE('',#1697,#2076);
#2076 = DEFINITIONAL_REPRESENTATION('',(#2077),#2081);
#2077 = CIRCLE('',#2078,2.75);
#2078 = AXIS2_PLACEMENT_2D('',#2079,#2080);
#2079 = CARTESIAN_POINT('',(12.8,9.45));
#2080 = DIRECTION('',(0.,-1.));
#2081 = ( GEOMETRIC_REPRESENTATION_CONTEXT(2) 
PARAMETRIC_REPRESENTATION_CONTEXT() REPRESENTATION_CONTEXT('2D SPACE',''
  ) );
#2082 = ORIENTED_EDGE('',*,*,#2083,.T.);
#2083 = EDGE_CURVE('',#2060,#467,#2084,.T.);
#2084 = SURFACE_CURVE('',#2085,(#2089,#2096),.PCURVE_S1.);
#2085 = LINE('',#2086,#2087);
#2086 = CARTESIAN_POINT('',(17.5,22.75,7.8));
#2087 = VECTOR('',#2088,1.);
#2088 = DIRECTION('',(0.,0.,1.));
#2089 = PCURVE('',#509,#2090);
#2090 = DEFINITIONAL_REPRESENTATION('',(#2091),#2095);
#2091 = LINE('',#2092,#2093);
#2092 = CARTESIAN_POINT('',(1.570796326795,0.));
#2093 = VECTOR('',#2094,1.);
#2094 = DIRECTION('',(0.,1.));
#2095 = ( GEOMETRIC_REPRESENTATION_CONTEXT(2) 
PARAMETRIC_REPRESENTATION_CONTEXT() REPRESENTATION_CONTEXT('2D SPACE',''
  ) );
#2096 = PCURVE('',#481,#2097);
#2097 = DEFINITIONAL_REPRESENTATION('',(#2098),#2102);
#2098 = LINE('',#2099,#2100);
#2099 = CARTESIAN_POINT('',(2.75,0.));
#2100 = VECTOR('',#2101,1.);
#2101 = DIRECTION('',(0.,-1.));
#2102 = ( GEOMETRIC_REPRESENTATION_CONTEXT(2) 
PARAMETRIC_REPRESENTATION_CONTEXT() REPRESENTATION_CONTEXT('2D SPACE',''
  ) );
#2103 = ORIENTED_EDGE('',*,*,#492,.F.);
#2104 = ADVANCED_FACE('',(#2105),#481,.T.);
#2105 = FACE_BOUND('',#2106,.T.);
#2106 = EDGE_LOOP('',(#2107,#2130,#2131,#2132,#2153));
#2107 = ORIENTED_EDGE('',*,*,#2108,.F.);
#2108 = EDGE_CURVE('',#2060,#2109,#2111,.T.);
#2109 = VERTEX_POINT('',#2110);
#2110 = CARTESIAN_POINT('',(15.070329308849,22.75,7.8));
#2111 = SURFACE_CURVE('',#2112,(#2116,#2123),.PCURVE_S1.);
#2112 = LINE('',#2113,#2114);
#2113 = CARTESIAN_POINT('',(20.25,22.75,7.8));
#2114 = VECTOR('',#2115,1.);
#2115 = DIRECTION('',(-1.,0.,0.));
#2116 = PCURVE('',#481,#2117);
#2117 = DEFINITIONAL_REPRESENTATION('',(#2118),#2122);
#2118 = LINE('',#2119,#2120);
#2119 = CARTESIAN_POINT('',(0.,-0.));
#2120 = VECTOR('',#2121,1.);
#2121 = DIRECTION('',(1.,0.));
#2122 = ( GEOMETRIC_REPRESENTATION_CONTEXT(2) 
PARAMETRIC_REPRESENTATION_CONTEXT() REPRESENTATION_CONTEXT('2D SPACE',''
  ) );
#2123 = PCURVE('',#1697,#2124);
#2124 = DEFINITIONAL_REPRESENTATION('',(#2125),#2129);
#2125 = LINE('',#2126,#2127);
#2126 = CARTESIAN_POINT('',(15.55,12.2));
#2127 = VECTOR('',#2128,1.);
#2128 = DIRECTION('',(-1.,0.));
#2129 = ( GEOMETRIC_REPRESENTATION_CONTEXT(2) 
PARAMETRIC_REPRESENTATION_CONTEXT() REPRESENTATION_CONTEXT('2D SPACE',''
  ) );
#2130 = ORIENTED_EDGE('',*,*,#2083,.T.);
#2131 = ORIENTED_EDGE('',*,*,#466,.F.);
#2132 = ORIENTED_EDGE('',*,*,#2133,.T.);
#2133 = EDGE_CURVE('',#441,#2134,#2136,.T.);
#2134 = VERTEX_POINT('',#2135);
#2135 = CARTESIAN_POINT('',(15.4,22.75,8.9));
#2136 = SURFACE_CURVE('',#2137,(#2141,#2147),.PCURVE_S1.);
#2137 = LINE('',#2138,#2139);
#2138 = CARTESIAN_POINT('',(15.4,22.75,7.35));
#2139 = VECTOR('',#2140,1.);
#2140 = DIRECTION('',(-0.,-0.,-1.));
#2141 = PCURVE('',#481,#2142);
#2142 = DEFINITIONAL_REPRESENTATION('',(#2143),#2146);
#2143 = B_SPLINE_CURVE_WITH_KNOTS('',1,(#2144,#2145),.UNSPECIFIED.,.F.,
  .F.,(2,2),(-1.95,-1.55),.PIECEWISE_BEZIER_KNOTS.);
#2144 = CARTESIAN_POINT('',(4.85,-1.5));
#2145 = CARTESIAN_POINT('',(4.85,-1.1));
#2146 = ( GEOMETRIC_REPRESENTATION_CONTEXT(2) 
PARAMETRIC_REPRESENTATION_CONTEXT() REPRESENTATION_CONTEXT('2D SPACE',''
  ) );
#2147 = PCURVE('',#455,#2148);
#2148 = DEFINITIONAL_REPRESENTATION('',(#2149),#2152);
#2149 = B_SPLINE_CURVE_WITH_KNOTS('',1,(#2150,#2151),.UNSPECIFIED.,.F.,
  .F.,(2,2),(-1.95,-1.55),.PIECEWISE_BEZIER_KNOTS.);
#2150 = CARTESIAN_POINT('',(0.2,-2.4));
#2151 = CARTESIAN_POINT('',(0.2,-2.));
#2152 = ( GEOMETRIC_REPRESENTATION_CONTEXT(2) 
PARAMETRIC_REPRESENTATION_CONTEXT() REPRESENTATION_CONTEXT('2D SPACE',''
  ) );
#2153 = ORIENTED_EDGE('',*,*,#2154,.T.);
#2154 = EDGE_CURVE('',#2134,#2109,#2155,.T.);
#2155 = SURFACE_CURVE('',#2156,(#2161,#2172),.PCURVE_S1.);
#2156 = CIRCLE('',#2157,2.);
#2157 = AXIS2_PLACEMENT_3D('',#2158,#2159,#2160);
#2158 = CARTESIAN_POINT('',(13.4,22.75,8.9));
#2159 = DIRECTION('',(0.,1.,0.));
#2160 = DIRECTION('',(1.,0.,-0.));
#2161 = PCURVE('',#481,#2162);
#2162 = DEFINITIONAL_REPRESENTATION('',(#2163),#2171);
#2163 = ( BOUNDED_CURVE() B_SPLINE_CURVE(2,(#2164,#2165,#2166,#2167,
#2168,#2169,#2170),.UNSPECIFIED.,.T.,.F.) B_SPLINE_CURVE_WITH_KNOTS((1,2
    ,2,2,2,1),(-2.094395102393,0.,2.094395102393,4.188790204786,
6.28318530718,8.377580409573),.UNSPECIFIED.) CURVE() 
GEOMETRIC_REPRESENTATION_ITEM() RATIONAL_B_SPLINE_CURVE((1.,0.5,1.,0.5,
1.,0.5,1.)) REPRESENTATION_ITEM('') );
#2164 = CARTESIAN_POINT('',(4.85,-1.1));
#2165 = CARTESIAN_POINT('',(4.85,2.364101615138));
#2166 = CARTESIAN_POINT('',(7.85,0.632050807569));
#2167 = CARTESIAN_POINT('',(10.85,-1.1));
#2168 = CARTESIAN_POINT('',(7.85,-2.832050807569));
#2169 = CARTESIAN_POINT('',(4.85,-4.564101615138));
#2170 = CARTESIAN_POINT('',(4.85,-1.1));
#2171 = ( GEOMETRIC_REPRESENTATION_CONTEXT(2) 
PARAMETRIC_REPRESENTATION_CONTEXT() REPRESENTATION_CONTEXT('2D SPACE',''
  ) );
#2172 = PCURVE('',#1541,#2173);
#2173 = DEFINITIONAL_REPRESENTATION('',(#2174),#2178);
#2174 = LINE('',#2175,#2176);
#2175 = CARTESIAN_POINT('',(0.,0.2));
#2176 = VECTOR('',#2177,1.);
#2177 = DIRECTION('',(1.,0.));
#2178 = ( GEOMETRIC_REPRESENTATION_CONTEXT(2) 
PARAMETRIC_REPRESENTATION_CONTEXT() REPRESENTATION_CONTEXT('2D SPACE',''
  ) );
#2179 = ADVANCED_FACE('',(#2180),#455,.T.);
#2180 = FACE_BOUND('',#2181,.T.);
#2181 = EDGE_LOOP('',(#2182,#2203,#2204,#2205));
#2182 = ORIENTED_EDGE('',*,*,#2183,.F.);
#2183 = EDGE_CURVE('',#2134,#1500,#2184,.T.);
#2184 = SURFACE_CURVE('',#2185,(#2189,#2196),.PCURVE_S1.);
#2185 = LINE('',#2186,#2187);
#2186 = CARTESIAN_POINT('',(15.4,22.55,8.9));
#2187 = VECTOR('',#2188,1.);
#2188 = DIRECTION('',(0.,1.,0.));
#2189 = PCURVE('',#455,#2190);
#2190 = DEFINITIONAL_REPRESENTATION('',(#2191),#2195);
#2191 = LINE('',#2192,#2193);
#2192 = CARTESIAN_POINT('',(0.,-2.));
#2193 = VECTOR('',#2194,1.);
#2194 = DIRECTION('',(1.,0.));
#2195 = ( GEOMETRIC_REPRESENTATION_CONTEXT(2) 
PARAMETRIC_REPRESENTATION_CONTEXT() REPRESENTATION_CONTEXT('2D SPACE',''
  ) );
#2196 = PCURVE('',#1541,#2197);
#2197 = DEFINITIONAL_REPRESENTATION('',(#2198),#2202);
#2198 = LINE('',#2199,#2200);
#2199 = CARTESIAN_POINT('',(0.,0.));
#2200 = VECTOR('',#2201,1.);
#2201 = DIRECTION('',(0.,1.));
#2202 = ( GEOMETRIC_REPRESENTATION_CONTEXT(2) 
PARAMETRIC_REPRESENTATION_CONTEXT() REPRESENTATION_CONTEXT('2D SPACE',''
  ) );
#2203 = ORIENTED_EDGE('',*,*,#2133,.F.);
#2204 = ORIENTED_EDGE('',*,*,#440,.F.);
#2205 = ORIENTED_EDGE('',*,*,#1499,.T.);
#2206 = ADVANCED_FACE('',(#2207),#400,.T.);
#2207 = FACE_BOUND('',#2208,.T.);
#2208 = EDGE_LOOP('',(#2209,#2232,#2254,#2255));
#2209 = ORIENTED_EDGE('',*,*,#2210,.F.);
#2210 = EDGE_CURVE('',#2211,#356,#2213,.T.);
#2211 = VERTEX_POINT('',#2212);
#2212 = CARTESIAN_POINT('',(21.25,20.,1.5));
#2213 = SURFACE_CURVE('',#2214,(#2218,#2225),.PCURVE_S1.);
#2214 = LINE('',#2215,#2216);
#2215 = CARTESIAN_POINT('',(21.25,20.,0.));
#2216 = VECTOR('',#2217,1.);
#2217 = DIRECTION('',(0.,0.,1.));
#2218 = PCURVE('',#400,#2219);
#2219 = DEFINITIONAL_REPRESENTATION('',(#2220),#2224);
#2220 = LINE('',#2221,#2222);
#2221 = CARTESIAN_POINT('',(0.,0.));
#2222 = VECTOR('',#2223,1.);
#2223 = DIRECTION('',(0.,1.));
#2224 = ( GEOMETRIC_REPRESENTATION_CONTEXT(2) 
PARAMETRIC_REPRESENTATION_CONTEXT() REPRESENTATION_CONTEXT('2D SPACE',''
  ) );
#2225 = PCURVE('',#371,#2226);
#2226 = DEFINITIONAL_REPRESENTATION('',(#2227),#2231);
#2227 = LINE('',#2228,#2229);
#2228 = CARTESIAN_POINT('',(22.65,0.));
#2229 = VECTOR('',#2230,1.);
#2230 = DIRECTION('',(0.,-1.));
#2231 = ( GEOMETRIC_REPRESENTATION_CONTEXT(2) 
PARAMETRIC_REPRESENTATION_CONTEXT() REPRESENTATION_CONTEXT('2D SPACE',''
  ) );
#2232 = ORIENTED_EDGE('',*,*,#2233,.T.);
#2233 = EDGE_CURVE('',#2211,#1455,#2234,.T.);
#2234 = SURFACE_CURVE('',#2235,(#2240,#2247),.PCURVE_S1.);
#2235 = CIRCLE('',#2236,3.75);
#2236 = AXIS2_PLACEMENT_3D('',#2237,#2238,#2239);
#2237 = CARTESIAN_POINT('',(17.5,20.,1.5));
#2238 = DIRECTION('',(0.,0.,1.));
#2239 = DIRECTION('',(1.,0.,-0.));
#2240 = PCURVE('',#400,#2241);
#2241 = DEFINITIONAL_REPRESENTATION('',(#2242),#2246);
#2242 = LINE('',#2243,#2244);
#2243 = CARTESIAN_POINT('',(0.,1.5));
#2244 = VECTOR('',#2245,1.);
#2245 = DIRECTION('',(1.,0.));
#2246 = ( GEOMETRIC_REPRESENTATION_CONTEXT(2) 
PARAMETRIC_REPRESENTATION_CONTEXT() REPRESENTATION_CONTEXT('2D SPACE',''
  ) );
#2247 = PCURVE('',#1284,#2248);
#2248 = DEFINITIONAL_REPRESENTATION('',(#2249),#2253);
#2249 = LINE('',#2250,#2251);
#2250 = CARTESIAN_POINT('',(-0.,0.));
#2251 = VECTOR('',#2252,1.);
#2252 = DIRECTION('',(-1.,0.));
#2253 = ( GEOMETRIC_REPRESENTATION_CONTEXT(2) 
PARAMETRIC_REPRESENTATION_CONTEXT() REPRESENTATION_CONTEXT('2D SPACE',''
  ) );
#2254 = ORIENTED_EDGE('',*,*,#1477,.T.);
#2255 = ORIENTED_EDGE('',*,*,#383,.F.);
#2256 = ADVANCED_FACE('',(#2257),#371,.F.);
#2257 = FACE_BOUND('',#2258,.F.);
#2258 = EDGE_LOOP('',(#2259,#2282,#2283,#2284,#2285,#2308,#2334,#2407,
    #2433,#2506));
#2259 = ORIENTED_EDGE('',*,*,#2260,.F.);
#2260 = EDGE_CURVE('',#816,#2261,#2263,.T.);
#2261 = VERTEX_POINT('',#2262);
#2262 = CARTESIAN_POINT('',(21.25,2.258712152522,1.5));
#2263 = SURFACE_CURVE('',#2264,(#2268,#2275),.PCURVE_S1.);
#2264 = LINE('',#2265,#2266);
#2265 = CARTESIAN_POINT('',(21.25,1.1,1.5));
#2266 = VECTOR('',#2267,1.);
#2267 = DIRECTION('',(0.,1.,0.));
#2268 = PCURVE('',#371,#2269);
#2269 = DEFINITIONAL_REPRESENTATION('',(#2270),#2274);
#2270 = LINE('',#2271,#2272);
#2271 = CARTESIAN_POINT('',(3.75,-1.5));
#2272 = VECTOR('',#2273,1.);
#2273 = DIRECTION('',(1.,0.));
#2274 = ( GEOMETRIC_REPRESENTATION_CONTEXT(2) 
PARAMETRIC_REPRESENTATION_CONTEXT() REPRESENTATION_CONTEXT('2D SPACE',''
  ) );
#2275 = PCURVE('',#1255,#2276);
#2276 = DEFINITIONAL_REPRESENTATION('',(#2277),#2281);
#2277 = LINE('',#2278,#2279);
#2278 = CARTESIAN_POINT('',(0.,0.));
#2279 = VECTOR('',#2280,1.);
#2280 = DIRECTION('',(0.,1.));
#2281 = ( GEOMETRIC_REPRESENTATION_CONTEXT(2) 
PARAMETRIC_REPRESENTATION_CONTEXT() REPRESENTATION_CONTEXT('2D SPACE',''
  ) );
#2282 = ORIENTED_EDGE('',*,*,#839,.T.);
#2283 = ORIENTED_EDGE('',*,*,#355,.T.);
#2284 = ORIENTED_EDGE('',*,*,#2210,.F.);
#2285 = ORIENTED_EDGE('',*,*,#2286,.F.);
#2286 = EDGE_CURVE('',#2287,#2211,#2289,.T.);
#2287 = VERTEX_POINT('',#2288);
#2288 = CARTESIAN_POINT('',(21.25,18.841287847478,1.5));
#2289 = SURFACE_CURVE('',#2290,(#2294,#2301),.PCURVE_S1.);
#2290 = LINE('',#2291,#2292);
#2291 = CARTESIAN_POINT('',(21.25,1.1,1.5));
#2292 = VECTOR('',#2293,1.);
#2293 = DIRECTION('',(0.,1.,0.));
#2294 = PCURVE('',#371,#2295);
#2295 = DEFINITIONAL_REPRESENTATION('',(#2296),#2300);
#2296 = LINE('',#2297,#2298);
#2297 = CARTESIAN_POINT('',(3.75,-1.5));
#2298 = VECTOR('',#2299,1.);
#2299 = DIRECTION('',(1.,0.));
#2300 = ( GEOMETRIC_REPRESENTATION_CONTEXT(2) 
PARAMETRIC_REPRESENTATION_CONTEXT() REPRESENTATION_CONTEXT('2D SPACE',''
  ) );
#2301 = PCURVE('',#1255,#2302);
#2302 = DEFINITIONAL_REPRESENTATION('',(#2303),#2307);
#2303 = LINE('',#2304,#2305);
#2304 = CARTESIAN_POINT('',(0.,0.));
#2305 = VECTOR('',#2306,1.);
#2306 = DIRECTION('',(0.,1.));
#2307 = ( GEOMETRIC_REPRESENTATION_CONTEXT(2) 
PARAMETRIC_REPRESENTATION_CONTEXT() REPRESENTATION_CONTEXT('2D SPACE',''
  ) );
#2308 = ORIENTED_EDGE('',*,*,#2309,.T.);
#2309 = EDGE_CURVE('',#2287,#2310,#2312,.T.);
#2310 = VERTEX_POINT('',#2311);
#2311 = CARTESIAN_POINT('',(21.25,18.841287847478,1.6));
#2312 = SURFACE_CURVE('',#2313,(#2317,#2323),.PCURVE_S1.);
#2313 = LINE('',#2314,#2315);
#2314 = CARTESIAN_POINT('',(21.25,18.841287847478,0.));
#2315 = VECTOR('',#2316,1.);
#2316 = DIRECTION('',(0.,0.,1.));
#2317 = PCURVE('',#371,#2318);
#2318 = DEFINITIONAL_REPRESENTATION('',(#2319),#2322);
#2319 = B_SPLINE_CURVE_WITH_KNOTS('',1,(#2320,#2321),.UNSPECIFIED.,.F.,
  .F.,(2,2),(0.7999994,1.6000006),.PIECEWISE_BEZIER_KNOTS.);
#2320 = CARTESIAN_POINT('',(21.491287847478,-0.7999994));
#2321 = CARTESIAN_POINT('',(21.491287847478,-1.6000006));
#2322 = ( GEOMETRIC_REPRESENTATION_CONTEXT(2) 
PARAMETRIC_REPRESENTATION_CONTEXT() REPRESENTATION_CONTEXT('2D SPACE',''
  ) );
#2323 = PCURVE('',#2324,#2329);
#2324 = CYLINDRICAL_SURFACE('',#2325,2.5);
#2325 = AXIS2_PLACEMENT_3D('',#2326,#2327,#2328);
#2326 = CARTESIAN_POINT('',(22.25,16.55,0.));
#2327 = DIRECTION('',(0.,0.,1.));
#2328 = DIRECTION('',(-0.,1.,0.));
#2329 = DEFINITIONAL_REPRESENTATION('',(#2330),#2333);
#2330 = B_SPLINE_CURVE_WITH_KNOTS('',1,(#2331,#2332),.UNSPECIFIED.,.F.,
  .F.,(2,2),(0.7999994,1.6000006),.PIECEWISE_BEZIER_KNOTS.);
#2331 = CARTESIAN_POINT('',(0.411516846067,0.7999994));
#2332 = CARTESIAN_POINT('',(0.411516846067,1.6000006));
#2333 = ( GEOMETRIC_REPRESENTATION_CONTEXT(2) 
PARAMETRIC_REPRESENTATION_CONTEXT() REPRESENTATION_CONTEXT('2D SPACE',''
  ) );
#2334 = ORIENTED_EDGE('',*,*,#2335,.T.);
#2335 = EDGE_CURVE('',#2310,#2336,#2338,.T.);
#2336 = VERTEX_POINT('',#2337);
#2337 = CARTESIAN_POINT('',(21.25,17.924772708487,2.4));
#2338 = SURFACE_CURVE('',#2339,(#2358,#2380),.PCURVE_S1.);
#2339 = B_SPLINE_CURVE_WITH_KNOTS('',5,(#2340,#2341,#2342,#2343,#2344,
    #2345,#2346,#2347,#2348,#2349,#2350,#2351,#2352,#2353,#2354,#2355,
    #2356,#2357),.UNSPECIFIED.,.F.,.F.,(6,4,4,4,6),(0.,0.258021912741,
    0.518496447503,0.720790173884,1.),.UNSPECIFIED.);
#2340 = CARTESIAN_POINT('',(21.25,18.841287847478,1.6));
#2341 = CARTESIAN_POINT('',(21.25,18.841287847478,1.66743468058));
#2342 = CARTESIAN_POINT('',(21.25,18.833534993656,1.734873862487));
#2343 = CARTESIAN_POINT('',(21.25,18.818028906547,1.801219672952));
#2344 = CARTESIAN_POINT('',(21.25,18.795040673644,1.865406853606));
#2345 = CARTESIAN_POINT('',(21.25,18.734825884364,1.988170434963));
#2346 = CARTESIAN_POINT('',(21.25,18.697461982651,2.046695934555));
#2347 = CARTESIAN_POINT('',(21.25,18.65350295988,2.101111075455));
#2348 = CARTESIAN_POINT('',(21.25,18.603679321025,2.150644261655));
#2349 = CARTESIAN_POINT('',(21.25,18.506244521342,2.229030462124));
#2350 = CARTESIAN_POINT('',(21.25,18.46062166621,2.260034149214));
#2351 = CARTESIAN_POINT('',(21.25,18.412361975934,2.287529048377));
#2352 = CARTESIAN_POINT('',(21.25,18.361884319084,2.311367123368));
#2353 = CARTESIAN_POINT('',(21.25,18.237442356753,2.359274320483));
#2354 = CARTESIAN_POINT('',(21.25,18.161839464271,2.379987148703));
#2355 = CARTESIAN_POINT('',(21.25,18.08388584947,2.393489433132));
#2356 = CARTESIAN_POINT('',(21.25,18.004592782889,2.4));
#2357 = CARTESIAN_POINT('',(21.25,17.924772708487,2.4));
#2358 = PCURVE('',#371,#2359);
#2359 = DEFINITIONAL_REPRESENTATION('',(#2360),#2379);
#2360 = B_SPLINE_CURVE_WITH_KNOTS('',5,(#2361,#2362,#2363,#2364,#2365,
    #2366,#2367,#2368,#2369,#2370,#2371,#2372,#2373,#2374,#2375,#2376,
    #2377,#2378),.UNSPECIFIED.,.F.,.F.,(6,4,4,4,6),(0.,0.258021912741,
    0.518496447503,0.720790173884,1.),.UNSPECIFIED.);
#2361 = CARTESIAN_POINT('',(21.491287847478,-1.6));
#2362 = CARTESIAN_POINT('',(21.491287847478,-1.66743468058));
#2363 = CARTESIAN_POINT('',(21.483534993656,-1.734873862487));
#2364 = CARTESIAN_POINT('',(21.468028906547,-1.801219672952));
#2365 = CARTESIAN_POINT('',(21.445040673644,-1.865406853606));
#2366 = CARTESIAN_POINT('',(21.384825884364,-1.988170434963));
#2367 = CARTESIAN_POINT('',(21.347461982651,-2.046695934555));
#2368 = CARTESIAN_POINT('',(21.30350295988,-2.101111075455));
#2369 = CARTESIAN_POINT('',(21.253679321025,-2.150644261655));
#2370 = CARTESIAN_POINT('',(21.156244521342,-2.229030462124));
#2371 = CARTESIAN_POINT('',(21.11062166621,-2.260034149214));
#2372 = CARTESIAN_POINT('',(21.062361975934,-2.287529048377));
#2373 = CARTESIAN_POINT('',(21.011884319084,-2.311367123368));
#2374 = CARTESIAN_POINT('',(20.887442356753,-2.359274320483));
#2375 = CARTESIAN_POINT('',(20.811839464271,-2.379987148703));
#2376 = CARTESIAN_POINT('',(20.73388584947,-2.393489433132));
#2377 = CARTESIAN_POINT('',(20.654592782889,-2.4));
#2378 = CARTESIAN_POINT('',(20.574772708487,-2.4));
#2379 = ( GEOMETRIC_REPRESENTATION_CONTEXT(2) 
PARAMETRIC_REPRESENTATION_CONTEXT() REPRESENTATION_CONTEXT('2D SPACE',''
  ) );
#2380 = PCURVE('',#2381,#2386);
#2381 = TOROIDAL_SURFACE('',#2382,1.7,0.8);
#2382 = AXIS2_PLACEMENT_3D('',#2383,#2384,#2385);
#2383 = CARTESIAN_POINT('',(22.25,16.55,1.6));
#2384 = DIRECTION('',(0.,0.,1.));
#2385 = DIRECTION('',(0.,1.,-0.));
#2386 = DEFINITIONAL_REPRESENTATION('',(#2387),#2406);
#2387 = B_SPLINE_CURVE_WITH_KNOTS('',5,(#2388,#2389,#2390,#2391,#2392,
    #2393,#2394,#2395,#2396,#2397,#2398,#2399,#2400,#2401,#2402,#2403,
    #2404,#2405),.UNSPECIFIED.,.F.,.F.,(6,4,4,4,6),(0.,0.258021912741,
    0.518496447503,0.720790173884,1.),.UNSPECIFIED.);
#2388 = CARTESIAN_POINT('',(0.411516846067,0.));
#2389 = CARTESIAN_POINT('',(0.411516846067,8.429335072472E-02));
#2390 = CARTESIAN_POINT('',(0.412757366786,0.168592275946));
#2391 = CARTESIAN_POINT('',(0.415238062258,0.252772680098));
#2392 = CARTESIAN_POINT('',(0.418987452972,0.336749184412));
#2393 = CARTESIAN_POINT('',(0.429182013914,0.504839814805));
#2394 = CARTESIAN_POINT('',(0.4356531739,0.588958851713));
#2395 = CARTESIAN_POINT('',(0.443530038203,0.67262819102));
#2396 = CARTESIAN_POINT('',(0.452901641484,0.755759196612));
#2397 = CARTESIAN_POINT('',(0.472406743644,0.902267840189));
#2398 = CARTESIAN_POINT('',(0.481903122039,0.965915239607));
#2399 = CARTESIAN_POINT('',(0.492422284265,1.029109937991));
#2400 = CARTESIAN_POINT('',(0.504028674762,1.091805243718));
#2401 = CARTESIAN_POINT('',(0.534408519834,1.239709213767));
#2402 = CARTESIAN_POINT('',(0.554230671187,1.324420836921));
#2403 = CARTESIAN_POINT('',(0.576440407771,1.407928142874));
#2404 = CARTESIAN_POINT('',(0.601255522588,1.490109223944));
#2405 = CARTESIAN_POINT('',(0.628874925495,1.570796326795));
#2406 = ( GEOMETRIC_REPRESENTATION_CONTEXT(2) 
PARAMETRIC_REPRESENTATION_CONTEXT() REPRESENTATION_CONTEXT('2D SPACE',''
  ) );
#2407 = ORIENTED_EDGE('',*,*,#2408,.F.);
#2408 = EDGE_CURVE('',#2409,#2336,#2411,.T.);
#2409 = VERTEX_POINT('',#2410);
#2410 = CARTESIAN_POINT('',(21.25,3.175227291513,2.4));
#2411 = SURFACE_CURVE('',#2412,(#2416,#2422),.PCURVE_S1.);
#2412 = LINE('',#2413,#2414);
#2413 = CARTESIAN_POINT('',(21.25,3.95,2.4));
#2414 = VECTOR('',#2415,1.);
#2415 = DIRECTION('',(0.,1.,-0.));
#2416 = PCURVE('',#371,#2417);
#2417 = DEFINITIONAL_REPRESENTATION('',(#2418),#2421);
#2418 = B_SPLINE_CURVE_WITH_KNOTS('',1,(#2419,#2420),.UNSPECIFIED.,.F.,
  .F.,(2,2),(-1.1,14.3),.PIECEWISE_BEZIER_KNOTS.);
#2419 = CARTESIAN_POINT('',(5.5,-2.4));
#2420 = CARTESIAN_POINT('',(20.9,-2.4));
#2421 = ( GEOMETRIC_REPRESENTATION_CONTEXT(2) 
PARAMETRIC_REPRESENTATION_CONTEXT() REPRESENTATION_CONTEXT('2D SPACE',''
  ) );
#2422 = PCURVE('',#2423,#2428);
#2423 = PLANE('',#2424);
#2424 = AXIS2_PLACEMENT_3D('',#2425,#2426,#2427);
#2425 = CARTESIAN_POINT('',(23.5,10.55,2.4));
#2426 = DIRECTION('',(0.,0.,1.));
#2427 = DIRECTION('',(1.,0.,-0.));
#2428 = DEFINITIONAL_REPRESENTATION('',(#2429),#2432);
#2429 = B_SPLINE_CURVE_WITH_KNOTS('',1,(#2430,#2431),.UNSPECIFIED.,.F.,
  .F.,(2,2),(-1.1,14.3),.PIECEWISE_BEZIER_KNOTS.);
#2430 = CARTESIAN_POINT('',(-2.25,-7.7));
#2431 = CARTESIAN_POINT('',(-2.25,7.7));
#2432 = ( GEOMETRIC_REPRESENTATION_CONTEXT(2) 
PARAMETRIC_REPRESENTATION_CONTEXT() REPRESENTATION_CONTEXT('2D SPACE',''
  ) );
#2433 = ORIENTED_EDGE('',*,*,#2434,.F.);
#2434 = EDGE_CURVE('',#2435,#2409,#2437,.T.);
#2435 = VERTEX_POINT('',#2436);
#2436 = CARTESIAN_POINT('',(21.25,2.258712152522,1.6));
#2437 = SURFACE_CURVE('',#2438,(#2457,#2479),.PCURVE_S1.);
#2438 = B_SPLINE_CURVE_WITH_KNOTS('',5,(#2439,#2440,#2441,#2442,#2443,
    #2444,#2445,#2446,#2447,#2448,#2449,#2450,#2451,#2452,#2453,#2454,
    #2455,#2456),.UNSPECIFIED.,.F.,.F.,(6,4,4,4,6),(0.,0.25802191274,
    0.518496447502,0.720790173884,1.),.UNSPECIFIED.);
#2439 = CARTESIAN_POINT('',(21.25,2.258712152522,1.6));
#2440 = CARTESIAN_POINT('',(21.25,2.258712152522,1.66743468058));
#2441 = CARTESIAN_POINT('',(21.25,2.266465006344,1.734873862487));
#2442 = CARTESIAN_POINT('',(21.25,2.281971093452,1.801219672952));
#2443 = CARTESIAN_POINT('',(21.25,2.304959326356,1.865406853605));
#2444 = CARTESIAN_POINT('',(21.25,2.365174115636,1.988170434962));
#2445 = CARTESIAN_POINT('',(21.25,2.402538017349,2.046695934554));
#2446 = CARTESIAN_POINT('',(21.25,2.446497040119,2.101111075455));
#2447 = CARTESIAN_POINT('',(21.25,2.496320678975,2.150644261655));
#2448 = CARTESIAN_POINT('',(21.25,2.593755478658,2.229030462123));
#2449 = CARTESIAN_POINT('',(21.25,2.63937833379,2.260034149214));
#2450 = CARTESIAN_POINT('',(21.25,2.687638024065,2.287529048377));
#2451 = CARTESIAN_POINT('',(21.25,2.738115680916,2.311367123368));
#2452 = CARTESIAN_POINT('',(21.25,2.862557643246,2.359274320483));
#2453 = CARTESIAN_POINT('',(21.25,2.938160535728,2.379987148703));
#2454 = CARTESIAN_POINT('',(21.25,3.01611415053,2.393489433132));
#2455 = CARTESIAN_POINT('',(21.25,3.095407217111,2.4));
#2456 = CARTESIAN_POINT('',(21.25,3.175227291513,2.4));
#2457 = PCURVE('',#371,#2458);
#2458 = DEFINITIONAL_REPRESENTATION('',(#2459),#2478);
#2459 = B_SPLINE_CURVE_WITH_KNOTS('',5,(#2460,#2461,#2462,#2463,#2464,
    #2465,#2466,#2467,#2468,#2469,#2470,#2471,#2472,#2473,#2474,#2475,
    #2476,#2477),.UNSPECIFIED.,.F.,.F.,(6,4,4,4,6),(0.,0.25802191274,
    0.518496447502,0.720790173884,1.),.UNSPECIFIED.);
#2460 = CARTESIAN_POINT('',(4.908712152522,-1.6));
#2461 = CARTESIAN_POINT('',(4.908712152522,-1.66743468058));
#2462 = CARTESIAN_POINT('',(4.916465006344,-1.734873862487));
#2463 = CARTESIAN_POINT('',(4.931971093452,-1.801219672952));
#2464 = CARTESIAN_POINT('',(4.954959326356,-1.865406853605));
#2465 = CARTESIAN_POINT('',(5.015174115636,-1.988170434962));
#2466 = CARTESIAN_POINT('',(5.052538017349,-2.046695934554));
#2467 = CARTESIAN_POINT('',(5.096497040119,-2.101111075455));
#2468 = CARTESIAN_POINT('',(5.146320678975,-2.150644261655));
#2469 = CARTESIAN_POINT('',(5.243755478658,-2.229030462123));
#2470 = CARTESIAN_POINT('',(5.28937833379,-2.260034149214));
#2471 = CARTESIAN_POINT('',(5.337638024065,-2.287529048377));
#2472 = CARTESIAN_POINT('',(5.388115680916,-2.311367123368));
#2473 = CARTESIAN_POINT('',(5.512557643246,-2.359274320483));
#2474 = CARTESIAN_POINT('',(5.588160535728,-2.379987148703));
#2475 = CARTESIAN_POINT('',(5.66611415053,-2.393489433132));
#2476 = CARTESIAN_POINT('',(5.745407217111,-2.4));
#2477 = CARTESIAN_POINT('',(5.825227291513,-2.4));
#2478 = ( GEOMETRIC_REPRESENTATION_CONTEXT(2) 
PARAMETRIC_REPRESENTATION_CONTEXT() REPRESENTATION_CONTEXT('2D SPACE',''
  ) );
#2479 = PCURVE('',#2480,#2485);
#2480 = TOROIDAL_SURFACE('',#2481,1.7,0.8);
#2481 = AXIS2_PLACEMENT_3D('',#2482,#2483,#2484);
#2482 = CARTESIAN_POINT('',(22.25,4.55,1.6));
#2483 = DIRECTION('',(0.,0.,1.));
#2484 = DIRECTION('',(-1.,0.,0.));
#2485 = DEFINITIONAL_REPRESENTATION('',(#2486),#2505);
#2486 = B_SPLINE_CURVE_WITH_KNOTS('',5,(#2487,#2488,#2489,#2490,#2491,
    #2492,#2493,#2494,#2495,#2496,#2497,#2498,#2499,#2500,#2501,#2502,
    #2503,#2504),.UNSPECIFIED.,.F.,.F.,(6,4,4,4,6),(0.,0.25802191274,
    0.518496447502,0.720790173884,1.),.UNSPECIFIED.);
#2487 = CARTESIAN_POINT('',(1.159279480727,0.));
#2488 = CARTESIAN_POINT('',(1.159279480727,8.429335072461E-02));
#2489 = CARTESIAN_POINT('',(1.158038960009,0.168592275945));
#2490 = CARTESIAN_POINT('',(1.155558264537,0.252772680098));
#2491 = CARTESIAN_POINT('',(1.151808873823,0.336749184411));
#2492 = CARTESIAN_POINT('',(1.141614312881,0.504839814805));
#2493 = CARTESIAN_POINT('',(1.135143152895,0.588958851713));
#2494 = CARTESIAN_POINT('',(1.127266288592,0.672628191019));
#2495 = CARTESIAN_POINT('',(1.117894685311,0.755759196611));
#2496 = CARTESIAN_POINT('',(1.098389583151,0.902267840189));
#2497 = CARTESIAN_POINT('',(1.088893204756,0.965915239606));
#2498 = CARTESIAN_POINT('',(1.07837404253,1.02910993799));
#2499 = CARTESIAN_POINT('',(1.066767652033,1.091805243717));
#2500 = CARTESIAN_POINT('',(1.036387806961,1.239709213766));
#2501 = CARTESIAN_POINT('',(1.016565655608,1.32442083692));
#2502 = CARTESIAN_POINT('',(0.994355919024,1.407928142873));
#2503 = CARTESIAN_POINT('',(0.969540804207,1.490109223944));
#2504 = CARTESIAN_POINT('',(0.9419214013,1.570796326795));
#2505 = ( GEOMETRIC_REPRESENTATION_CONTEXT(2) 
PARAMETRIC_REPRESENTATION_CONTEXT() REPRESENTATION_CONTEXT('2D SPACE',''
  ) );
#2506 = ORIENTED_EDGE('',*,*,#2507,.F.);
#2507 = EDGE_CURVE('',#2261,#2435,#2508,.T.);
#2508 = SURFACE_CURVE('',#2509,(#2513,#2519),.PCURVE_S1.);
#2509 = LINE('',#2510,#2511);
#2510 = CARTESIAN_POINT('',(21.25,2.258712152522,0.));
#2511 = VECTOR('',#2512,1.);
#2512 = DIRECTION('',(0.,0.,1.));
#2513 = PCURVE('',#371,#2514);
#2514 = DEFINITIONAL_REPRESENTATION('',(#2515),#2518);
#2515 = B_SPLINE_CURVE_WITH_KNOTS('',1,(#2516,#2517),.UNSPECIFIED.,.F.,
  .F.,(2,2),(0.7999994,1.6000006),.PIECEWISE_BEZIER_KNOTS.);
#2516 = CARTESIAN_POINT('',(4.908712152522,-0.7999994));
#2517 = CARTESIAN_POINT('',(4.908712152522,-1.6000006));
#2518 = ( GEOMETRIC_REPRESENTATION_CONTEXT(2) 
PARAMETRIC_REPRESENTATION_CONTEXT() REPRESENTATION_CONTEXT('2D SPACE',''
  ) );
#2519 = PCURVE('',#2520,#2525);
#2520 = CYLINDRICAL_SURFACE('',#2521,2.5);
#2521 = AXIS2_PLACEMENT_3D('',#2522,#2523,#2524);
#2522 = CARTESIAN_POINT('',(22.25,4.55,0.));
#2523 = DIRECTION('',(0.,0.,1.));
#2524 = DIRECTION('',(0.,-1.,0.));
#2525 = DEFINITIONAL_REPRESENTATION('',(#2526),#2529);
#2526 = B_SPLINE_CURVE_WITH_KNOTS('',1,(#2527,#2528),.UNSPECIFIED.,.F.,
  .F.,(2,2),(0.7999994,1.6000006),.PIECEWISE_BEZIER_KNOTS.);
#2527 = CARTESIAN_POINT('',(-0.411516846067,0.7999994));
#2528 = CARTESIAN_POINT('',(-0.411516846067,1.6000006));
#2529 = ( GEOMETRIC_REPRESENTATION_CONTEXT(2) 
PARAMETRIC_REPRESENTATION_CONTEXT() REPRESENTATION_CONTEXT('2D SPACE',''
  ) );
#2530 = ADVANCED_FACE('',(#2531),#880,.T.);
#2531 = FACE_BOUND('',#2532,.T.);
#2532 = EDGE_LOOP('',(#2533,#2534,#2554,#2555,#2556,#2557,#2592,#2701,
    #2727,#2836));
#2533 = ORIENTED_EDGE('',*,*,#918,.F.);
#2534 = ORIENTED_EDGE('',*,*,#2535,.T.);
#2535 = EDGE_CURVE('',#919,#1325,#2536,.T.);
#2536 = SURFACE_CURVE('',#2537,(#2542,#2548),.PCURVE_S1.);
#2537 = CIRCLE('',#2538,1.5);
#2538 = AXIS2_PLACEMENT_3D('',#2539,#2540,#2541);
#2539 = CARTESIAN_POINT('',(-10.35,20.,1.5));
#2540 = DIRECTION('',(-6.123233995737E-17,-1.,0.));
#2541 = DIRECTION('',(-1.,6.123233995737E-17,0.));
#2542 = PCURVE('',#880,#2543);
#2543 = DEFINITIONAL_REPRESENTATION('',(#2544),#2547);
#2544 = B_SPLINE_CURVE_WITH_KNOTS('',1,(#2545,#2546),.UNSPECIFIED.,.F.,
  .F.,(2,2),(0.,1.570796326795),.PIECEWISE_BEZIER_KNOTS.);
#2545 = CARTESIAN_POINT('',(0.,0.));
#2546 = CARTESIAN_POINT('',(1.570796326795,0.));
#2547 = ( GEOMETRIC_REPRESENTATION_CONTEXT(2) 
PARAMETRIC_REPRESENTATION_CONTEXT() REPRESENTATION_CONTEXT('2D SPACE',''
  ) );
#2548 = PCURVE('',#1341,#2549);
#2549 = DEFINITIONAL_REPRESENTATION('',(#2550),#2553);
#2550 = B_SPLINE_CURVE_WITH_KNOTS('',1,(#2551,#2552),.UNSPECIFIED.,.F.,
  .F.,(2,2),(0.,1.570796326795),.PIECEWISE_BEZIER_KNOTS.);
#2551 = CARTESIAN_POINT('',(-1.570796326795,0.));
#2552 = CARTESIAN_POINT('',(-1.570796326795,1.570796326795));
#2553 = ( GEOMETRIC_REPRESENTATION_CONTEXT(2) 
PARAMETRIC_REPRESENTATION_CONTEXT() REPRESENTATION_CONTEXT('2D SPACE',''
  ) );
#2554 = ORIENTED_EDGE('',*,*,#1353,.T.);
#2555 = ORIENTED_EDGE('',*,*,#864,.F.);
#2556 = ORIENTED_EDGE('',*,*,#966,.F.);
#2557 = ORIENTED_EDGE('',*,*,#2558,.T.);
#2558 = EDGE_CURVE('',#967,#2559,#2561,.T.);
#2559 = VERTEX_POINT('',#2560);
#2560 = CARTESIAN_POINT('',(-11.67664991614,2.342456210919,0.8));
#2561 = SURFACE_CURVE('',#2562,(#2570,#2581),.PCURVE_S1.);
#2562 = B_SPLINE_CURVE_WITH_KNOTS('',6,(#2563,#2564,#2565,#2566,#2567,
    #2568,#2569),.UNSPECIFIED.,.F.,.F.,(7,7),(0.,1.),
  .PIECEWISE_BEZIER_KNOTS.);
#2563 = CARTESIAN_POINT('',(-11.85,2.258712152522,1.5));
#2564 = CARTESIAN_POINT('',(-11.85,2.258712152522,1.379312784634));
#2565 = CARTESIAN_POINT('',(-11.83834777728,2.263797812168,
    1.258415399367));
#2566 = CARTESIAN_POINT('',(-11.81496658534,2.274001213154,
    1.138660945428));
#2567 = CARTESIAN_POINT('',(-11.77997416938,2.28980460788,1.021423469287
    ));
#2568 = CARTESIAN_POINT('',(-11.73367928949,2.31214404067,0.908082757825
    ));
#2569 = CARTESIAN_POINT('',(-11.67664959955,2.342456379191,0.7999994));
#2570 = PCURVE('',#880,#2571);
#2571 = DEFINITIONAL_REPRESENTATION('',(#2572),#2580);
#2572 = B_SPLINE_CURVE_WITH_KNOTS('',6,(#2573,#2574,#2575,#2576,#2577,
    #2578,#2579),.UNSPECIFIED.,.F.,.F.,(7,7),(0.,1.),
  .PIECEWISE_BEZIER_KNOTS.);
#2573 = CARTESIAN_POINT('',(0.,17.741287847478));
#2574 = CARTESIAN_POINT('',(8.045814357766E-02,17.741287847478));
#2575 = CARTESIAN_POINT('',(0.16105630539,17.736202187832));
#2576 = CARTESIAN_POINT('',(0.241830577831,17.725998786846));
#2577 = CARTESIAN_POINT('',(0.322816689841,17.71019539212));
#2578 = CARTESIAN_POINT('',(0.40404765876,17.68785595933));
#2579 = CARTESIAN_POINT('',(0.485518574563,17.657543620809));
#2580 = ( GEOMETRIC_REPRESENTATION_CONTEXT(2) 
PARAMETRIC_REPRESENTATION_CONTEXT() REPRESENTATION_CONTEXT('2D SPACE',''
  ) );
#2581 = PCURVE('',#1004,#2582);
#2582 = DEFINITIONAL_REPRESENTATION('',(#2583),#2591);
#2583 = B_SPLINE_CURVE_WITH_KNOTS('',6,(#2584,#2585,#2586,#2587,#2588,
    #2589,#2590),.UNSPECIFIED.,.F.,.F.,(7,7),(0.,1.),
  .PIECEWISE_BEZIER_KNOTS.);
#2584 = CARTESIAN_POINT('',(0.411516846067,1.5));
#2585 = CARTESIAN_POINT('',(0.411516846067,1.379312784634));
#2586 = CARTESIAN_POINT('',(0.416602355775,1.258415399367));
#2587 = CARTESIAN_POINT('',(0.426806453994,1.138660945428));
#2588 = CARTESIAN_POINT('',(0.442163745532,1.021423469287));
#2589 = CARTESIAN_POINT('',(0.462709370143,0.908082757825));
#2590 = CARTESIAN_POINT('',(0.488543373787,0.7999994));
#2591 = ( GEOMETRIC_REPRESENTATION_CONTEXT(2) 
PARAMETRIC_REPRESENTATION_CONTEXT() REPRESENTATION_CONTEXT('2D SPACE',''
  ) );
#2592 = ORIENTED_EDGE('',*,*,#2593,.T.);
#2593 = EDGE_CURVE('',#2559,#2594,#2596,.T.);
#2594 = VERTEX_POINT('',#2595);
#2595 = CARTESIAN_POINT('',(-10.81452195971,4.55,7.373938253108E-02));
#2596 = SURFACE_CURVE('',#2597,(#2628,#2662),.PCURVE_S1.);
#2597 = B_SPLINE_CURVE_WITH_KNOTS('',8,(#2598,#2599,#2600,#2601,#2602,
    #2603,#2604,#2605,#2606,#2607,#2608,#2609,#2610,#2611,#2612,#2613,
    #2614,#2615,#2616,#2617,#2618,#2619,#2620,#2621,#2622,#2623,#2624,
    #2625,#2626,#2627),.UNSPECIFIED.,.F.,.F.,(9,7,7,7,9),(0.,
    0.177022089143,0.312139243669,0.437112172013,1.),.UNSPECIFIED.);
#2598 = CARTESIAN_POINT('',(-11.67664991614,2.342456210919,0.8));
#2599 = CARTESIAN_POINT('',(-11.65207060167,2.355520568162,
    0.753416935034));
#2600 = CARTESIAN_POINT('',(-11.62586841752,2.37335938818,0.708287346361
    ));
#2601 = CARTESIAN_POINT('',(-11.59835468671,2.395608530884,0.66504243743
    ));
#2602 = CARTESIAN_POINT('',(-11.5698651876,2.421808264296,0.623943527867
    ));
#2603 = CARTESIAN_POINT('',(-11.540722222,2.451487894115,0.585121478516)
  );
#2604 = CARTESIAN_POINT('',(-11.51121070423,2.484206474317,
    0.548609801229));
#2605 = CARTESIAN_POINT('',(-11.48156532885,2.519574396962,
    0.514371623007));
#2606 = CARTESIAN_POINT('',(-11.42937324829,2.586061038803,
    0.457856873953));
#2607 = CARTESIAN_POINT('',(-11.40680776404,2.616202995922,
    0.434667904942));
#2608 = CARTESIAN_POINT('',(-11.38434828909,2.647569890008,
    0.412713725657));
#2609 = CARTESIAN_POINT('',(-11.36206407486,2.68003903076,0.391948599803
    ));
#2610 = CARTESIAN_POINT('',(-11.34001500554,2.713501876045,
    0.372322536091));
#2611 = CARTESIAN_POINT('',(-11.31825184638,2.74786422962,0.353782728106
    ));
#2612 = CARTESIAN_POINT('',(-11.296816492,2.783046438852,0.336274994182)
  );
#2613 = CARTESIAN_POINT('',(-11.25625013622,2.852222682884,
    0.304456450776));
#2614 = CARTESIAN_POINT('',(-11.23706954836,2.886103306722,
    0.290006233059));
#2615 = CARTESIAN_POINT('',(-11.21822833124,2.920571631633,
    0.276352450871));
#2616 = CARTESIAN_POINT('',(-11.19975116989,2.955579263502,
    0.263454738718));
#2617 = CARTESIAN_POINT('',(-11.18165975074,2.991083050855,
    0.251274419099));
#2618 = CARTESIAN_POINT('',(-11.16397295828,3.02704488928,0.239774442755
    ));
#2619 = CARTESIAN_POINT('',(-11.14670707162,3.063431525862,
    0.228919328908));
#2620 = CARTESIAN_POINT('',(-11.05406732517,3.265887137082,
    0.172534323349));
#2621 = CARTESIAN_POINT('',(-10.98722082448,3.439287636488,
    0.138872049717));
#2622 = CARTESIAN_POINT('',(-10.93034814068,3.618208439361,
    0.114394767832));
#2623 = CARTESIAN_POINT('',(-10.88427829514,3.801089091474,
    9.705707368159E-02));
#2624 = CARTESIAN_POINT('',(-10.84947577412,3.986599335543,
    8.512063857794E-02));
#2625 = CARTESIAN_POINT('',(-10.82619548468,4.173741027125,
    7.754199549774E-02));
#2626 = CARTESIAN_POINT('',(-10.81452195971,4.361718264965,
    7.373938253108E-02));
#2627 = CARTESIAN_POINT('',(-10.81452195971,4.55,7.373938253108E-02));
#2628 = PCURVE('',#880,#2629);
#2629 = DEFINITIONAL_REPRESENTATION('',(#2630),#2661);
#2630 = B_SPLINE_CURVE_WITH_KNOTS('',8,(#2631,#2632,#2633,#2634,#2635,
    #2636,#2637,#2638,#2639,#2640,#2641,#2642,#2643,#2644,#2645,#2646,
    #2647,#2648,#2649,#2650,#2651,#2652,#2653,#2654,#2655,#2656,#2657,
    #2658,#2659,#2660),.UNSPECIFIED.,.F.,.F.,(9,7,7,7,9),(0.,
    0.177022089143,0.312139243669,0.437112172013,1.),.UNSPECIFIED.);
#2631 = CARTESIAN_POINT('',(0.485518122296,17.657543789081));
#2632 = CARTESIAN_POINT('',(0.520631428677,17.644479431838));
#2633 = CARTESIAN_POINT('',(0.555392623256,17.62664061182));
#2634 = CARTESIAN_POINT('',(0.589516587903,17.604391469116));
#2635 = CARTESIAN_POINT('',(0.622805160392,17.578191735704));
#2636 = CARTESIAN_POINT('',(0.655124503189,17.548512105885));
#2637 = CARTESIAN_POINT('',(0.686392151685,17.515793525683));
#2638 = CARTESIAN_POINT('',(0.716569394829,17.480425603038));
#2639 = CARTESIAN_POINT('',(0.767854784272,17.413938961197));
#2640 = CARTESIAN_POINT('',(0.789418282969,17.383797004078));
#2641 = CARTESIAN_POINT('',(0.810345762823,17.352430109992));
#2642 = CARTESIAN_POINT('',(0.830640934918,17.31996096924));
#2643 = CARTESIAN_POINT('',(0.85031033697,17.286498123955));
#2644 = CARTESIAN_POINT('',(0.869363074475,17.25213577038));
#2645 = CARTESIAN_POINT('',(0.887810561864,17.216953561148));
#2646 = CARTESIAN_POINT('',(0.922181408203,17.147777317116));
#2647 = CARTESIAN_POINT('',(0.938188154649,17.113896693278));
#2648 = CARTESIAN_POINT('',(0.953696036544,17.079428368367));
#2649 = CARTESIAN_POINT('',(0.968713830162,17.044420736498));
#2650 = CARTESIAN_POINT('',(0.983249715951,17.008916949145));
#2651 = CARTESIAN_POINT('',(0.997311439996,16.97295511072));
#2652 = CARTESIAN_POINT('',(1.010906475476,16.936568474138));
#2653 = CARTESIAN_POINT('',(1.083206441585,16.734112862918));
#2654 = CARTESIAN_POINT('',(1.132942036839,16.560712363511));
#2655 = CARTESIAN_POINT('',(1.174127673051,16.38179156064));
#2656 = CARTESIAN_POINT('',(1.206903730066,16.198910908524));
#2657 = CARTESIAN_POINT('',(1.231432895972,16.013400664457));
#2658 = CARTESIAN_POINT('',(1.247753401858,15.826258972874));
#2659 = CARTESIAN_POINT('',(1.255938483017,15.638281735035));
#2660 = CARTESIAN_POINT('',(1.255938483017,15.45));
#2661 = ( GEOMETRIC_REPRESENTATION_CONTEXT(2) 
PARAMETRIC_REPRESENTATION_CONTEXT() REPRESENTATION_CONTEXT('2D SPACE',''
  ) );
#2662 = PCURVE('',#2663,#2668);
#2663 = TOROIDAL_SURFACE('',#2664,1.7,0.8);
#2664 = AXIS2_PLACEMENT_3D('',#2665,#2666,#2667);
#2665 = CARTESIAN_POINT('',(-12.85,4.55,0.8));
#2666 = DIRECTION('',(-0.,-0.,-1.));
#2667 = DIRECTION('',(0.,-1.,0.));
#2668 = DEFINITIONAL_REPRESENTATION('',(#2669),#2700);
#2669 = B_SPLINE_CURVE_WITH_KNOTS('',8,(#2670,#2671,#2672,#2673,#2674,
    #2675,#2676,#2677,#2678,#2679,#2680,#2681,#2682,#2683,#2684,#2685,
    #2686,#2687,#2688,#2689,#2690,#2691,#2692,#2693,#2694,#2695,#2696,
    #2697,#2698,#2699),.UNSPECIFIED.,.F.,.F.,(9,7,7,7,9),(0.,
    0.177022089143,0.312139243669,0.437112172013,1.),.UNSPECIFIED.);
#2670 = CARTESIAN_POINT('',(-0.488543230376,0.));
#2671 = CARTESIAN_POINT('',(-0.499677466801,5.822883120726E-02));
#2672 = CARTESIAN_POINT('',(-0.512281262352,0.114640731789));
#2673 = CARTESIAN_POINT('',(-0.526233545913,0.168998095239));
#2674 = CARTESIAN_POINT('',(-0.541400062764,0.221194631892));
#2675 = CARTESIAN_POINT('',(-0.557649176815,0.27119462271));
#2676 = CARTESIAN_POINT('',(-0.574860041038,0.319011126703));
#2677 = CARTESIAN_POINT('',(-0.592928933581,0.364700920051));
#2678 = CARTESIAN_POINT('',(-0.62616783264,0.441673360401));
#2679 = CARTESIAN_POINT('',(-0.641011183061,0.473805602203));
#2680 = CARTESIAN_POINT('',(-0.656276579862,0.504792582306));
#2681 = CARTESIAN_POINT('',(-0.671933960091,0.534674067115));
#2682 = CARTESIAN_POINT('',(-0.687956601522,0.563488284281));
#2683 = CARTESIAN_POINT('',(-0.704321497871,0.591272529425));
#2684 = CARTESIAN_POINT('',(-0.721009734022,0.618063772849));
#2685 = CARTESIAN_POINT('',(-0.753727890672,0.667795101538));
#2686 = CARTESIAN_POINT('',(-0.769711147679,0.690870183015));
#2687 = CARTESIAN_POINT('',(-0.785944037653,0.713152149069));
#2688 = CARTESIAN_POINT('',(-0.802414791089,0.734665489766));
#2689 = CARTESIAN_POINT('',(-0.819112553921,0.755432078451));
#2690 = CARTESIAN_POINT('',(-0.83602747785,0.775471703342));
#2691 = CARTESIAN_POINT('',(-0.853150810679,0.794802599131));
#2692 = CARTESIAN_POINT('',(-0.948504427978,0.897395199024));
#2693 = CARTESIAN_POINT('',(-1.030462484758,0.967163085661));
#2694 = CARTESIAN_POINT('',(-1.115842605645,1.024606237586));
#2695 = CARTESIAN_POINT('',(-1.204022167853,1.07013299031));
#2696 = CARTESIAN_POINT('',(-1.294296876088,1.104139145739));
#2697 = CARTESIAN_POINT('',(-1.385945737306,1.126736042651));
#2698 = CARTESIAN_POINT('',(-1.478296318783,1.138069820904));
#2699 = CARTESIAN_POINT('',(-1.570796326795,1.138069820904));
#2700 = ( GEOMETRIC_REPRESENTATION_CONTEXT(2) 
PARAMETRIC_REPRESENTATION_CONTEXT() REPRESENTATION_CONTEXT('2D SPACE',''
  ) );
#2701 = ORIENTED_EDGE('',*,*,#2702,.F.);
#2702 = EDGE_CURVE('',#2703,#2594,#2705,.T.);
#2703 = VERTEX_POINT('',#2704);
#2704 = CARTESIAN_POINT('',(-10.81452195971,16.55,7.373938253108E-02));
#2705 = SURFACE_CURVE('',#2706,(#2710,#2716),.PCURVE_S1.);
#2706 = LINE('',#2707,#2708);
#2707 = CARTESIAN_POINT('',(-10.81452195971,20.,7.373938253108E-02));
#2708 = VECTOR('',#2709,1.);
#2709 = DIRECTION('',(0.,-1.,0.));
#2710 = PCURVE('',#880,#2711);
#2711 = DEFINITIONAL_REPRESENTATION('',(#2712),#2715);
#2712 = B_SPLINE_CURVE_WITH_KNOTS('',1,(#2713,#2714),.UNSPECIFIED.,.F.,
  .F.,(2,2),(3.4499994,15.4500006),.PIECEWISE_BEZIER_KNOTS.);
#2713 = CARTESIAN_POINT('',(1.255938483017,3.4499994));
#2714 = CARTESIAN_POINT('',(1.255938483017,15.4500006));
#2715 = ( GEOMETRIC_REPRESENTATION_CONTEXT(2) 
PARAMETRIC_REPRESENTATION_CONTEXT() REPRESENTATION_CONTEXT('2D SPACE',''
  ) );
#2716 = PCURVE('',#2717,#2722);
#2717 = CYLINDRICAL_SURFACE('',#2718,0.8);
#2718 = AXIS2_PLACEMENT_3D('',#2719,#2720,#2721);
#2719 = CARTESIAN_POINT('',(-11.15,4.55,0.8));
#2720 = DIRECTION('',(0.,1.,0.));
#2721 = DIRECTION('',(1.,0.,-0.));
#2722 = DEFINITIONAL_REPRESENTATION('',(#2723),#2726);
#2723 = B_SPLINE_CURVE_WITH_KNOTS('',1,(#2724,#2725),.UNSPECIFIED.,.F.,
  .F.,(2,2),(3.4499994,15.4500006),.PIECEWISE_BEZIER_KNOTS.);
#2724 = CARTESIAN_POINT('',(1.138069820904,12.0000006));
#2725 = CARTESIAN_POINT('',(1.138069820904,-5.999999999062E-07));
#2726 = ( GEOMETRIC_REPRESENTATION_CONTEXT(2) 
PARAMETRIC_REPRESENTATION_CONTEXT() REPRESENTATION_CONTEXT('2D SPACE',''
  ) );
#2727 = ORIENTED_EDGE('',*,*,#2728,.F.);
#2728 = EDGE_CURVE('',#2729,#2703,#2731,.T.);
#2729 = VERTEX_POINT('',#2730);
#2730 = CARTESIAN_POINT('',(-11.67664991614,18.757543789081,0.8));
#2731 = SURFACE_CURVE('',#2732,(#2763,#2797),.PCURVE_S1.);
#2732 = B_SPLINE_CURVE_WITH_KNOTS('',8,(#2733,#2734,#2735,#2736,#2737,
    #2738,#2739,#2740,#2741,#2742,#2743,#2744,#2745,#2746,#2747,#2748,
    #2749,#2750,#2751,#2752,#2753,#2754,#2755,#2756,#2757,#2758,#2759,
    #2760,#2761,#2762),.UNSPECIFIED.,.F.,.F.,(9,7,7,7,9),(0.,
    0.177022089143,0.312139243669,0.437112172014,1.),.UNSPECIFIED.);
#2733 = CARTESIAN_POINT('',(-11.67664991614,18.757543789081,0.8));
#2734 = CARTESIAN_POINT('',(-11.65207060167,18.744479431838,
    0.753416935034));
#2735 = CARTESIAN_POINT('',(-11.62586841752,18.726640611821,
    0.708287346361));
#2736 = CARTESIAN_POINT('',(-11.59835468671,18.704391469115,
    0.66504243743));
#2737 = CARTESIAN_POINT('',(-11.5698651876,18.678191735704,
    0.623943527867));
#2738 = CARTESIAN_POINT('',(-11.540722222,18.648512105885,0.585121478516
    ));
#2739 = CARTESIAN_POINT('',(-11.51121070423,18.615793525682,
    0.548609801229));
#2740 = CARTESIAN_POINT('',(-11.48156532885,18.580425603039,
    0.514371623007));
#2741 = CARTESIAN_POINT('',(-11.42937324829,18.513938961197,
    0.457856873953));
#2742 = CARTESIAN_POINT('',(-11.40680776404,18.483797004078,
    0.434667904942));
#2743 = CARTESIAN_POINT('',(-11.38434828909,18.452430109992,
    0.412713725657));
#2744 = CARTESIAN_POINT('',(-11.36206407486,18.41996096924,
    0.391948599803));
#2745 = CARTESIAN_POINT('',(-11.34001500554,18.386498123955,
    0.372322536091));
#2746 = CARTESIAN_POINT('',(-11.31825184638,18.35213577038,
    0.353782728106));
#2747 = CARTESIAN_POINT('',(-11.296816492,18.316953561148,0.336274994182
    ));
#2748 = CARTESIAN_POINT('',(-11.25625013622,18.247777317116,
    0.304456450776));
#2749 = CARTESIAN_POINT('',(-11.23706954836,18.213896693278,
    0.290006233059));
#2750 = CARTESIAN_POINT('',(-11.21822833124,18.179428368367,
    0.276352450871));
#2751 = CARTESIAN_POINT('',(-11.19975116989,18.144420736498,
    0.263454738718));
#2752 = CARTESIAN_POINT('',(-11.18165975074,18.108916949145,
    0.251274419099));
#2753 = CARTESIAN_POINT('',(-11.16397295828,18.07295511072,
    0.239774442755));
#2754 = CARTESIAN_POINT('',(-11.14670707162,18.036568474138,
    0.228919328908));
#2755 = CARTESIAN_POINT('',(-11.05406732517,17.834112862918,
    0.172534323349));
#2756 = CARTESIAN_POINT('',(-10.98722082448,17.660712363511,
    0.138872049716));
#2757 = CARTESIAN_POINT('',(-10.93034814068,17.481791560642,
    0.114394767833));
#2758 = CARTESIAN_POINT('',(-10.88427829514,17.298910908522,
    9.705707368137E-02));
#2759 = CARTESIAN_POINT('',(-10.84947577412,17.113400664459,
    8.512063857805E-02));
#2760 = CARTESIAN_POINT('',(-10.82619548468,16.926258972874,
    7.754199549771E-02));
#2761 = CARTESIAN_POINT('',(-10.81452195971,16.738281735036,
    7.373938253108E-02));
#2762 = CARTESIAN_POINT('',(-10.81452195971,16.55,7.373938253108E-02));
#2763 = PCURVE('',#880,#2764);
#2764 = DEFINITIONAL_REPRESENTATION('',(#2765),#2796);
#2765 = B_SPLINE_CURVE_WITH_KNOTS('',8,(#2766,#2767,#2768,#2769,#2770,
    #2771,#2772,#2773,#2774,#2775,#2776,#2777,#2778,#2779,#2780,#2781,
    #2782,#2783,#2784,#2785,#2786,#2787,#2788,#2789,#2790,#2791,#2792,
    #2793,#2794,#2795),.UNSPECIFIED.,.F.,.F.,(9,7,7,7,9),(0.,
    0.177022089143,0.312139243669,0.437112172014,1.),.UNSPECIFIED.);
#2766 = CARTESIAN_POINT('',(0.485518122296,1.242456210919));
#2767 = CARTESIAN_POINT('',(0.520631428677,1.255520568162));
#2768 = CARTESIAN_POINT('',(0.555392623256,1.27335938818));
#2769 = CARTESIAN_POINT('',(0.589516587904,1.295608530884));
#2770 = CARTESIAN_POINT('',(0.622805160392,1.321808264296));
#2771 = CARTESIAN_POINT('',(0.655124503188,1.351487894115));
#2772 = CARTESIAN_POINT('',(0.686392151685,1.384206474318));
#2773 = CARTESIAN_POINT('',(0.716569394828,1.419574396961));
#2774 = CARTESIAN_POINT('',(0.767854784272,1.486061038803));
#2775 = CARTESIAN_POINT('',(0.789418282969,1.516202995922));
#2776 = CARTESIAN_POINT('',(0.810345762823,1.547569890008));
#2777 = CARTESIAN_POINT('',(0.830640934918,1.58003903076));
#2778 = CARTESIAN_POINT('',(0.85031033697,1.613501876045));
#2779 = CARTESIAN_POINT('',(0.869363074475,1.64786422962));
#2780 = CARTESIAN_POINT('',(0.887810561864,1.683046438852));
#2781 = CARTESIAN_POINT('',(0.922181408203,1.752222682884));
#2782 = CARTESIAN_POINT('',(0.938188154649,1.786103306722));
#2783 = CARTESIAN_POINT('',(0.953696036544,1.820571631633));
#2784 = CARTESIAN_POINT('',(0.968713830162,1.855579263502));
#2785 = CARTESIAN_POINT('',(0.983249715951,1.891083050855));
#2786 = CARTESIAN_POINT('',(0.997311439996,1.92704488928));
#2787 = CARTESIAN_POINT('',(1.010906475476,1.963431525862));
#2788 = CARTESIAN_POINT('',(1.083206441585,2.165887137082));
#2789 = CARTESIAN_POINT('',(1.132942036839,2.339287636489));
#2790 = CARTESIAN_POINT('',(1.17412767305,2.51820843936));
#2791 = CARTESIAN_POINT('',(1.206903730067,2.701089091475));
#2792 = CARTESIAN_POINT('',(1.231432895972,2.886599335543));
#2793 = CARTESIAN_POINT('',(1.247753401858,3.073741027126));
#2794 = CARTESIAN_POINT('',(1.255938483017,3.261718264964));
#2795 = CARTESIAN_POINT('',(1.255938483017,3.45));
#2796 = ( GEOMETRIC_REPRESENTATION_CONTEXT(2) 
PARAMETRIC_REPRESENTATION_CONTEXT() REPRESENTATION_CONTEXT('2D SPACE',''
  ) );
#2797 = PCURVE('',#2798,#2803);
#2798 = TOROIDAL_SURFACE('',#2799,1.7,0.8);
#2799 = AXIS2_PLACEMENT_3D('',#2800,#2801,#2802);
#2800 = CARTESIAN_POINT('',(-12.85,16.55,0.8));
#2801 = DIRECTION('',(-0.,-0.,-1.));
#2802 = DIRECTION('',(1.,0.,-0.));
#2803 = DEFINITIONAL_REPRESENTATION('',(#2804),#2835);
#2804 = B_SPLINE_CURVE_WITH_KNOTS('',8,(#2805,#2806,#2807,#2808,#2809,
    #2810,#2811,#2812,#2813,#2814,#2815,#2816,#2817,#2818,#2819,#2820,
    #2821,#2822,#2823,#2824,#2825,#2826,#2827,#2828,#2829,#2830,#2831,
    #2832,#2833,#2834),.UNSPECIFIED.,.F.,.F.,(9,7,7,7,9),(0.,
    0.177022089143,0.312139243669,0.437112172014,1.),.UNSPECIFIED.);
#2805 = CARTESIAN_POINT('',(-1.082253096419,0.));
#2806 = CARTESIAN_POINT('',(-1.071118859994,5.822883120732E-02));
#2807 = CARTESIAN_POINT('',(-1.058515064443,0.114640731789));
#2808 = CARTESIAN_POINT('',(-1.044562780882,0.168998095239));
#2809 = CARTESIAN_POINT('',(-1.029396264031,0.221194631892));
#2810 = CARTESIAN_POINT('',(-1.01314714998,0.27119462271));
#2811 = CARTESIAN_POINT('',(-0.995936285757,0.319011126703));
#2812 = CARTESIAN_POINT('',(-0.977867393214,0.364700920051));
#2813 = CARTESIAN_POINT('',(-0.944628494155,0.441673360401));
#2814 = CARTESIAN_POINT('',(-0.929785143734,0.473805602203));
#2815 = CARTESIAN_POINT('',(-0.914519746933,0.504792582306));
#2816 = CARTESIAN_POINT('',(-0.898862366703,0.534674067115));
#2817 = CARTESIAN_POINT('',(-0.882839725273,0.563488284281));
#2818 = CARTESIAN_POINT('',(-0.866474828924,0.591272529425));
#2819 = CARTESIAN_POINT('',(-0.849786592773,0.618063772849));
#2820 = CARTESIAN_POINT('',(-0.817068436122,0.667795101538));
#2821 = CARTESIAN_POINT('',(-0.801085179116,0.690870183015));
#2822 = CARTESIAN_POINT('',(-0.784852289142,0.713152149069));
#2823 = CARTESIAN_POINT('',(-0.768381535706,0.734665489766));
#2824 = CARTESIAN_POINT('',(-0.751683772874,0.755432078451));
#2825 = CARTESIAN_POINT('',(-0.734768848945,0.775471703342));
#2826 = CARTESIAN_POINT('',(-0.717645516116,0.79480259913));
#2827 = CARTESIAN_POINT('',(-0.622291898817,0.897395199024));
#2828 = CARTESIAN_POINT('',(-0.540333842036,0.967163085661));
#2829 = CARTESIAN_POINT('',(-0.454953721151,1.024606237587));
#2830 = CARTESIAN_POINT('',(-0.366774158941,1.070132990308));
#2831 = CARTESIAN_POINT('',(-0.276499450708,1.104139145741));
#2832 = CARTESIAN_POINT('',(-0.184850589489,1.12673604265));
#2833 = CARTESIAN_POINT('',(-9.250000801243E-02,1.138069820904));
#2834 = CARTESIAN_POINT('',(0.,1.138069820904));
#2835 = ( GEOMETRIC_REPRESENTATION_CONTEXT(2) 
PARAMETRIC_REPRESENTATION_CONTEXT() REPRESENTATION_CONTEXT('2D SPACE',''
  ) );
#2836 = ORIENTED_EDGE('',*,*,#2837,.F.);
#2837 = EDGE_CURVE('',#921,#2729,#2838,.T.);
#2838 = SURFACE_CURVE('',#2839,(#2847,#2858),.PCURVE_S1.);
#2839 = B_SPLINE_CURVE_WITH_KNOTS('',6,(#2840,#2841,#2842,#2843,#2844,
    #2845,#2846),.UNSPECIFIED.,.F.,.F.,(7,7),(0.,1.),
  .PIECEWISE_BEZIER_KNOTS.);
#2840 = CARTESIAN_POINT('',(-11.85,18.841287847478,1.5));
#2841 = CARTESIAN_POINT('',(-11.85,18.841287847478,1.379312784633));
#2842 = CARTESIAN_POINT('',(-11.83834777728,18.836202187832,
    1.258415399367));
#2843 = CARTESIAN_POINT('',(-11.81496658534,18.825998786846,
    1.138660945428));
#2844 = CARTESIAN_POINT('',(-11.77997416938,18.81019539212,
    1.021423469287));
#2845 = CARTESIAN_POINT('',(-11.73367928949,18.78785595933,
    0.908082757825));
#2846 = CARTESIAN_POINT('',(-11.67664959955,18.757543620809,0.7999994));
#2847 = PCURVE('',#880,#2848);
#2848 = DEFINITIONAL_REPRESENTATION('',(#2849),#2857);
#2849 = B_SPLINE_CURVE_WITH_KNOTS('',6,(#2850,#2851,#2852,#2853,#2854,
    #2855,#2856),.UNSPECIFIED.,.F.,.F.,(7,7),(0.,1.),
  .PIECEWISE_BEZIER_KNOTS.);
#2850 = CARTESIAN_POINT('',(0.,1.158712152522));
#2851 = CARTESIAN_POINT('',(8.045814357767E-02,1.158712152522));
#2852 = CARTESIAN_POINT('',(0.16105630539,1.163797812168));
#2853 = CARTESIAN_POINT('',(0.241830577831,1.174001213154));
#2854 = CARTESIAN_POINT('',(0.322816689841,1.18980460788));
#2855 = CARTESIAN_POINT('',(0.40404765876,1.21214404067));
#2856 = CARTESIAN_POINT('',(0.485518574563,1.242456379191));
#2857 = ( GEOMETRIC_REPRESENTATION_CONTEXT(2) 
PARAMETRIC_REPRESENTATION_CONTEXT() REPRESENTATION_CONTEXT('2D SPACE',''
  ) );
#2858 = PCURVE('',#1200,#2859);
#2859 = DEFINITIONAL_REPRESENTATION('',(#2860),#2868);
#2860 = B_SPLINE_CURVE_WITH_KNOTS('',6,(#2861,#2862,#2863,#2864,#2865,
    #2866,#2867),.UNSPECIFIED.,.F.,.F.,(7,7),(0.,1.),
  .PIECEWISE_BEZIER_KNOTS.);
#2861 = CARTESIAN_POINT('',(1.159279480727,1.5));
#2862 = CARTESIAN_POINT('',(1.159279480727,1.379312784633));
#2863 = CARTESIAN_POINT('',(1.15419397102,1.258415399367));
#2864 = CARTESIAN_POINT('',(1.143989872801,1.138660945428));
#2865 = CARTESIAN_POINT('',(1.128632581263,1.021423469287));
#2866 = CARTESIAN_POINT('',(1.108086956652,0.908082757825));
#2867 = CARTESIAN_POINT('',(1.082252953008,0.7999994));
#2868 = ( GEOMETRIC_REPRESENTATION_CONTEXT(2) 
PARAMETRIC_REPRESENTATION_CONTEXT() REPRESENTATION_CONTEXT('2D SPACE',''
  ) );
#2869 = ADVANCED_FACE('',(#2870),#1200,.T.);
#2870 = FACE_BOUND('',#2871,.T.);
#2871 = EDGE_LOOP('',(#2872,#2873,#2897,#2925,#2947));
#2872 = ORIENTED_EDGE('',*,*,#2837,.T.);
#2873 = ORIENTED_EDGE('',*,*,#2874,.T.);
#2874 = EDGE_CURVE('',#2729,#2875,#2877,.T.);
#2875 = VERTEX_POINT('',#2876);
#2876 = CARTESIAN_POINT('',(-12.85,19.05,0.8));
#2877 = SURFACE_CURVE('',#2878,(#2883,#2890),.PCURVE_S1.);
#2878 = CIRCLE('',#2879,2.5);
#2879 = AXIS2_PLACEMENT_3D('',#2880,#2881,#2882);
#2880 = CARTESIAN_POINT('',(-12.85,16.55,0.8));
#2881 = DIRECTION('',(0.,0.,1.));
#2882 = DIRECTION('',(1.,0.,-0.));
#2883 = PCURVE('',#1200,#2884);
#2884 = DEFINITIONAL_REPRESENTATION('',(#2885),#2889);
#2885 = LINE('',#2886,#2887);
#2886 = CARTESIAN_POINT('',(0.,0.8));
#2887 = VECTOR('',#2888,1.);
#2888 = DIRECTION('',(1.,0.));
#2889 = ( GEOMETRIC_REPRESENTATION_CONTEXT(2) 
PARAMETRIC_REPRESENTATION_CONTEXT() REPRESENTATION_CONTEXT('2D SPACE',''
  ) );
#2890 = PCURVE('',#2798,#2891);
#2891 = DEFINITIONAL_REPRESENTATION('',(#2892),#2896);
#2892 = LINE('',#2893,#2894);
#2893 = CARTESIAN_POINT('',(-0.,0.));
#2894 = VECTOR('',#2895,1.);
#2895 = DIRECTION('',(-1.,0.));
#2896 = ( GEOMETRIC_REPRESENTATION_CONTEXT(2) 
PARAMETRIC_REPRESENTATION_CONTEXT() REPRESENTATION_CONTEXT('2D SPACE',''
  ) );
#2897 = ORIENTED_EDGE('',*,*,#2898,.T.);
#2898 = EDGE_CURVE('',#2875,#2899,#2901,.T.);
#2899 = VERTEX_POINT('',#2900);
#2900 = CARTESIAN_POINT('',(-12.85,19.05,1.6));
#2901 = SURFACE_CURVE('',#2902,(#2906,#2913),.PCURVE_S1.);
#2902 = LINE('',#2903,#2904);
#2903 = CARTESIAN_POINT('',(-12.85,19.05,0.));
#2904 = VECTOR('',#2905,1.);
#2905 = DIRECTION('',(0.,0.,1.));
#2906 = PCURVE('',#1200,#2907);
#2907 = DEFINITIONAL_REPRESENTATION('',(#2908),#2912);
#2908 = LINE('',#2909,#2910);
#2909 = CARTESIAN_POINT('',(1.570796326795,0.));
#2910 = VECTOR('',#2911,1.);
#2911 = DIRECTION('',(0.,1.));
#2912 = ( GEOMETRIC_REPRESENTATION_CONTEXT(2) 
PARAMETRIC_REPRESENTATION_CONTEXT() REPRESENTATION_CONTEXT('2D SPACE',''
  ) );
#2913 = PCURVE('',#2914,#2919);
#2914 = PLANE('',#2915);
#2915 = AXIS2_PLACEMENT_3D('',#2916,#2917,#2918);
#2916 = CARTESIAN_POINT('',(-10.35,19.05,0.));
#2917 = DIRECTION('',(0.,-1.,0.));
#2918 = DIRECTION('',(-1.,0.,0.));
#2919 = DEFINITIONAL_REPRESENTATION('',(#2920),#2924);
#2920 = LINE('',#2921,#2922);
#2921 = CARTESIAN_POINT('',(2.5,0.));
#2922 = VECTOR('',#2923,1.);
#2923 = DIRECTION('',(0.,-1.));
#2924 = ( GEOMETRIC_REPRESENTATION_CONTEXT(2) 
PARAMETRIC_REPRESENTATION_CONTEXT() REPRESENTATION_CONTEXT('2D SPACE',''
  ) );
#2925 = ORIENTED_EDGE('',*,*,#2926,.F.);
#2926 = EDGE_CURVE('',#1115,#2899,#2927,.T.);
#2927 = SURFACE_CURVE('',#2928,(#2933,#2940),.PCURVE_S1.);
#2928 = CIRCLE('',#2929,2.5);
#2929 = AXIS2_PLACEMENT_3D('',#2930,#2931,#2932);
#2930 = CARTESIAN_POINT('',(-12.85,16.55,1.6));
#2931 = DIRECTION('',(0.,0.,1.));
#2932 = DIRECTION('',(1.,0.,-0.));
#2933 = PCURVE('',#1200,#2934);
#2934 = DEFINITIONAL_REPRESENTATION('',(#2935),#2939);
#2935 = LINE('',#2936,#2937);
#2936 = CARTESIAN_POINT('',(0.,1.6));
#2937 = VECTOR('',#2938,1.);
#2938 = DIRECTION('',(1.,0.));
#2939 = ( GEOMETRIC_REPRESENTATION_CONTEXT(2) 
PARAMETRIC_REPRESENTATION_CONTEXT() REPRESENTATION_CONTEXT('2D SPACE',''
  ) );
#2940 = PCURVE('',#1160,#2941);
#2941 = DEFINITIONAL_REPRESENTATION('',(#2942),#2946);
#2942 = LINE('',#2943,#2944);
#2943 = CARTESIAN_POINT('',(0.,0.));
#2944 = VECTOR('',#2945,1.);
#2945 = DIRECTION('',(1.,0.));
#2946 = ( GEOMETRIC_REPRESENTATION_CONTEXT(2) 
PARAMETRIC_REPRESENTATION_CONTEXT() REPRESENTATION_CONTEXT('2D SPACE',''
  ) );
#2947 = ORIENTED_EDGE('',*,*,#1187,.F.);
#2948 = ADVANCED_FACE('',(#2949),#1160,.T.);
#2949 = FACE_BOUND('',#2950,.T.);
#2950 = EDGE_LOOP('',(#2951,#2952,#2953,#2980));
#2951 = ORIENTED_EDGE('',*,*,#1114,.F.);
#2952 = ORIENTED_EDGE('',*,*,#2926,.T.);
#2953 = ORIENTED_EDGE('',*,*,#2954,.T.);
#2954 = EDGE_CURVE('',#2899,#2955,#2957,.T.);
#2955 = VERTEX_POINT('',#2956);
#2956 = CARTESIAN_POINT('',(-12.85,18.25,2.4));
#2957 = SURFACE_CURVE('',#2958,(#2963,#2969),.PCURVE_S1.);
#2958 = CIRCLE('',#2959,0.8);
#2959 = AXIS2_PLACEMENT_3D('',#2960,#2961,#2962);
#2960 = CARTESIAN_POINT('',(-12.85,18.25,1.6));
#2961 = DIRECTION('',(1.,-6.123233995737E-17,0.));
#2962 = DIRECTION('',(6.123233995737E-17,1.,0.));
#2963 = PCURVE('',#1160,#2964);
#2964 = DEFINITIONAL_REPRESENTATION('',(#2965),#2968);
#2965 = B_SPLINE_CURVE_WITH_KNOTS('',1,(#2966,#2967),.UNSPECIFIED.,.F.,
  .F.,(2,2),(0.,1.570796326795),.PIECEWISE_BEZIER_KNOTS.);
#2966 = CARTESIAN_POINT('',(1.570796326795,0.));
#2967 = CARTESIAN_POINT('',(1.570796326795,1.570796326795));
#2968 = ( GEOMETRIC_REPRESENTATION_CONTEXT(2) 
PARAMETRIC_REPRESENTATION_CONTEXT() REPRESENTATION_CONTEXT('2D SPACE',''
  ) );
#2969 = PCURVE('',#2970,#2975);
#2970 = CYLINDRICAL_SURFACE('',#2971,0.8);
#2971 = AXIS2_PLACEMENT_3D('',#2972,#2973,#2974);
#2972 = CARTESIAN_POINT('',(-12.85,18.25,1.6));
#2973 = DIRECTION('',(-1.,0.,0.));
#2974 = DIRECTION('',(0.,1.,-0.));
#2975 = DEFINITIONAL_REPRESENTATION('',(#2976),#2979);
#2976 = B_SPLINE_CURVE_WITH_KNOTS('',1,(#2977,#2978),.UNSPECIFIED.,.F.,
  .F.,(2,2),(0.,1.570796326795),.PIECEWISE_BEZIER_KNOTS.);
#2977 = CARTESIAN_POINT('',(0.,0.));
#2978 = CARTESIAN_POINT('',(-1.570796326795,0.));
#2979 = ( GEOMETRIC_REPRESENTATION_CONTEXT(2) 
PARAMETRIC_REPRESENTATION_CONTEXT() REPRESENTATION_CONTEXT('2D SPACE',''
  ) );
#2980 = ORIENTED_EDGE('',*,*,#2981,.F.);
#2981 = EDGE_CURVE('',#1089,#2955,#2982,.T.);
#2982 = SURFACE_CURVE('',#2983,(#2988,#2995),.PCURVE_S1.);
#2983 = CIRCLE('',#2984,1.7);
#2984 = AXIS2_PLACEMENT_3D('',#2985,#2986,#2987);
#2985 = CARTESIAN_POINT('',(-12.85,16.55,2.4));
#2986 = DIRECTION('',(0.,0.,1.));
#2987 = DIRECTION('',(1.,0.,-0.));
#2988 = PCURVE('',#1160,#2989);
#2989 = DEFINITIONAL_REPRESENTATION('',(#2990),#2994);
#2990 = LINE('',#2991,#2992);
#2991 = CARTESIAN_POINT('',(0.,1.570796326795));
#2992 = VECTOR('',#2993,1.);
#2993 = DIRECTION('',(1.,0.));
#2994 = ( GEOMETRIC_REPRESENTATION_CONTEXT(2) 
PARAMETRIC_REPRESENTATION_CONTEXT() REPRESENTATION_CONTEXT('2D SPACE',''
  ) );
#2995 = PCURVE('',#1103,#2996);
#2996 = DEFINITIONAL_REPRESENTATION('',(#2997),#3001);
#2997 = CIRCLE('',#2998,1.7);
#2998 = AXIS2_PLACEMENT_2D('',#2999,#3000);
#2999 = CARTESIAN_POINT('',(1.25,6.));
#3000 = DIRECTION('',(1.,0.));
#3001 = ( GEOMETRIC_REPRESENTATION_CONTEXT(2) 
PARAMETRIC_REPRESENTATION_CONTEXT() REPRESENTATION_CONTEXT('2D SPACE',''
  ) );
#3002 = ADVANCED_FACE('',(#3003,#3166),#1103,.T.);
#3003 = FACE_BOUND('',#3004,.T.);
#3004 = EDGE_LOOP('',(#3005,#3036,#3064,#3086,#3087,#3088,#3111,#3140));
#3005 = ORIENTED_EDGE('',*,*,#3006,.T.);
#3006 = EDGE_CURVE('',#3007,#3009,#3011,.T.);
#3007 = VERTEX_POINT('',#3008);
#3008 = CARTESIAN_POINT('',(-17.05,4.55,2.4));
#3009 = VERTEX_POINT('',#3010);
#3010 = CARTESIAN_POINT('',(-15.35,2.85,2.4));
#3011 = SURFACE_CURVE('',#3012,(#3017,#3024),.PCURVE_S1.);
#3012 = CIRCLE('',#3013,1.7);
#3013 = AXIS2_PLACEMENT_3D('',#3014,#3015,#3016);
#3014 = CARTESIAN_POINT('',(-15.35,4.55,2.4));
#3015 = DIRECTION('',(0.,0.,1.));
#3016 = DIRECTION('',(-1.,0.,0.));
#3017 = PCURVE('',#1103,#3018);
#3018 = DEFINITIONAL_REPRESENTATION('',(#3019),#3023);
#3019 = CIRCLE('',#3020,1.7);
#3020 = AXIS2_PLACEMENT_2D('',#3021,#3022);
#3021 = CARTESIAN_POINT('',(-1.25,-6.));
#3022 = DIRECTION('',(-1.,0.));
#3023 = ( GEOMETRIC_REPRESENTATION_CONTEXT(2) 
PARAMETRIC_REPRESENTATION_CONTEXT() REPRESENTATION_CONTEXT('2D SPACE',''
  ) );
#3024 = PCURVE('',#3025,#3030);
#3025 = TOROIDAL_SURFACE('',#3026,1.7,0.8);
#3026 = AXIS2_PLACEMENT_3D('',#3027,#3028,#3029);
#3027 = CARTESIAN_POINT('',(-15.35,4.55,1.6));
#3028 = DIRECTION('',(0.,0.,1.));
#3029 = DIRECTION('',(-1.,0.,0.));
#3030 = DEFINITIONAL_REPRESENTATION('',(#3031),#3035);
#3031 = LINE('',#3032,#3033);
#3032 = CARTESIAN_POINT('',(0.,1.570796326795));
#3033 = VECTOR('',#3034,1.);
#3034 = DIRECTION('',(1.,0.));
#3035 = ( GEOMETRIC_REPRESENTATION_CONTEXT(2) 
PARAMETRIC_REPRESENTATION_CONTEXT() REPRESENTATION_CONTEXT('2D SPACE',''
  ) );
#3036 = ORIENTED_EDGE('',*,*,#3037,.T.);
#3037 = EDGE_CURVE('',#3009,#3038,#3040,.T.);
#3038 = VERTEX_POINT('',#3039);
#3039 = CARTESIAN_POINT('',(-12.85,2.85,2.4));
#3040 = SURFACE_CURVE('',#3041,(#3045,#3052),.PCURVE_S1.);
#3041 = LINE('',#3042,#3043);
#3042 = CARTESIAN_POINT('',(-15.35,2.85,2.4));
#3043 = VECTOR('',#3044,1.);
#3044 = DIRECTION('',(1.,0.,0.));
#3045 = PCURVE('',#1103,#3046);
#3046 = DEFINITIONAL_REPRESENTATION('',(#3047),#3051);
#3047 = LINE('',#3048,#3049);
#3048 = CARTESIAN_POINT('',(-1.25,-7.7));
#3049 = VECTOR('',#3050,1.);
#3050 = DIRECTION('',(1.,0.));
#3051 = ( GEOMETRIC_REPRESENTATION_CONTEXT(2) 
PARAMETRIC_REPRESENTATION_CONTEXT() REPRESENTATION_CONTEXT('2D SPACE',''
  ) );
#3052 = PCURVE('',#3053,#3058);
#3053 = CYLINDRICAL_SURFACE('',#3054,0.8);
#3054 = AXIS2_PLACEMENT_3D('',#3055,#3056,#3057);
#3055 = CARTESIAN_POINT('',(-15.35,2.85,1.6));
#3056 = DIRECTION('',(1.,0.,0.));
#3057 = DIRECTION('',(0.,-1.,-0.));
#3058 = DEFINITIONAL_REPRESENTATION('',(#3059),#3063);
#3059 = LINE('',#3060,#3061);
#3060 = CARTESIAN_POINT('',(-1.570796326795,0.));
#3061 = VECTOR('',#3062,1.);
#3062 = DIRECTION('',(-0.,1.));
#3063 = ( GEOMETRIC_REPRESENTATION_CONTEXT(2) 
PARAMETRIC_REPRESENTATION_CONTEXT() REPRESENTATION_CONTEXT('2D SPACE',''
  ) );
#3064 = ORIENTED_EDGE('',*,*,#3065,.T.);
#3065 = EDGE_CURVE('',#3038,#1016,#3066,.T.);
#3066 = SURFACE_CURVE('',#3067,(#3072,#3079),.PCURVE_S1.);
#3067 = CIRCLE('',#3068,1.7);
#3068 = AXIS2_PLACEMENT_3D('',#3069,#3070,#3071);
#3069 = CARTESIAN_POINT('',(-12.85,4.55,2.4));
#3070 = DIRECTION('',(0.,0.,1.));
#3071 = DIRECTION('',(0.,-1.,0.));
#3072 = PCURVE('',#1103,#3073);
#3073 = DEFINITIONAL_REPRESENTATION('',(#3074),#3078);
#3074 = CIRCLE('',#3075,1.7);
#3075 = AXIS2_PLACEMENT_2D('',#3076,#3077);
#3076 = CARTESIAN_POINT('',(1.25,-6.));
#3077 = DIRECTION('',(0.,-1.));
#3078 = ( GEOMETRIC_REPRESENTATION_CONTEXT(2) 
PARAMETRIC_REPRESENTATION_CONTEXT() REPRESENTATION_CONTEXT('2D SPACE',''
  ) );
#3079 = PCURVE('',#1061,#3080);
#3080 = DEFINITIONAL_REPRESENTATION('',(#3081),#3085);
#3081 = LINE('',#3082,#3083);
#3082 = CARTESIAN_POINT('',(0.,1.570796326795));
#3083 = VECTOR('',#3084,1.);
#3084 = DIRECTION('',(1.,0.));
#3085 = ( GEOMETRIC_REPRESENTATION_CONTEXT(2) 
PARAMETRIC_REPRESENTATION_CONTEXT() REPRESENTATION_CONTEXT('2D SPACE',''
  ) );
#3086 = ORIENTED_EDGE('',*,*,#1088,.F.);
#3087 = ORIENTED_EDGE('',*,*,#2981,.T.);
#3088 = ORIENTED_EDGE('',*,*,#3089,.T.);
#3089 = EDGE_CURVE('',#2955,#3090,#3092,.T.);
#3090 = VERTEX_POINT('',#3091);
#3091 = CARTESIAN_POINT('',(-15.35,18.25,2.4));
#3092 = SURFACE_CURVE('',#3093,(#3097,#3104),.PCURVE_S1.);
#3093 = LINE('',#3094,#3095);
#3094 = CARTESIAN_POINT('',(-12.85,18.25,2.4));
#3095 = VECTOR('',#3096,1.);
#3096 = DIRECTION('',(-1.,0.,0.));
#3097 = PCURVE('',#1103,#3098);
#3098 = DEFINITIONAL_REPRESENTATION('',(#3099),#3103);
#3099 = LINE('',#3100,#3101);
#3100 = CARTESIAN_POINT('',(1.25,7.7));
#3101 = VECTOR('',#3102,1.);
#3102 = DIRECTION('',(-1.,0.));
#3103 = ( GEOMETRIC_REPRESENTATION_CONTEXT(2) 
PARAMETRIC_REPRESENTATION_CONTEXT() REPRESENTATION_CONTEXT('2D SPACE',''
  ) );
#3104 = PCURVE('',#2970,#3105);
#3105 = DEFINITIONAL_REPRESENTATION('',(#3106),#3110);
#3106 = LINE('',#3107,#3108);
#3107 = CARTESIAN_POINT('',(-1.570796326795,0.));
#3108 = VECTOR('',#3109,1.);
#3109 = DIRECTION('',(-0.,1.));
#3110 = ( GEOMETRIC_REPRESENTATION_CONTEXT(2) 
PARAMETRIC_REPRESENTATION_CONTEXT() REPRESENTATION_CONTEXT('2D SPACE',''
  ) );
#3111 = ORIENTED_EDGE('',*,*,#3112,.T.);
#3112 = EDGE_CURVE('',#3090,#3113,#3115,.T.);
#3113 = VERTEX_POINT('',#3114);
#3114 = CARTESIAN_POINT('',(-17.05,16.55,2.4));
#3115 = SURFACE_CURVE('',#3116,(#3121,#3128),.PCURVE_S1.);
#3116 = CIRCLE('',#3117,1.7);
#3117 = AXIS2_PLACEMENT_3D('',#3118,#3119,#3120);
#3118 = CARTESIAN_POINT('',(-15.35,16.55,2.4));
#3119 = DIRECTION('',(0.,0.,1.));
#3120 = DIRECTION('',(0.,1.,-0.));
#3121 = PCURVE('',#1103,#3122);
#3122 = DEFINITIONAL_REPRESENTATION('',(#3123),#3127);
#3123 = CIRCLE('',#3124,1.7);
#3124 = AXIS2_PLACEMENT_2D('',#3125,#3126);
#3125 = CARTESIAN_POINT('',(-1.25,6.));
#3126 = DIRECTION('',(0.,1.));
#3127 = ( GEOMETRIC_REPRESENTATION_CONTEXT(2) 
PARAMETRIC_REPRESENTATION_CONTEXT() REPRESENTATION_CONTEXT('2D SPACE',''
  ) );
#3128 = PCURVE('',#3129,#3134);
#3129 = TOROIDAL_SURFACE('',#3130,1.7,0.8);
#3130 = AXIS2_PLACEMENT_3D('',#3131,#3132,#3133);
#3131 = CARTESIAN_POINT('',(-15.35,16.55,1.6));
#3132 = DIRECTION('',(0.,0.,1.));
#3133 = DIRECTION('',(0.,1.,-0.));
#3134 = DEFINITIONAL_REPRESENTATION('',(#3135),#3139);
#3135 = LINE('',#3136,#3137);
#3136 = CARTESIAN_POINT('',(0.,1.570796326795));
#3137 = VECTOR('',#3138,1.);
#3138 = DIRECTION('',(1.,0.));
#3139 = ( GEOMETRIC_REPRESENTATION_CONTEXT(2) 
PARAMETRIC_REPRESENTATION_CONTEXT() REPRESENTATION_CONTEXT('2D SPACE',''
  ) );
#3140 = ORIENTED_EDGE('',*,*,#3141,.T.);
#3141 = EDGE_CURVE('',#3113,#3007,#3142,.T.);
#3142 = SURFACE_CURVE('',#3143,(#3147,#3154),.PCURVE_S1.);
#3143 = LINE('',#3144,#3145);
#3144 = CARTESIAN_POINT('',(-17.05,16.55,2.4));
#3145 = VECTOR('',#3146,1.);
#3146 = DIRECTION('',(0.,-1.,0.));
#3147 = PCURVE('',#1103,#3148);
#3148 = DEFINITIONAL_REPRESENTATION('',(#3149),#3153);
#3149 = LINE('',#3150,#3151);
#3150 = CARTESIAN_POINT('',(-2.95,6.));
#3151 = VECTOR('',#3152,1.);
#3152 = DIRECTION('',(0.,-1.));
#3153 = ( GEOMETRIC_REPRESENTATION_CONTEXT(2) 
PARAMETRIC_REPRESENTATION_CONTEXT() REPRESENTATION_CONTEXT('2D SPACE',''
  ) );
#3154 = PCURVE('',#3155,#3160);
#3155 = CYLINDRICAL_SURFACE('',#3156,0.8);
#3156 = AXIS2_PLACEMENT_3D('',#3157,#3158,#3159);
#3157 = CARTESIAN_POINT('',(-17.05,16.55,1.6));
#3158 = DIRECTION('',(0.,-1.,0.));
#3159 = DIRECTION('',(-1.,-0.,0.));
#3160 = DEFINITIONAL_REPRESENTATION('',(#3161),#3165);
#3161 = LINE('',#3162,#3163);
#3162 = CARTESIAN_POINT('',(-1.570796326795,0.));
#3163 = VECTOR('',#3164,1.);
#3164 = DIRECTION('',(-0.,1.));
#3165 = ( GEOMETRIC_REPRESENTATION_CONTEXT(2) 
PARAMETRIC_REPRESENTATION_CONTEXT() REPRESENTATION_CONTEXT('2D SPACE',''
  ) );
#3166 = FACE_BOUND('',#3167,.T.);
#3167 = EDGE_LOOP('',(#3168,#3199,#3225,#3254,#3280,#3309,#3335,#3364));
#3168 = ORIENTED_EDGE('',*,*,#3169,.F.);
#3169 = EDGE_CURVE('',#3170,#3172,#3174,.T.);
#3170 = VERTEX_POINT('',#3171);
#3171 = CARTESIAN_POINT('',(-14.05,4.8,2.4));
#3172 = VERTEX_POINT('',#3173);
#3173 = CARTESIAN_POINT('',(-13.05,5.8,2.4));
#3174 = SURFACE_CURVE('',#3175,(#3180,#3187),.PCURVE_S1.);
#3175 = CIRCLE('',#3176,1.);
#3176 = AXIS2_PLACEMENT_3D('',#3177,#3178,#3179);
#3177 = CARTESIAN_POINT('',(-14.05,5.8,2.4));
#3178 = DIRECTION('',(0.,0.,1.));
#3179 = DIRECTION('',(0.,-1.,0.));
#3180 = PCURVE('',#1103,#3181);
#3181 = DEFINITIONAL_REPRESENTATION('',(#3182),#3186);
#3182 = CIRCLE('',#3183,1.);
#3183 = AXIS2_PLACEMENT_2D('',#3184,#3185);
#3184 = CARTESIAN_POINT('',(5.E-02,-4.75));
#3185 = DIRECTION('',(0.,-1.));
#3186 = ( GEOMETRIC_REPRESENTATION_CONTEXT(2) 
PARAMETRIC_REPRESENTATION_CONTEXT() REPRESENTATION_CONTEXT('2D SPACE',''
  ) );
#3187 = PCURVE('',#3188,#3193);
#3188 = CYLINDRICAL_SURFACE('',#3189,1.);
#3189 = AXIS2_PLACEMENT_3D('',#3190,#3191,#3192);
#3190 = CARTESIAN_POINT('',(-14.05,5.8,-1.));
#3191 = DIRECTION('',(0.,0.,1.));
#3192 = DIRECTION('',(0.,-1.,0.));
#3193 = DEFINITIONAL_REPRESENTATION('',(#3194),#3198);
#3194 = LINE('',#3195,#3196);
#3195 = CARTESIAN_POINT('',(0.,3.4));
#3196 = VECTOR('',#3197,1.);
#3197 = DIRECTION('',(1.,0.));
#3198 = ( GEOMETRIC_REPRESENTATION_CONTEXT(2) 
PARAMETRIC_REPRESENTATION_CONTEXT() REPRESENTATION_CONTEXT('2D SPACE',''
  ) );
#3199 = ORIENTED_EDGE('',*,*,#3200,.T.);
#3200 = EDGE_CURVE('',#3170,#3201,#3203,.T.);
#3201 = VERTEX_POINT('',#3202);
#3202 = CARTESIAN_POINT('',(-14.65,4.8,2.4));
#3203 = SURFACE_CURVE('',#3204,(#3208,#3214),.PCURVE_S1.);
#3204 = LINE('',#3205,#3206);
#3205 = CARTESIAN_POINT('',(-14.875,4.8,2.4));
#3206 = VECTOR('',#3207,1.);
#3207 = DIRECTION('',(-1.,0.,0.));
#3208 = PCURVE('',#1103,#3209);
#3209 = DEFINITIONAL_REPRESENTATION('',(#3210),#3213);
#3210 = B_SPLINE_CURVE_WITH_KNOTS('',1,(#3211,#3212),.UNSPECIFIED.,.F.,
  .F.,(2,2),(-0.825,-0.225),.PIECEWISE_BEZIER_KNOTS.);
#3211 = CARTESIAN_POINT('',(5.E-02,-5.75));
#3212 = CARTESIAN_POINT('',(-0.55,-5.75));
#3213 = ( GEOMETRIC_REPRESENTATION_CONTEXT(2) 
PARAMETRIC_REPRESENTATION_CONTEXT() REPRESENTATION_CONTEXT('2D SPACE',''
  ) );
#3214 = PCURVE('',#3215,#3220);
#3215 = PLANE('',#3216);
#3216 = AXIS2_PLACEMENT_3D('',#3217,#3218,#3219);
#3217 = CARTESIAN_POINT('',(-15.65,4.8,-1.));
#3218 = DIRECTION('',(0.,1.,0.));
#3219 = DIRECTION('',(1.,0.,0.));
#3220 = DEFINITIONAL_REPRESENTATION('',(#3221),#3224);
#3221 = B_SPLINE_CURVE_WITH_KNOTS('',1,(#3222,#3223),.UNSPECIFIED.,.F.,
  .F.,(2,2),(-0.825,-0.225),.PIECEWISE_BEZIER_KNOTS.);
#3222 = CARTESIAN_POINT('',(1.6,-3.4));
#3223 = CARTESIAN_POINT('',(1.,-3.4));
#3224 = ( GEOMETRIC_REPRESENTATION_CONTEXT(2) 
PARAMETRIC_REPRESENTATION_CONTEXT() REPRESENTATION_CONTEXT('2D SPACE',''
  ) );
#3225 = ORIENTED_EDGE('',*,*,#3226,.F.);
#3226 = EDGE_CURVE('',#3227,#3201,#3229,.T.);
#3227 = VERTEX_POINT('',#3228);
#3228 = CARTESIAN_POINT('',(-15.65,5.8,2.4));
#3229 = SURFACE_CURVE('',#3230,(#3235,#3242),.PCURVE_S1.);
#3230 = CIRCLE('',#3231,1.);
#3231 = AXIS2_PLACEMENT_3D('',#3232,#3233,#3234);
#3232 = CARTESIAN_POINT('',(-14.65,5.8,2.4));
#3233 = DIRECTION('',(0.,0.,1.));
#3234 = DIRECTION('',(0.,-1.,0.));
#3235 = PCURVE('',#1103,#3236);
#3236 = DEFINITIONAL_REPRESENTATION('',(#3237),#3241);
#3237 = CIRCLE('',#3238,1.);
#3238 = AXIS2_PLACEMENT_2D('',#3239,#3240);
#3239 = CARTESIAN_POINT('',(-0.55,-4.75));
#3240 = DIRECTION('',(0.,-1.));
#3241 = ( GEOMETRIC_REPRESENTATION_CONTEXT(2) 
PARAMETRIC_REPRESENTATION_CONTEXT() REPRESENTATION_CONTEXT('2D SPACE',''
  ) );
#3242 = PCURVE('',#3243,#3248);
#3243 = CYLINDRICAL_SURFACE('',#3244,1.);
#3244 = AXIS2_PLACEMENT_3D('',#3245,#3246,#3247);
#3245 = CARTESIAN_POINT('',(-14.65,5.8,-1.));
#3246 = DIRECTION('',(0.,0.,1.));
#3247 = DIRECTION('',(0.,-1.,0.));
#3248 = DEFINITIONAL_REPRESENTATION('',(#3249),#3253);
#3249 = LINE('',#3250,#3251);
#3250 = CARTESIAN_POINT('',(-6.28318530718,3.4));
#3251 = VECTOR('',#3252,1.);
#3252 = DIRECTION('',(1.,-0.));
#3253 = ( GEOMETRIC_REPRESENTATION_CONTEXT(2) 
PARAMETRIC_REPRESENTATION_CONTEXT() REPRESENTATION_CONTEXT('2D SPACE',''
  ) );
#3254 = ORIENTED_EDGE('',*,*,#3255,.T.);
#3255 = EDGE_CURVE('',#3227,#3256,#3258,.T.);
#3256 = VERTEX_POINT('',#3257);
#3257 = CARTESIAN_POINT('',(-15.65,15.3,2.4));
#3258 = SURFACE_CURVE('',#3259,(#3263,#3269),.PCURVE_S1.);
#3259 = LINE('',#3260,#3261);
#3260 = CARTESIAN_POINT('',(-15.65,13.425,2.4));
#3261 = VECTOR('',#3262,1.);
#3262 = DIRECTION('',(-0.,1.,0.));
#3263 = PCURVE('',#1103,#3264);
#3264 = DEFINITIONAL_REPRESENTATION('',(#3265),#3268);
#3265 = B_SPLINE_CURVE_WITH_KNOTS('',1,(#3266,#3267),.UNSPECIFIED.,.F.,
  .F.,(2,2),(-7.625,1.875),.PIECEWISE_BEZIER_KNOTS.);
#3266 = CARTESIAN_POINT('',(-1.55,-4.75));
#3267 = CARTESIAN_POINT('',(-1.55,4.75));
#3268 = ( GEOMETRIC_REPRESENTATION_CONTEXT(2) 
PARAMETRIC_REPRESENTATION_CONTEXT() REPRESENTATION_CONTEXT('2D SPACE',''
  ) );
#3269 = PCURVE('',#3270,#3275);
#3270 = PLANE('',#3271);
#3271 = AXIS2_PLACEMENT_3D('',#3272,#3273,#3274);
#3272 = CARTESIAN_POINT('',(-15.65,16.3,-1.));
#3273 = DIRECTION('',(1.,0.,-0.));
#3274 = DIRECTION('',(0.,-1.,0.));
#3275 = DEFINITIONAL_REPRESENTATION('',(#3276),#3279);
#3276 = B_SPLINE_CURVE_WITH_KNOTS('',1,(#3277,#3278),.UNSPECIFIED.,.F.,
  .F.,(2,2),(-7.625,1.875),.PIECEWISE_BEZIER_KNOTS.);
#3277 = CARTESIAN_POINT('',(10.5,-3.4));
#3278 = CARTESIAN_POINT('',(1.,-3.4));
#3279 = ( GEOMETRIC_REPRESENTATION_CONTEXT(2) 
PARAMETRIC_REPRESENTATION_CONTEXT() REPRESENTATION_CONTEXT('2D SPACE',''
  ) );
#3280 = ORIENTED_EDGE('',*,*,#3281,.F.);
#3281 = EDGE_CURVE('',#3282,#3256,#3284,.T.);
#3282 = VERTEX_POINT('',#3283);
#3283 = CARTESIAN_POINT('',(-14.65,16.3,2.4));
#3284 = SURFACE_CURVE('',#3285,(#3290,#3297),.PCURVE_S1.);
#3285 = CIRCLE('',#3286,1.);
#3286 = AXIS2_PLACEMENT_3D('',#3287,#3288,#3289);
#3287 = CARTESIAN_POINT('',(-14.65,15.3,2.4));
#3288 = DIRECTION('',(0.,0.,1.));
#3289 = DIRECTION('',(-0.,1.,0.));
#3290 = PCURVE('',#1103,#3291);
#3291 = DEFINITIONAL_REPRESENTATION('',(#3292),#3296);
#3292 = CIRCLE('',#3293,1.);
#3293 = AXIS2_PLACEMENT_2D('',#3294,#3295);
#3294 = CARTESIAN_POINT('',(-0.55,4.75));
#3295 = DIRECTION('',(0.,1.));
#3296 = ( GEOMETRIC_REPRESENTATION_CONTEXT(2) 
PARAMETRIC_REPRESENTATION_CONTEXT() REPRESENTATION_CONTEXT('2D SPACE',''
  ) );
#3297 = PCURVE('',#3298,#3303);
#3298 = CYLINDRICAL_SURFACE('',#3299,1.);
#3299 = AXIS2_PLACEMENT_3D('',#3300,#3301,#3302);
#3300 = CARTESIAN_POINT('',(-14.65,15.3,-1.));
#3301 = DIRECTION('',(0.,0.,1.));
#3302 = DIRECTION('',(-0.,1.,0.));
#3303 = DEFINITIONAL_REPRESENTATION('',(#3304),#3308);
#3304 = LINE('',#3305,#3306);
#3305 = CARTESIAN_POINT('',(0.,3.4));
#3306 = VECTOR('',#3307,1.);
#3307 = DIRECTION('',(1.,0.));
#3308 = ( GEOMETRIC_REPRESENTATION_CONTEXT(2) 
PARAMETRIC_REPRESENTATION_CONTEXT() REPRESENTATION_CONTEXT('2D SPACE',''
  ) );
#3309 = ORIENTED_EDGE('',*,*,#3310,.T.);
#3310 = EDGE_CURVE('',#3282,#3311,#3313,.T.);
#3311 = VERTEX_POINT('',#3312);
#3312 = CARTESIAN_POINT('',(-14.05,16.3,2.4));
#3313 = SURFACE_CURVE('',#3314,(#3318,#3324),.PCURVE_S1.);
#3314 = LINE('',#3315,#3316);
#3315 = CARTESIAN_POINT('',(-13.575,16.3,2.4));
#3316 = VECTOR('',#3317,1.);
#3317 = DIRECTION('',(1.,0.,-0.));
#3318 = PCURVE('',#1103,#3319);
#3319 = DEFINITIONAL_REPRESENTATION('',(#3320),#3323);
#3320 = B_SPLINE_CURVE_WITH_KNOTS('',1,(#3321,#3322),.UNSPECIFIED.,.F.,
  .F.,(2,2),(-1.075,-0.475),.PIECEWISE_BEZIER_KNOTS.);
#3321 = CARTESIAN_POINT('',(-0.55,5.75));
#3322 = CARTESIAN_POINT('',(5.E-02,5.75));
#3323 = ( GEOMETRIC_REPRESENTATION_CONTEXT(2) 
PARAMETRIC_REPRESENTATION_CONTEXT() REPRESENTATION_CONTEXT('2D SPACE',''
  ) );
#3324 = PCURVE('',#3325,#3330);
#3325 = PLANE('',#3326);
#3326 = AXIS2_PLACEMENT_3D('',#3327,#3328,#3329);
#3327 = CARTESIAN_POINT('',(-13.05,16.3,-1.));
#3328 = DIRECTION('',(0.,-1.,0.));
#3329 = DIRECTION('',(-1.,0.,0.));
#3330 = DEFINITIONAL_REPRESENTATION('',(#3331),#3334);
#3331 = B_SPLINE_CURVE_WITH_KNOTS('',1,(#3332,#3333),.UNSPECIFIED.,.F.,
  .F.,(2,2),(-1.075,-0.475),.PIECEWISE_BEZIER_KNOTS.);
#3332 = CARTESIAN_POINT('',(1.6,-3.4));
#3333 = CARTESIAN_POINT('',(1.,-3.4));
#3334 = ( GEOMETRIC_REPRESENTATION_CONTEXT(2) 
PARAMETRIC_REPRESENTATION_CONTEXT() REPRESENTATION_CONTEXT('2D SPACE',''
  ) );
#3335 = ORIENTED_EDGE('',*,*,#3336,.F.);
#3336 = EDGE_CURVE('',#3337,#3311,#3339,.T.);
#3337 = VERTEX_POINT('',#3338);
#3338 = CARTESIAN_POINT('',(-13.05,15.3,2.4));
#3339 = SURFACE_CURVE('',#3340,(#3345,#3352),.PCURVE_S1.);
#3340 = CIRCLE('',#3341,1.);
#3341 = AXIS2_PLACEMENT_3D('',#3342,#3343,#3344);
#3342 = CARTESIAN_POINT('',(-14.05,15.3,2.4));
#3343 = DIRECTION('',(0.,0.,1.));
#3344 = DIRECTION('',(1.,0.,-0.));
#3345 = PCURVE('',#1103,#3346);
#3346 = DEFINITIONAL_REPRESENTATION('',(#3347),#3351);
#3347 = CIRCLE('',#3348,1.);
#3348 = AXIS2_PLACEMENT_2D('',#3349,#3350);
#3349 = CARTESIAN_POINT('',(5.E-02,4.75));
#3350 = DIRECTION('',(1.,0.));
#3351 = ( GEOMETRIC_REPRESENTATION_CONTEXT(2) 
PARAMETRIC_REPRESENTATION_CONTEXT() REPRESENTATION_CONTEXT('2D SPACE',''
  ) );
#3352 = PCURVE('',#3353,#3358);
#3353 = CYLINDRICAL_SURFACE('',#3354,1.);
#3354 = AXIS2_PLACEMENT_3D('',#3355,#3356,#3357);
#3355 = CARTESIAN_POINT('',(-14.05,15.3,-1.));
#3356 = DIRECTION('',(0.,0.,1.));
#3357 = DIRECTION('',(1.,0.,-0.));
#3358 = DEFINITIONAL_REPRESENTATION('',(#3359),#3363);
#3359 = LINE('',#3360,#3361);
#3360 = CARTESIAN_POINT('',(0.,3.4));
#3361 = VECTOR('',#3362,1.);
#3362 = DIRECTION('',(1.,0.));
#3363 = ( GEOMETRIC_REPRESENTATION_CONTEXT(2) 
PARAMETRIC_REPRESENTATION_CONTEXT() REPRESENTATION_CONTEXT('2D SPACE',''
  ) );
#3364 = ORIENTED_EDGE('',*,*,#3365,.T.);
#3365 = EDGE_CURVE('',#3337,#3172,#3366,.T.);
#3366 = SURFACE_CURVE('',#3367,(#3371,#3377),.PCURVE_S1.);
#3367 = LINE('',#3368,#3369);
#3368 = CARTESIAN_POINT('',(-13.05,7.675,2.4));
#3369 = VECTOR('',#3370,1.);
#3370 = DIRECTION('',(0.,-1.,0.));
#3371 = PCURVE('',#1103,#3372);
#3372 = DEFINITIONAL_REPRESENTATION('',(#3373),#3376);
#3373 = B_SPLINE_CURVE_WITH_KNOTS('',1,(#3374,#3375),.UNSPECIFIED.,.F.,
  .F.,(2,2),(-7.625,1.875),.PIECEWISE_BEZIER_KNOTS.);
#3374 = CARTESIAN_POINT('',(1.05,4.75));
#3375 = CARTESIAN_POINT('',(1.05,-4.75));
#3376 = ( GEOMETRIC_REPRESENTATION_CONTEXT(2) 
PARAMETRIC_REPRESENTATION_CONTEXT() REPRESENTATION_CONTEXT('2D SPACE',''
  ) );
#3377 = PCURVE('',#3378,#3383);
#3378 = PLANE('',#3379);
#3379 = AXIS2_PLACEMENT_3D('',#3380,#3381,#3382);
#3380 = CARTESIAN_POINT('',(-13.05,4.8,-1.));
#3381 = DIRECTION('',(-1.,0.,0.));
#3382 = DIRECTION('',(0.,1.,0.));
#3383 = DEFINITIONAL_REPRESENTATION('',(#3384),#3387);
#3384 = B_SPLINE_CURVE_WITH_KNOTS('',1,(#3385,#3386),.UNSPECIFIED.,.F.,
  .F.,(2,2),(-7.625,1.875),.PIECEWISE_BEZIER_KNOTS.);
#3385 = CARTESIAN_POINT('',(10.5,-3.4));
#3386 = CARTESIAN_POINT('',(1.,-3.4));
#3387 = ( GEOMETRIC_REPRESENTATION_CONTEXT(2) 
PARAMETRIC_REPRESENTATION_CONTEXT() REPRESENTATION_CONTEXT('2D SPACE',''
  ) );
#3388 = ADVANCED_FACE('',(#3389),#1061,.T.);
#3389 = FACE_BOUND('',#3390,.T.);
#3390 = EDGE_LOOP('',(#3391,#3413,#3435,#3436));
#3391 = ORIENTED_EDGE('',*,*,#3392,.F.);
#3392 = EDGE_CURVE('',#3393,#3038,#3395,.T.);
#3393 = VERTEX_POINT('',#3394);
#3394 = CARTESIAN_POINT('',(-12.85,2.05,1.6));
#3395 = SURFACE_CURVE('',#3396,(#3401,#3407),.PCURVE_S1.);
#3396 = CIRCLE('',#3397,0.8);
#3397 = AXIS2_PLACEMENT_3D('',#3398,#3399,#3400);
#3398 = CARTESIAN_POINT('',(-12.85,2.85,1.6));
#3399 = DIRECTION('',(-1.,-0.,0.));
#3400 = DIRECTION('',(0.,-1.,0.));
#3401 = PCURVE('',#1061,#3402);
#3402 = DEFINITIONAL_REPRESENTATION('',(#3403),#3406);
#3403 = B_SPLINE_CURVE_WITH_KNOTS('',1,(#3404,#3405),.UNSPECIFIED.,.F.,
  .F.,(2,2),(0.,1.570796326795),.PIECEWISE_BEZIER_KNOTS.);
#3404 = CARTESIAN_POINT('',(0.,0.));
#3405 = CARTESIAN_POINT('',(0.,1.570796326795));
#3406 = ( GEOMETRIC_REPRESENTATION_CONTEXT(2) 
PARAMETRIC_REPRESENTATION_CONTEXT() REPRESENTATION_CONTEXT('2D SPACE',''
  ) );
#3407 = PCURVE('',#3053,#3408);
#3408 = DEFINITIONAL_REPRESENTATION('',(#3409),#3412);
#3409 = B_SPLINE_CURVE_WITH_KNOTS('',1,(#3410,#3411),.UNSPECIFIED.,.F.,
  .F.,(2,2),(0.,1.570796326795),.PIECEWISE_BEZIER_KNOTS.);
#3410 = CARTESIAN_POINT('',(0.,2.5));
#3411 = CARTESIAN_POINT('',(-1.570796326795,2.5));
#3412 = ( GEOMETRIC_REPRESENTATION_CONTEXT(2) 
PARAMETRIC_REPRESENTATION_CONTEXT() REPRESENTATION_CONTEXT('2D SPACE',''
  ) );
#3413 = ORIENTED_EDGE('',*,*,#3414,.T.);
#3414 = EDGE_CURVE('',#3393,#990,#3415,.T.);
#3415 = SURFACE_CURVE('',#3416,(#3421,#3428),.PCURVE_S1.);
#3416 = CIRCLE('',#3417,2.5);
#3417 = AXIS2_PLACEMENT_3D('',#3418,#3419,#3420);
#3418 = CARTESIAN_POINT('',(-12.85,4.55,1.6));
#3419 = DIRECTION('',(0.,0.,1.));
#3420 = DIRECTION('',(0.,-1.,0.));
#3421 = PCURVE('',#1061,#3422);
#3422 = DEFINITIONAL_REPRESENTATION('',(#3423),#3427);
#3423 = LINE('',#3424,#3425);
#3424 = CARTESIAN_POINT('',(0.,0.));
#3425 = VECTOR('',#3426,1.);
#3426 = DIRECTION('',(1.,0.));
#3427 = ( GEOMETRIC_REPRESENTATION_CONTEXT(2) 
PARAMETRIC_REPRESENTATION_CONTEXT() REPRESENTATION_CONTEXT('2D SPACE',''
  ) );
#3428 = PCURVE('',#1004,#3429);
#3429 = DEFINITIONAL_REPRESENTATION('',(#3430),#3434);
#3430 = LINE('',#3431,#3432);
#3431 = CARTESIAN_POINT('',(0.,1.6));
#3432 = VECTOR('',#3433,1.);
#3433 = DIRECTION('',(1.,0.));
#3434 = ( GEOMETRIC_REPRESENTATION_CONTEXT(2) 
PARAMETRIC_REPRESENTATION_CONTEXT() REPRESENTATION_CONTEXT('2D SPACE',''
  ) );
#3435 = ORIENTED_EDGE('',*,*,#1015,.T.);
#3436 = ORIENTED_EDGE('',*,*,#3065,.F.);
#3437 = ADVANCED_FACE('',(#3438),#1004,.T.);
#3438 = FACE_BOUND('',#3439,.T.);
#3439 = EDGE_LOOP('',(#3440,#3468,#3490,#3491,#3492));
#3440 = ORIENTED_EDGE('',*,*,#3441,.F.);
#3441 = EDGE_CURVE('',#3442,#3393,#3444,.T.);
#3442 = VERTEX_POINT('',#3443);
#3443 = CARTESIAN_POINT('',(-12.85,2.05,0.8));
#3444 = SURFACE_CURVE('',#3445,(#3449,#3456),.PCURVE_S1.);
#3445 = LINE('',#3446,#3447);
#3446 = CARTESIAN_POINT('',(-12.85,2.05,0.));
#3447 = VECTOR('',#3448,1.);
#3448 = DIRECTION('',(0.,0.,1.));
#3449 = PCURVE('',#1004,#3450);
#3450 = DEFINITIONAL_REPRESENTATION('',(#3451),#3455);
#3451 = LINE('',#3452,#3453);
#3452 = CARTESIAN_POINT('',(0.,0.));
#3453 = VECTOR('',#3454,1.);
#3454 = DIRECTION('',(0.,1.));
#3455 = ( GEOMETRIC_REPRESENTATION_CONTEXT(2) 
PARAMETRIC_REPRESENTATION_CONTEXT() REPRESENTATION_CONTEXT('2D SPACE',''
  ) );
#3456 = PCURVE('',#3457,#3462);
#3457 = PLANE('',#3458);
#3458 = AXIS2_PLACEMENT_3D('',#3459,#3460,#3461);
#3459 = CARTESIAN_POINT('',(-17.85,2.05,0.));
#3460 = DIRECTION('',(0.,1.,0.));
#3461 = DIRECTION('',(1.,0.,0.));
#3462 = DEFINITIONAL_REPRESENTATION('',(#3463),#3467);
#3463 = LINE('',#3464,#3465);
#3464 = CARTESIAN_POINT('',(5.,0.));
#3465 = VECTOR('',#3466,1.);
#3466 = DIRECTION('',(0.,-1.));
#3467 = ( GEOMETRIC_REPRESENTATION_CONTEXT(2) 
PARAMETRIC_REPRESENTATION_CONTEXT() REPRESENTATION_CONTEXT('2D SPACE',''
  ) );
#3468 = ORIENTED_EDGE('',*,*,#3469,.T.);
#3469 = EDGE_CURVE('',#3442,#2559,#3470,.T.);
#3470 = SURFACE_CURVE('',#3471,(#3476,#3483),.PCURVE_S1.);
#3471 = CIRCLE('',#3472,2.5);
#3472 = AXIS2_PLACEMENT_3D('',#3473,#3474,#3475);
#3473 = CARTESIAN_POINT('',(-12.85,4.55,0.8));
#3474 = DIRECTION('',(0.,0.,1.));
#3475 = DIRECTION('',(0.,-1.,0.));
#3476 = PCURVE('',#1004,#3477);
#3477 = DEFINITIONAL_REPRESENTATION('',(#3478),#3482);
#3478 = LINE('',#3479,#3480);
#3479 = CARTESIAN_POINT('',(0.,0.8));
#3480 = VECTOR('',#3481,1.);
#3481 = DIRECTION('',(1.,0.));
#3482 = ( GEOMETRIC_REPRESENTATION_CONTEXT(2) 
PARAMETRIC_REPRESENTATION_CONTEXT() REPRESENTATION_CONTEXT('2D SPACE',''
  ) );
#3483 = PCURVE('',#2663,#3484);
#3484 = DEFINITIONAL_REPRESENTATION('',(#3485),#3489);
#3485 = LINE('',#3486,#3487);
#3486 = CARTESIAN_POINT('',(-0.,0.));
#3487 = VECTOR('',#3488,1.);
#3488 = DIRECTION('',(-1.,0.));
#3489 = ( GEOMETRIC_REPRESENTATION_CONTEXT(2) 
PARAMETRIC_REPRESENTATION_CONTEXT() REPRESENTATION_CONTEXT('2D SPACE',''
  ) );
#3490 = ORIENTED_EDGE('',*,*,#2558,.F.);
#3491 = ORIENTED_EDGE('',*,*,#989,.T.);
#3492 = ORIENTED_EDGE('',*,*,#3414,.F.);
#3493 = ADVANCED_FACE('',(#3494),#1255,.T.);
#3494 = FACE_BOUND('',#3495,.T.);
#3495 = EDGE_LOOP('',(#3496,#3497,#3498,#3499,#3519,#3520,#3555,#3664,
    #3690,#3799));
#3496 = ORIENTED_EDGE('',*,*,#2260,.F.);
#3497 = ORIENTED_EDGE('',*,*,#1380,.T.);
#3498 = ORIENTED_EDGE('',*,*,#1239,.T.);
#3499 = ORIENTED_EDGE('',*,*,#3500,.F.);
#3500 = EDGE_CURVE('',#2211,#1240,#3501,.T.);
#3501 = SURFACE_CURVE('',#3502,(#3507,#3513),.PCURVE_S1.);
#3502 = CIRCLE('',#3503,1.5);
#3503 = AXIS2_PLACEMENT_3D('',#3504,#3505,#3506);
#3504 = CARTESIAN_POINT('',(19.75,20.,1.5));
#3505 = DIRECTION('',(0.,1.,0.));
#3506 = DIRECTION('',(1.,0.,-0.));
#3507 = PCURVE('',#1255,#3508);
#3508 = DEFINITIONAL_REPRESENTATION('',(#3509),#3512);
#3509 = B_SPLINE_CURVE_WITH_KNOTS('',1,(#3510,#3511),.UNSPECIFIED.,.F.,
  .F.,(2,2),(0.,1.570796326795),.PIECEWISE_BEZIER_KNOTS.);
#3510 = CARTESIAN_POINT('',(0.,18.9));
#3511 = CARTESIAN_POINT('',(1.570796326795,18.9));
#3512 = ( GEOMETRIC_REPRESENTATION_CONTEXT(2) 
PARAMETRIC_REPRESENTATION_CONTEXT() REPRESENTATION_CONTEXT('2D SPACE',''
  ) );
#3513 = PCURVE('',#1284,#3514);
#3514 = DEFINITIONAL_REPRESENTATION('',(#3515),#3518);
#3515 = B_SPLINE_CURVE_WITH_KNOTS('',1,(#3516,#3517),.UNSPECIFIED.,.F.,
  .F.,(2,2),(0.,1.570796326795),.PIECEWISE_BEZIER_KNOTS.);
#3516 = CARTESIAN_POINT('',(0.,0.));
#3517 = CARTESIAN_POINT('',(0.,1.570796326795));
#3518 = ( GEOMETRIC_REPRESENTATION_CONTEXT(2) 
PARAMETRIC_REPRESENTATION_CONTEXT() REPRESENTATION_CONTEXT('2D SPACE',''
  ) );
#3519 = ORIENTED_EDGE('',*,*,#2286,.F.);
#3520 = ORIENTED_EDGE('',*,*,#3521,.T.);
#3521 = EDGE_CURVE('',#2287,#3522,#3524,.T.);
#3522 = VERTEX_POINT('',#3523);
#3523 = CARTESIAN_POINT('',(21.076649916142,18.757543789081,0.8));
#3524 = SURFACE_CURVE('',#3525,(#3533,#3544),.PCURVE_S1.);
#3525 = B_SPLINE_CURVE_WITH_KNOTS('',6,(#3526,#3527,#3528,#3529,#3530,
    #3531,#3532),.UNSPECIFIED.,.F.,.F.,(7,7),(0.,1.),
  .PIECEWISE_BEZIER_KNOTS.);
#3526 = CARTESIAN_POINT('',(21.25,18.841287847478,1.5));
#3527 = CARTESIAN_POINT('',(21.25,18.841287847478,1.379312784634));
#3528 = CARTESIAN_POINT('',(21.238347777288,18.836202187832,
    1.258415399367));
#3529 = CARTESIAN_POINT('',(21.214966585342,18.825998786846,
    1.138660945428));
#3530 = CARTESIAN_POINT('',(21.179974169382,18.81019539212,
    1.021423469287));
#3531 = CARTESIAN_POINT('',(21.133679289499,18.78785595933,
    0.908082757825));
#3532 = CARTESIAN_POINT('',(21.076649599555,18.757543620809,0.7999994));
#3533 = PCURVE('',#1255,#3534);
#3534 = DEFINITIONAL_REPRESENTATION('',(#3535),#3543);
#3535 = B_SPLINE_CURVE_WITH_KNOTS('',6,(#3536,#3537,#3538,#3539,#3540,
    #3541,#3542),.UNSPECIFIED.,.F.,.F.,(7,7),(0.,1.),
  .PIECEWISE_BEZIER_KNOTS.);
#3536 = CARTESIAN_POINT('',(0.,17.741287847478));
#3537 = CARTESIAN_POINT('',(8.045814357766E-02,17.741287847478));
#3538 = CARTESIAN_POINT('',(0.16105630539,17.736202187832));
#3539 = CARTESIAN_POINT('',(0.241830577831,17.725998786846));
#3540 = CARTESIAN_POINT('',(0.322816689841,17.71019539212));
#3541 = CARTESIAN_POINT('',(0.40404765876,17.68785595933));
#3542 = CARTESIAN_POINT('',(0.485518574563,17.657543620809));
#3543 = ( GEOMETRIC_REPRESENTATION_CONTEXT(2) 
PARAMETRIC_REPRESENTATION_CONTEXT() REPRESENTATION_CONTEXT('2D SPACE',''
  ) );
#3544 = PCURVE('',#2324,#3545);
#3545 = DEFINITIONAL_REPRESENTATION('',(#3546),#3554);
#3546 = B_SPLINE_CURVE_WITH_KNOTS('',6,(#3547,#3548,#3549,#3550,#3551,
    #3552,#3553),.UNSPECIFIED.,.F.,.F.,(7,7),(0.,1.),
  .PIECEWISE_BEZIER_KNOTS.);
#3547 = CARTESIAN_POINT('',(0.411516846067,1.5));
#3548 = CARTESIAN_POINT('',(0.411516846067,1.379312784634));
#3549 = CARTESIAN_POINT('',(0.416602355775,1.258415399367));
#3550 = CARTESIAN_POINT('',(0.426806453994,1.138660945428));
#3551 = CARTESIAN_POINT('',(0.442163745532,1.021423469287));
#3552 = CARTESIAN_POINT('',(0.462709370143,0.908082757825));
#3553 = CARTESIAN_POINT('',(0.488543373787,0.7999994));
#3554 = ( GEOMETRIC_REPRESENTATION_CONTEXT(2) 
PARAMETRIC_REPRESENTATION_CONTEXT() REPRESENTATION_CONTEXT('2D SPACE',''
  ) );
#3555 = ORIENTED_EDGE('',*,*,#3556,.T.);
#3556 = EDGE_CURVE('',#3522,#3557,#3559,.T.);
#3557 = VERTEX_POINT('',#3558);
#3558 = CARTESIAN_POINT('',(20.214521959715,16.55,7.373938253108E-02));
#3559 = SURFACE_CURVE('',#3560,(#3591,#3625),.PCURVE_S1.);
#3560 = B_SPLINE_CURVE_WITH_KNOTS('',8,(#3561,#3562,#3563,#3564,#3565,
    #3566,#3567,#3568,#3569,#3570,#3571,#3572,#3573,#3574,#3575,#3576,
    #3577,#3578,#3579,#3580,#3581,#3582,#3583,#3584,#3585,#3586,#3587,
    #3588,#3589,#3590),.UNSPECIFIED.,.F.,.F.,(9,7,7,7,9),(0.,
    0.177022089142,0.312139243669,0.437112172014,1.),.UNSPECIFIED.);
#3561 = CARTESIAN_POINT('',(21.076649916142,18.757543789081,0.8));
#3562 = CARTESIAN_POINT('',(21.052070601676,18.744479431838,
    0.753416935034));
#3563 = CARTESIAN_POINT('',(21.025868417528,18.72664061182,0.70828734636
    ));
#3564 = CARTESIAN_POINT('',(20.998354686718,18.704391469116,
    0.66504243743));
#3565 = CARTESIAN_POINT('',(20.969865187602,18.678191735704,
    0.623943527867));
#3566 = CARTESIAN_POINT('',(20.940722222006,18.648512105885,
    0.585121478515));
#3567 = CARTESIAN_POINT('',(20.91121070424,18.615793525683,
    0.548609801229));
#3568 = CARTESIAN_POINT('',(20.881565328851,18.580425603038,
    0.514371623007));
#3569 = CARTESIAN_POINT('',(20.829373248294,18.513938961197,
    0.457856873953));
#3570 = CARTESIAN_POINT('',(20.80680776404,18.483797004078,
    0.434667904942));
#3571 = CARTESIAN_POINT('',(20.784348289099,18.452430109992,
    0.412713725657));
#3572 = CARTESIAN_POINT('',(20.762064074867,18.41996096924,
    0.391948599803));
#3573 = CARTESIAN_POINT('',(20.740015005542,18.386498123955,
    0.372322536091));
#3574 = CARTESIAN_POINT('',(20.718251846388,18.35213577038,
    0.353782728106));
#3575 = CARTESIAN_POINT('',(20.696816492003,18.316953561148,
    0.336274994182));
#3576 = CARTESIAN_POINT('',(20.656250136225,18.247777317116,
    0.304456450776));
#3577 = CARTESIAN_POINT('',(20.637069548368,18.213896693278,
    0.290006233059));
#3578 = CARTESIAN_POINT('',(20.618228331246,18.179428368367,
    0.276352450871));
#3579 = CARTESIAN_POINT('',(20.599751169892,18.144420736498,
    0.263454738718));
#3580 = CARTESIAN_POINT('',(20.581659750748,18.108916949145,
    0.251274419099));
#3581 = CARTESIAN_POINT('',(20.563972958286,18.07295511072,
    0.239774442755));
#3582 = CARTESIAN_POINT('',(20.54670707162,18.036568474138,
    0.228919328908));
#3583 = CARTESIAN_POINT('',(20.454067325173,17.834112862918,
    0.172534323349));
#3584 = CARTESIAN_POINT('',(20.387220824487,17.660712363509,
    0.138872049716));
#3585 = CARTESIAN_POINT('',(20.330348140687,17.481791560644,
    0.114394767833));
#3586 = CARTESIAN_POINT('',(20.284278295145,17.298910908519,
    9.705707368085E-02));
#3587 = CARTESIAN_POINT('',(20.249475774127,17.11340066446,
    8.512063857832E-02));
#3588 = CARTESIAN_POINT('',(20.226195484688,16.926258972873,
    7.754199549765E-02));
#3589 = CARTESIAN_POINT('',(20.214521959715,16.738281735036,
    7.373938253108E-02));
#3590 = CARTESIAN_POINT('',(20.214521959715,16.55,7.373938253108E-02));
#3591 = PCURVE('',#1255,#3592);
#3592 = DEFINITIONAL_REPRESENTATION('',(#3593),#3624);
#3593 = B_SPLINE_CURVE_WITH_KNOTS('',8,(#3594,#3595,#3596,#3597,#3598,
    #3599,#3600,#3601,#3602,#3603,#3604,#3605,#3606,#3607,#3608,#3609,
    #3610,#3611,#3612,#3613,#3614,#3615,#3616,#3617,#3618,#3619,#3620,
    #3621,#3622,#3623),.UNSPECIFIED.,.F.,.F.,(9,7,7,7,9),(0.,
    0.177022089142,0.312139243669,0.437112172014,1.),.UNSPECIFIED.);
#3594 = CARTESIAN_POINT('',(0.485518122296,17.657543789081));
#3595 = CARTESIAN_POINT('',(0.520631428676,17.644479431838));
#3596 = CARTESIAN_POINT('',(0.555392623256,17.62664061182));
#3597 = CARTESIAN_POINT('',(0.589516587903,17.604391469116));
#3598 = CARTESIAN_POINT('',(0.622805160392,17.578191735704));
#3599 = CARTESIAN_POINT('',(0.655124503189,17.548512105885));
#3600 = CARTESIAN_POINT('',(0.686392151684,17.515793525683));
#3601 = CARTESIAN_POINT('',(0.716569394829,17.480425603038));
#3602 = CARTESIAN_POINT('',(0.767854784272,17.413938961197));
#3603 = CARTESIAN_POINT('',(0.789418282969,17.383797004078));
#3604 = CARTESIAN_POINT('',(0.810345762823,17.352430109992));
#3605 = CARTESIAN_POINT('',(0.830640934918,17.31996096924));
#3606 = CARTESIAN_POINT('',(0.85031033697,17.286498123955));
#3607 = CARTESIAN_POINT('',(0.869363074475,17.25213577038));
#3608 = CARTESIAN_POINT('',(0.887810561864,17.216953561148));
#3609 = CARTESIAN_POINT('',(0.922181408203,17.147777317116));
#3610 = CARTESIAN_POINT('',(0.938188154649,17.113896693278));
#3611 = CARTESIAN_POINT('',(0.953696036544,17.079428368367));
#3612 = CARTESIAN_POINT('',(0.968713830162,17.044420736498));
#3613 = CARTESIAN_POINT('',(0.983249715951,17.008916949145));
#3614 = CARTESIAN_POINT('',(0.997311439996,16.97295511072));
#3615 = CARTESIAN_POINT('',(1.010906475476,16.936568474138));
#3616 = CARTESIAN_POINT('',(1.083206441585,16.734112862918));
#3617 = CARTESIAN_POINT('',(1.132942036839,16.560712363509));
#3618 = CARTESIAN_POINT('',(1.174127673049,16.381791560644));
#3619 = CARTESIAN_POINT('',(1.206903730068,16.198910908519));
#3620 = CARTESIAN_POINT('',(1.231432895972,16.01340066446));
#3621 = CARTESIAN_POINT('',(1.247753401858,15.826258972873));
#3622 = CARTESIAN_POINT('',(1.255938483017,15.638281735036));
#3623 = CARTESIAN_POINT('',(1.255938483017,15.45));
#3624 = ( GEOMETRIC_REPRESENTATION_CONTEXT(2) 
PARAMETRIC_REPRESENTATION_CONTEXT() REPRESENTATION_CONTEXT('2D SPACE',''
  ) );
#3625 = PCURVE('',#3626,#3631);
#3626 = TOROIDAL_SURFACE('',#3627,1.7,0.8);
#3627 = AXIS2_PLACEMENT_3D('',#3628,#3629,#3630);
#3628 = CARTESIAN_POINT('',(22.25,16.55,0.8));
#3629 = DIRECTION('',(-0.,-0.,-1.));
#3630 = DIRECTION('',(0.,1.,-0.));
#3631 = DEFINITIONAL_REPRESENTATION('',(#3632),#3663);
#3632 = B_SPLINE_CURVE_WITH_KNOTS('',8,(#3633,#3634,#3635,#3636,#3637,
    #3638,#3639,#3640,#3641,#3642,#3643,#3644,#3645,#3646,#3647,#3648,
    #3649,#3650,#3651,#3652,#3653,#3654,#3655,#3656,#3657,#3658,#3659,
    #3660,#3661,#3662),.UNSPECIFIED.,.F.,.F.,(9,7,7,7,9),(0.,
    0.177022089142,0.312139243669,0.437112172014,1.),.UNSPECIFIED.);
#3633 = CARTESIAN_POINT('',(-0.488543230376,0.));
#3634 = CARTESIAN_POINT('',(-0.499677466801,5.82288312071E-02));
#3635 = CARTESIAN_POINT('',(-0.512281262352,0.11464073179));
#3636 = CARTESIAN_POINT('',(-0.526233545913,0.168998095239));
#3637 = CARTESIAN_POINT('',(-0.541400062764,0.221194631892));
#3638 = CARTESIAN_POINT('',(-0.557649176816,0.271194622711));
#3639 = CARTESIAN_POINT('',(-0.574860041037,0.319011126703));
#3640 = CARTESIAN_POINT('',(-0.592928933581,0.364700920052));
#3641 = CARTESIAN_POINT('',(-0.62616783264,0.441673360401));
#3642 = CARTESIAN_POINT('',(-0.641011183061,0.473805602203));
#3643 = CARTESIAN_POINT('',(-0.656276579862,0.504792582306));
#3644 = CARTESIAN_POINT('',(-0.671933960091,0.534674067115));
#3645 = CARTESIAN_POINT('',(-0.687956601522,0.563488284281));
#3646 = CARTESIAN_POINT('',(-0.704321497871,0.591272529425));
#3647 = CARTESIAN_POINT('',(-0.721009734022,0.618063772849));
#3648 = CARTESIAN_POINT('',(-0.753727890672,0.667795101538));
#3649 = CARTESIAN_POINT('',(-0.769711147679,0.690870183015));
#3650 = CARTESIAN_POINT('',(-0.785944037653,0.713152149069));
#3651 = CARTESIAN_POINT('',(-0.802414791089,0.734665489766));
#3652 = CARTESIAN_POINT('',(-0.819112553921,0.755432078451));
#3653 = CARTESIAN_POINT('',(-0.83602747785,0.775471703342));
#3654 = CARTESIAN_POINT('',(-0.853150810679,0.794802599131));
#3655 = CARTESIAN_POINT('',(-0.948504427977,0.897395199024));
#3656 = CARTESIAN_POINT('',(-1.030462484759,0.967163085662));
#3657 = CARTESIAN_POINT('',(-1.115842605642,1.024606237584));
#3658 = CARTESIAN_POINT('',(-1.204022167856,1.070132990312));
#3659 = CARTESIAN_POINT('',(-1.294296876087,1.104139145738));
#3660 = CARTESIAN_POINT('',(-1.385945737306,1.126736042651));
#3661 = CARTESIAN_POINT('',(-1.478296318782,1.138069820904));
#3662 = CARTESIAN_POINT('',(-1.570796326795,1.138069820904));
#3663 = ( GEOMETRIC_REPRESENTATION_CONTEXT(2) 
PARAMETRIC_REPRESENTATION_CONTEXT() REPRESENTATION_CONTEXT('2D SPACE',''
  ) );
#3664 = ORIENTED_EDGE('',*,*,#3665,.F.);
#3665 = EDGE_CURVE('',#3666,#3557,#3668,.T.);
#3666 = VERTEX_POINT('',#3667);
#3667 = CARTESIAN_POINT('',(20.214521959715,4.55,7.373938253108E-02));
#3668 = SURFACE_CURVE('',#3669,(#3673,#3679),.PCURVE_S1.);
#3669 = LINE('',#3670,#3671);
#3670 = CARTESIAN_POINT('',(20.214521959715,1.1,7.373938253108E-02));
#3671 = VECTOR('',#3672,1.);
#3672 = DIRECTION('',(0.,1.,0.));
#3673 = PCURVE('',#1255,#3674);
#3674 = DEFINITIONAL_REPRESENTATION('',(#3675),#3678);
#3675 = B_SPLINE_CURVE_WITH_KNOTS('',1,(#3676,#3677),.UNSPECIFIED.,.F.,
  .F.,(2,2),(3.4499994,15.4500006),.PIECEWISE_BEZIER_KNOTS.);
#3676 = CARTESIAN_POINT('',(1.255938483017,3.4499994));
#3677 = CARTESIAN_POINT('',(1.255938483017,15.4500006));
#3678 = ( GEOMETRIC_REPRESENTATION_CONTEXT(2) 
PARAMETRIC_REPRESENTATION_CONTEXT() REPRESENTATION_CONTEXT('2D SPACE',''
  ) );
#3679 = PCURVE('',#3680,#3685);
#3680 = CYLINDRICAL_SURFACE('',#3681,0.8);
#3681 = AXIS2_PLACEMENT_3D('',#3682,#3683,#3684);
#3682 = CARTESIAN_POINT('',(20.55,16.55,0.8));
#3683 = DIRECTION('',(0.,-1.,0.));
#3684 = DIRECTION('',(-1.,-0.,0.));
#3685 = DEFINITIONAL_REPRESENTATION('',(#3686),#3689);
#3686 = B_SPLINE_CURVE_WITH_KNOTS('',1,(#3687,#3688),.UNSPECIFIED.,.F.,
  .F.,(2,2),(3.4499994,15.4500006),.PIECEWISE_BEZIER_KNOTS.);
#3687 = CARTESIAN_POINT('',(1.138069820904,12.0000006));
#3688 = CARTESIAN_POINT('',(1.138069820904,-5.999999999062E-07));
#3689 = ( GEOMETRIC_REPRESENTATION_CONTEXT(2) 
PARAMETRIC_REPRESENTATION_CONTEXT() REPRESENTATION_CONTEXT('2D SPACE',''
  ) );
#3690 = ORIENTED_EDGE('',*,*,#3691,.F.);
#3691 = EDGE_CURVE('',#3692,#3666,#3694,.T.);
#3692 = VERTEX_POINT('',#3693);
#3693 = CARTESIAN_POINT('',(21.076649916142,2.342456210919,0.8));
#3694 = SURFACE_CURVE('',#3695,(#3726,#3760),.PCURVE_S1.);
#3695 = B_SPLINE_CURVE_WITH_KNOTS('',8,(#3696,#3697,#3698,#3699,#3700,
    #3701,#3702,#3703,#3704,#3705,#3706,#3707,#3708,#3709,#3710,#3711,
    #3712,#3713,#3714,#3715,#3716,#3717,#3718,#3719,#3720,#3721,#3722,
    #3723,#3724,#3725),.UNSPECIFIED.,.F.,.F.,(9,7,7,7,9),(0.,
    0.177022089143,0.31213924367,0.437112172015,1.),.UNSPECIFIED.);
#3696 = CARTESIAN_POINT('',(21.076649916142,2.342456210919,0.8));
#3697 = CARTESIAN_POINT('',(21.052070601675,2.355520568162,
    0.753416935034));
#3698 = CARTESIAN_POINT('',(21.025868417528,2.37335938818,0.708287346361
    ));
#3699 = CARTESIAN_POINT('',(20.998354686718,2.395608530884,0.66504243743
    ));
#3700 = CARTESIAN_POINT('',(20.969865187602,2.421808264296,
    0.623943527867));
#3701 = CARTESIAN_POINT('',(20.940722222006,2.451487894115,
    0.585121478516));
#3702 = CARTESIAN_POINT('',(20.911210704239,2.484206474317,
    0.548609801229));
#3703 = CARTESIAN_POINT('',(20.881565328851,2.519574396962,
    0.514371623007));
#3704 = CARTESIAN_POINT('',(20.829373248294,2.586061038803,
    0.457856873953));
#3705 = CARTESIAN_POINT('',(20.80680776404,2.616202995922,0.434667904942
    ));
#3706 = CARTESIAN_POINT('',(20.784348289099,2.647569890008,
    0.412713725657));
#3707 = CARTESIAN_POINT('',(20.762064074867,2.68003903076,0.391948599803
    ));
#3708 = CARTESIAN_POINT('',(20.740015005542,2.713501876045,
    0.372322536091));
#3709 = CARTESIAN_POINT('',(20.718251846388,2.74786422962,0.353782728106
    ));
#3710 = CARTESIAN_POINT('',(20.696816492003,2.783046438852,
    0.336274994182));
#3711 = CARTESIAN_POINT('',(20.656250136225,2.852222682884,
    0.304456450776));
#3712 = CARTESIAN_POINT('',(20.637069548368,2.886103306722,
    0.290006233059));
#3713 = CARTESIAN_POINT('',(20.618228331246,2.920571631633,
    0.276352450871));
#3714 = CARTESIAN_POINT('',(20.599751169892,2.955579263502,
    0.263454738718));
#3715 = CARTESIAN_POINT('',(20.581659750748,2.991083050855,
    0.251274419099));
#3716 = CARTESIAN_POINT('',(20.563972958286,3.02704488928,0.239774442755
    ));
#3717 = CARTESIAN_POINT('',(20.54670707162,3.063431525862,0.228919328908
    ));
#3718 = CARTESIAN_POINT('',(20.454067325173,3.265887137081,
    0.172534323349));
#3719 = CARTESIAN_POINT('',(20.387220824487,3.439287636491,
    0.138872049716));
#3720 = CARTESIAN_POINT('',(20.330348140687,3.618208439356,
    0.114394767833));
#3721 = CARTESIAN_POINT('',(20.284278295146,3.801089091481,
    9.705707368092E-02));
#3722 = CARTESIAN_POINT('',(20.249475774127,3.98659933554,
    8.512063857825E-02));
#3723 = CARTESIAN_POINT('',(20.226195484688,4.173741027127,
    7.754199549767E-02));
#3724 = CARTESIAN_POINT('',(20.214521959715,4.361718264964,
    7.373938253108E-02));
#3725 = CARTESIAN_POINT('',(20.214521959715,4.55,7.373938253108E-02));
#3726 = PCURVE('',#1255,#3727);
#3727 = DEFINITIONAL_REPRESENTATION('',(#3728),#3759);
#3728 = B_SPLINE_CURVE_WITH_KNOTS('',8,(#3729,#3730,#3731,#3732,#3733,
    #3734,#3735,#3736,#3737,#3738,#3739,#3740,#3741,#3742,#3743,#3744,
    #3745,#3746,#3747,#3748,#3749,#3750,#3751,#3752,#3753,#3754,#3755,
    #3756,#3757,#3758),.UNSPECIFIED.,.F.,.F.,(9,7,7,7,9),(0.,
    0.177022089143,0.31213924367,0.437112172015,1.),.UNSPECIFIED.);
#3729 = CARTESIAN_POINT('',(0.485518122296,1.242456210919));
#3730 = CARTESIAN_POINT('',(0.520631428677,1.255520568162));
#3731 = CARTESIAN_POINT('',(0.555392623256,1.27335938818));
#3732 = CARTESIAN_POINT('',(0.589516587904,1.295608530884));
#3733 = CARTESIAN_POINT('',(0.622805160392,1.321808264296));
#3734 = CARTESIAN_POINT('',(0.655124503189,1.351487894115));
#3735 = CARTESIAN_POINT('',(0.686392151685,1.384206474317));
#3736 = CARTESIAN_POINT('',(0.716569394828,1.419574396962));
#3737 = CARTESIAN_POINT('',(0.767854784272,1.486061038803));
#3738 = CARTESIAN_POINT('',(0.789418282969,1.516202995922));
#3739 = CARTESIAN_POINT('',(0.810345762823,1.547569890008));
#3740 = CARTESIAN_POINT('',(0.830640934918,1.58003903076));
#3741 = CARTESIAN_POINT('',(0.85031033697,1.613501876045));
#3742 = CARTESIAN_POINT('',(0.869363074475,1.64786422962));
#3743 = CARTESIAN_POINT('',(0.887810561864,1.683046438852));
#3744 = CARTESIAN_POINT('',(0.922181408203,1.752222682884));
#3745 = CARTESIAN_POINT('',(0.938188154649,1.786103306722));
#3746 = CARTESIAN_POINT('',(0.953696036544,1.820571631633));
#3747 = CARTESIAN_POINT('',(0.968713830162,1.855579263502));
#3748 = CARTESIAN_POINT('',(0.983249715951,1.891083050855));
#3749 = CARTESIAN_POINT('',(0.997311439996,1.92704488928));
#3750 = CARTESIAN_POINT('',(1.010906475476,1.963431525862));
#3751 = CARTESIAN_POINT('',(1.083206441585,2.165887137081));
#3752 = CARTESIAN_POINT('',(1.132942036839,2.339287636491));
#3753 = CARTESIAN_POINT('',(1.17412767305,2.518208439356));
#3754 = CARTESIAN_POINT('',(1.206903730067,2.701089091481));
#3755 = CARTESIAN_POINT('',(1.231432895972,2.88659933554));
#3756 = CARTESIAN_POINT('',(1.247753401858,3.073741027127));
#3757 = CARTESIAN_POINT('',(1.255938483017,3.261718264964));
#3758 = CARTESIAN_POINT('',(1.255938483017,3.45));
#3759 = ( GEOMETRIC_REPRESENTATION_CONTEXT(2) 
PARAMETRIC_REPRESENTATION_CONTEXT() REPRESENTATION_CONTEXT('2D SPACE',''
  ) );
#3760 = PCURVE('',#3761,#3766);
#3761 = TOROIDAL_SURFACE('',#3762,1.7,0.8);
#3762 = AXIS2_PLACEMENT_3D('',#3763,#3764,#3765);
#3763 = CARTESIAN_POINT('',(22.25,4.55,0.8));
#3764 = DIRECTION('',(-0.,-0.,-1.));
#3765 = DIRECTION('',(-1.,0.,0.));
#3766 = DEFINITIONAL_REPRESENTATION('',(#3767),#3798);
#3767 = B_SPLINE_CURVE_WITH_KNOTS('',8,(#3768,#3769,#3770,#3771,#3772,
    #3773,#3774,#3775,#3776,#3777,#3778,#3779,#3780,#3781,#3782,#3783,
    #3784,#3785,#3786,#3787,#3788,#3789,#3790,#3791,#3792,#3793,#3794,
    #3795,#3796,#3797),.UNSPECIFIED.,.F.,.F.,(9,7,7,7,9),(0.,
    0.177022089143,0.31213924367,0.437112172015,1.),.UNSPECIFIED.);
#3768 = CARTESIAN_POINT('',(-1.082253096419,0.));
#3769 = CARTESIAN_POINT('',(-1.071118859994,5.822883120728E-02));
#3770 = CARTESIAN_POINT('',(-1.058515064443,0.114640731789));
#3771 = CARTESIAN_POINT('',(-1.044562780882,0.168998095239));
#3772 = CARTESIAN_POINT('',(-1.029396264031,0.221194631892));
#3773 = CARTESIAN_POINT('',(-1.01314714998,0.27119462271));
#3774 = CARTESIAN_POINT('',(-0.995936285757,0.319011126703));
#3775 = CARTESIAN_POINT('',(-0.977867393214,0.364700920051));
#3776 = CARTESIAN_POINT('',(-0.944628494155,0.441673360401));
#3777 = CARTESIAN_POINT('',(-0.929785143734,0.473805602203));
#3778 = CARTESIAN_POINT('',(-0.914519746933,0.504792582306));
#3779 = CARTESIAN_POINT('',(-0.898862366703,0.534674067115));
#3780 = CARTESIAN_POINT('',(-0.882839725273,0.563488284281));
#3781 = CARTESIAN_POINT('',(-0.866474828924,0.591272529425));
#3782 = CARTESIAN_POINT('',(-0.849786592773,0.618063772849));
#3783 = CARTESIAN_POINT('',(-0.817068436122,0.667795101538));
#3784 = CARTESIAN_POINT('',(-0.801085179116,0.690870183015));
#3785 = CARTESIAN_POINT('',(-0.784852289142,0.713152149069));
#3786 = CARTESIAN_POINT('',(-0.768381535706,0.734665489766));
#3787 = CARTESIAN_POINT('',(-0.751683772874,0.755432078451));
#3788 = CARTESIAN_POINT('',(-0.734768848945,0.775471703342));
#3789 = CARTESIAN_POINT('',(-0.717645516116,0.794802599131));
#3790 = CARTESIAN_POINT('',(-0.622291898818,0.897395199024));
#3791 = CARTESIAN_POINT('',(-0.540333842036,0.967163085662));
#3792 = CARTESIAN_POINT('',(-0.454953721151,1.024606237584));
#3793 = CARTESIAN_POINT('',(-0.366774158941,1.070132990312));
#3794 = CARTESIAN_POINT('',(-0.276499450707,1.104139145738));
#3795 = CARTESIAN_POINT('',(-0.184850589489,1.126736042651));
#3796 = CARTESIAN_POINT('',(-9.250000801243E-02,1.138069820904));
#3797 = CARTESIAN_POINT('',(0.,1.138069820904));
#3798 = ( GEOMETRIC_REPRESENTATION_CONTEXT(2) 
PARAMETRIC_REPRESENTATION_CONTEXT() REPRESENTATION_CONTEXT('2D SPACE',''
  ) );
#3799 = ORIENTED_EDGE('',*,*,#3800,.F.);
#3800 = EDGE_CURVE('',#2261,#3692,#3801,.T.);
#3801 = SURFACE_CURVE('',#3802,(#3810,#3821),.PCURVE_S1.);
#3802 = B_SPLINE_CURVE_WITH_KNOTS('',6,(#3803,#3804,#3805,#3806,#3807,
    #3808,#3809),.UNSPECIFIED.,.F.,.F.,(7,7),(0.,1.),
  .PIECEWISE_BEZIER_KNOTS.);
#3803 = CARTESIAN_POINT('',(21.25,2.258712152522,1.5));
#3804 = CARTESIAN_POINT('',(21.25,2.258712152522,1.379312784634));
#3805 = CARTESIAN_POINT('',(21.238347777288,2.263797812168,
    1.258415399367));
#3806 = CARTESIAN_POINT('',(21.214966585342,2.274001213154,
    1.138660945428));
#3807 = CARTESIAN_POINT('',(21.179974169382,2.28980460788,1.021423469287
    ));
#3808 = CARTESIAN_POINT('',(21.133679289499,2.31214404067,0.908082757825
    ));
#3809 = CARTESIAN_POINT('',(21.076649599555,2.342456379191,0.7999994));
#3810 = PCURVE('',#1255,#3811);
#3811 = DEFINITIONAL_REPRESENTATION('',(#3812),#3820);
#3812 = B_SPLINE_CURVE_WITH_KNOTS('',6,(#3813,#3814,#3815,#3816,#3817,
    #3818,#3819),.UNSPECIFIED.,.F.,.F.,(7,7),(0.,1.),
  .PIECEWISE_BEZIER_KNOTS.);
#3813 = CARTESIAN_POINT('',(0.,1.158712152522));
#3814 = CARTESIAN_POINT('',(8.045814357766E-02,1.158712152522));
#3815 = CARTESIAN_POINT('',(0.16105630539,1.163797812168));
#3816 = CARTESIAN_POINT('',(0.241830577831,1.174001213154));
#3817 = CARTESIAN_POINT('',(0.322816689841,1.18980460788));
#3818 = CARTESIAN_POINT('',(0.40404765876,1.21214404067));
#3819 = CARTESIAN_POINT('',(0.485518574563,1.242456379191));
#3820 = ( GEOMETRIC_REPRESENTATION_CONTEXT(2) 
PARAMETRIC_REPRESENTATION_CONTEXT() REPRESENTATION_CONTEXT('2D SPACE',''
  ) );
#3821 = PCURVE('',#2520,#3822);
#3822 = DEFINITIONAL_REPRESENTATION('',(#3823),#3831);
#3823 = B_SPLINE_CURVE_WITH_KNOTS('',6,(#3824,#3825,#3826,#3827,#3828,
    #3829,#3830),.UNSPECIFIED.,.F.,.F.,(7,7),(0.,1.),
  .PIECEWISE_BEZIER_KNOTS.);
#3824 = CARTESIAN_POINT('',(-0.411516846067,1.5));
#3825 = CARTESIAN_POINT('',(-0.411516846067,1.379312784634));
#3826 = CARTESIAN_POINT('',(-0.416602355775,1.258415399367));
#3827 = CARTESIAN_POINT('',(-0.426806453994,1.138660945428));
#3828 = CARTESIAN_POINT('',(-0.442163745532,1.021423469287));
#3829 = CARTESIAN_POINT('',(-0.462709370143,0.908082757825));
#3830 = CARTESIAN_POINT('',(-0.488543373787,0.7999994));
#3831 = ( GEOMETRIC_REPRESENTATION_CONTEXT(2) 
PARAMETRIC_REPRESENTATION_CONTEXT() REPRESENTATION_CONTEXT('2D SPACE',''
  ) );
#3832 = ADVANCED_FACE('',(#3833),#1341,.T.);
#3833 = FACE_BOUND('',#3834,.F.);
#3834 = EDGE_LOOP('',(#3835,#3855,#3856,#3857));
#3835 = ORIENTED_EDGE('',*,*,#3836,.F.);
#3836 = EDGE_CURVE('',#1405,#1297,#3837,.T.);
#3837 = SURFACE_CURVE('',#3838,(#3843,#3849),.PCURVE_S1.);
#3838 = CIRCLE('',#3839,1.5);
#3839 = AXIS2_PLACEMENT_3D('',#3840,#3841,#3842);
#3840 = CARTESIAN_POINT('',(-8.1,22.25,1.5));
#3841 = DIRECTION('',(-1.,0.,0.));
#3842 = DIRECTION('',(0.,1.,-0.));
#3843 = PCURVE('',#1341,#3844);
#3844 = DEFINITIONAL_REPRESENTATION('',(#3845),#3848);
#3845 = B_SPLINE_CURVE_WITH_KNOTS('',1,(#3846,#3847),.UNSPECIFIED.,.F.,
  .F.,(2,2),(0.,1.570796326795),.PIECEWISE_BEZIER_KNOTS.);
#3846 = CARTESIAN_POINT('',(0.,0.));
#3847 = CARTESIAN_POINT('',(0.,1.570796326795));
#3848 = ( GEOMETRIC_REPRESENTATION_CONTEXT(2) 
PARAMETRIC_REPRESENTATION_CONTEXT() REPRESENTATION_CONTEXT('2D SPACE',''
  ) );
#3849 = PCURVE('',#1312,#3850);
#3850 = DEFINITIONAL_REPRESENTATION('',(#3851),#3854);
#3851 = B_SPLINE_CURVE_WITH_KNOTS('',1,(#3852,#3853),.UNSPECIFIED.,.F.,
  .F.,(2,2),(0.,1.570796326795),.PIECEWISE_BEZIER_KNOTS.);
#3852 = CARTESIAN_POINT('',(0.,25.6));
#3853 = CARTESIAN_POINT('',(1.570796326795,25.6));
#3854 = ( GEOMETRIC_REPRESENTATION_CONTEXT(2) 
PARAMETRIC_REPRESENTATION_CONTEXT() REPRESENTATION_CONTEXT('2D SPACE',''
  ) );
#3855 = ORIENTED_EDGE('',*,*,#1427,.T.);
#3856 = ORIENTED_EDGE('',*,*,#2535,.T.);
#3857 = ORIENTED_EDGE('',*,*,#1324,.F.);
#3858 = ADVANCED_FACE('',(#3859),#1284,.T.);
#3859 = FACE_BOUND('',#3860,.F.);
#3860 = EDGE_LOOP('',(#3861,#3862,#3863,#3883));
#3861 = ORIENTED_EDGE('',*,*,#3500,.F.);
#3862 = ORIENTED_EDGE('',*,*,#2233,.T.);
#3863 = ORIENTED_EDGE('',*,*,#3864,.T.);
#3864 = EDGE_CURVE('',#1455,#1268,#3865,.T.);
#3865 = SURFACE_CURVE('',#3866,(#3871,#3877),.PCURVE_S1.);
#3866 = CIRCLE('',#3867,1.5);
#3867 = AXIS2_PLACEMENT_3D('',#3868,#3869,#3870);
#3868 = CARTESIAN_POINT('',(17.5,22.25,1.5));
#3869 = DIRECTION('',(-1.,6.123233995737E-17,0.));
#3870 = DIRECTION('',(6.123233995737E-17,1.,-0.));
#3871 = PCURVE('',#1284,#3872);
#3872 = DEFINITIONAL_REPRESENTATION('',(#3873),#3876);
#3873 = B_SPLINE_CURVE_WITH_KNOTS('',1,(#3874,#3875),.UNSPECIFIED.,.F.,
  .F.,(2,2),(0.,1.570796326795),.PIECEWISE_BEZIER_KNOTS.);
#3874 = CARTESIAN_POINT('',(-1.570796326795,0.));
#3875 = CARTESIAN_POINT('',(-1.570796326795,1.570796326795));
#3876 = ( GEOMETRIC_REPRESENTATION_CONTEXT(2) 
PARAMETRIC_REPRESENTATION_CONTEXT() REPRESENTATION_CONTEXT('2D SPACE',''
  ) );
#3877 = PCURVE('',#1312,#3878);
#3878 = DEFINITIONAL_REPRESENTATION('',(#3879),#3882);
#3879 = B_SPLINE_CURVE_WITH_KNOTS('',1,(#3880,#3881),.UNSPECIFIED.,.F.,
  .F.,(2,2),(0.,1.570796326795),.PIECEWISE_BEZIER_KNOTS.);
#3880 = CARTESIAN_POINT('',(0.,0.));
#3881 = CARTESIAN_POINT('',(1.570796326795,0.));
#3882 = ( GEOMETRIC_REPRESENTATION_CONTEXT(2) 
PARAMETRIC_REPRESENTATION_CONTEXT() REPRESENTATION_CONTEXT('2D SPACE',''
  ) );
#3883 = ORIENTED_EDGE('',*,*,#1267,.F.);
#3884 = ADVANCED_FACE('',(#3885),#1312,.T.);
#3885 = FACE_BOUND('',#3886,.T.);
#3886 = EDGE_LOOP('',(#3887,#3888,#3889,#3890));
#3887 = ORIENTED_EDGE('',*,*,#3864,.T.);
#3888 = ORIENTED_EDGE('',*,*,#1296,.T.);
#3889 = ORIENTED_EDGE('',*,*,#3836,.F.);
#3890 = ORIENTED_EDGE('',*,*,#1454,.F.);
#3891 = ADVANCED_FACE('',(#3892),#1596,.F.);
#3892 = FACE_BOUND('',#3893,.F.);
#3893 = EDGE_LOOP('',(#3894,#3895,#3896,#3919,#3952,#3971));
#3894 = ORIENTED_EDGE('',*,*,#1632,.F.);
#3895 = ORIENTED_EDGE('',*,*,#1579,.T.);
#3896 = ORIENTED_EDGE('',*,*,#3897,.T.);
#3897 = EDGE_CURVE('',#1554,#3898,#3900,.T.);
#3898 = VERTEX_POINT('',#3899);
#3899 = CARTESIAN_POINT('',(4.4,22.55,6.9));
#3900 = SURFACE_CURVE('',#3901,(#3905,#3912),.PCURVE_S1.);
#3901 = LINE('',#3902,#3903);
#3902 = CARTESIAN_POINT('',(4.4,24.75,6.9));
#3903 = VECTOR('',#3904,1.);
#3904 = DIRECTION('',(0.,-1.,0.));
#3905 = PCURVE('',#1596,#3906);
#3906 = DEFINITIONAL_REPRESENTATION('',(#3907),#3911);
#3907 = LINE('',#3908,#3909);
#3908 = CARTESIAN_POINT('',(1.570796326795,0.));
#3909 = VECTOR('',#3910,1.);
#3910 = DIRECTION('',(0.,1.));
#3911 = ( GEOMETRIC_REPRESENTATION_CONTEXT(2) 
PARAMETRIC_REPRESENTATION_CONTEXT() REPRESENTATION_CONTEXT('2D SPACE',''
  ) );
#3912 = PCURVE('',#1568,#3913);
#3913 = DEFINITIONAL_REPRESENTATION('',(#3914),#3918);
#3914 = LINE('',#3915,#3916);
#3915 = CARTESIAN_POINT('',(-4.5,1.1));
#3916 = VECTOR('',#3917,1.);
#3917 = DIRECTION('',(0.,-1.));
#3918 = ( GEOMETRIC_REPRESENTATION_CONTEXT(2) 
PARAMETRIC_REPRESENTATION_CONTEXT() REPRESENTATION_CONTEXT('2D SPACE',''
  ) );
#3919 = ORIENTED_EDGE('',*,*,#3920,.F.);
#3920 = EDGE_CURVE('',#3921,#3898,#3923,.T.);
#3921 = VERTEX_POINT('',#3922);
#3922 = CARTESIAN_POINT('',(2.729670691151,22.55,7.8));
#3923 = SURFACE_CURVE('',#3924,(#3929,#3936),.PCURVE_S1.);
#3924 = CIRCLE('',#3925,2.);
#3925 = AXIS2_PLACEMENT_3D('',#3926,#3927,#3928);
#3926 = CARTESIAN_POINT('',(4.4,22.55,8.9));
#3927 = DIRECTION('',(0.,-1.,0.));
#3928 = DIRECTION('',(0.,-0.,-1.));
#3929 = PCURVE('',#1596,#3930);
#3930 = DEFINITIONAL_REPRESENTATION('',(#3931),#3935);
#3931 = LINE('',#3932,#3933);
#3932 = CARTESIAN_POINT('',(-4.712388980385,2.2));
#3933 = VECTOR('',#3934,1.);
#3934 = DIRECTION('',(1.,0.));
#3935 = ( GEOMETRIC_REPRESENTATION_CONTEXT(2) 
PARAMETRIC_REPRESENTATION_CONTEXT() REPRESENTATION_CONTEXT('2D SPACE',''
  ) );
#3936 = PCURVE('',#3937,#3942);
#3937 = PLANE('',#3938);
#3938 = AXIS2_PLACEMENT_3D('',#3939,#3940,#3941);
#3939 = CARTESIAN_POINT('',(2.4,22.55,6.9));
#3940 = DIRECTION('',(0.,1.,0.));
#3941 = DIRECTION('',(1.,0.,0.));
#3942 = DEFINITIONAL_REPRESENTATION('',(#3943),#3951);
#3943 = ( BOUNDED_CURVE() B_SPLINE_CURVE(2,(#3944,#3945,#3946,#3947,
#3948,#3949,#3950),.UNSPECIFIED.,.T.,.F.) B_SPLINE_CURVE_WITH_KNOTS((1,2
    ,2,2,2,1),(-2.094395102393,0.,2.094395102393,4.188790204786,
6.28318530718,8.377580409573),.UNSPECIFIED.) CURVE() 
GEOMETRIC_REPRESENTATION_ITEM() RATIONAL_B_SPLINE_CURVE((1.,0.5,1.,0.5,
1.,0.5,1.)) REPRESENTATION_ITEM('') );
#3944 = CARTESIAN_POINT('',(2.,1.7763568394E-15));
#3945 = CARTESIAN_POINT('',(5.464101615138,1.7763568394E-15));
#3946 = CARTESIAN_POINT('',(3.732050807569,-3.));
#3947 = CARTESIAN_POINT('',(2.,-6.));
#3948 = CARTESIAN_POINT('',(0.267949192431,-3.));
#3949 = CARTESIAN_POINT('',(-1.464101615138,-1.33226762955E-15));
#3950 = CARTESIAN_POINT('',(2.,1.7763568394E-15));
#3951 = ( GEOMETRIC_REPRESENTATION_CONTEXT(2) 
PARAMETRIC_REPRESENTATION_CONTEXT() REPRESENTATION_CONTEXT('2D SPACE',''
  ) );
#3952 = ORIENTED_EDGE('',*,*,#3953,.F.);
#3953 = EDGE_CURVE('',#1680,#3921,#3954,.T.);
#3954 = SURFACE_CURVE('',#3955,(#3959,#3965),.PCURVE_S1.);
#3955 = LINE('',#3956,#3957);
#3956 = CARTESIAN_POINT('',(2.729670691151,24.75,7.8));
#3957 = VECTOR('',#3958,1.);
#3958 = DIRECTION('',(0.,-1.,0.));
#3959 = PCURVE('',#1596,#3960);
#3960 = DEFINITIONAL_REPRESENTATION('',(#3961),#3964);
#3961 = B_SPLINE_CURVE_WITH_KNOTS('',1,(#3962,#3963),.UNSPECIFIED.,.F.,
  .F.,(2,2),(-5.999999999062E-07,2.2000006),.PIECEWISE_BEZIER_KNOTS.);
#3962 = CARTESIAN_POINT('',(0.582364237869,-5.999999999062E-07));
#3963 = CARTESIAN_POINT('',(0.582364237869,2.2000006));
#3964 = ( GEOMETRIC_REPRESENTATION_CONTEXT(2) 
PARAMETRIC_REPRESENTATION_CONTEXT() REPRESENTATION_CONTEXT('2D SPACE',''
  ) );
#3965 = PCURVE('',#1697,#3966);
#3966 = DEFINITIONAL_REPRESENTATION('',(#3967),#3970);
#3967 = B_SPLINE_CURVE_WITH_KNOTS('',1,(#3968,#3969),.UNSPECIFIED.,.F.,
  .F.,(2,2),(-5.999999999062E-07,2.2000006),.PIECEWISE_BEZIER_KNOTS.);
#3968 = CARTESIAN_POINT('',(-1.970329308849,14.2000006));
#3969 = CARTESIAN_POINT('',(-1.970329308849,11.9999994));
#3970 = ( GEOMETRIC_REPRESENTATION_CONTEXT(2) 
PARAMETRIC_REPRESENTATION_CONTEXT() REPRESENTATION_CONTEXT('2D SPACE',''
  ) );
#3971 = ORIENTED_EDGE('',*,*,#1709,.F.);
#3972 = ADVANCED_FACE('',(#3973),#1568,.T.);
#3973 = FACE_BOUND('',#3974,.T.);
#3974 = EDGE_LOOP('',(#3975,#3976,#3999,#4020));
#3975 = ORIENTED_EDGE('',*,*,#3897,.T.);
#3976 = ORIENTED_EDGE('',*,*,#3977,.T.);
#3977 = EDGE_CURVE('',#3898,#3978,#3980,.T.);
#3978 = VERTEX_POINT('',#3979);
#3979 = CARTESIAN_POINT('',(13.4,22.55,6.9));
#3980 = SURFACE_CURVE('',#3981,(#3985,#3992),.PCURVE_S1.);
#3981 = LINE('',#3982,#3983);
#3982 = CARTESIAN_POINT('',(2.4,22.55,6.9));
#3983 = VECTOR('',#3984,1.);
#3984 = DIRECTION('',(1.,0.,0.));
#3985 = PCURVE('',#1568,#3986);
#3986 = DEFINITIONAL_REPRESENTATION('',(#3987),#3991);
#3987 = LINE('',#3988,#3989);
#3988 = CARTESIAN_POINT('',(-6.5,-1.1));
#3989 = VECTOR('',#3990,1.);
#3990 = DIRECTION('',(1.,0.));
#3991 = ( GEOMETRIC_REPRESENTATION_CONTEXT(2) 
PARAMETRIC_REPRESENTATION_CONTEXT() REPRESENTATION_CONTEXT('2D SPACE',''
  ) );
#3992 = PCURVE('',#3937,#3993);
#3993 = DEFINITIONAL_REPRESENTATION('',(#3994),#3998);
#3994 = LINE('',#3995,#3996);
#3995 = CARTESIAN_POINT('',(0.,0.));
#3996 = VECTOR('',#3997,1.);
#3997 = DIRECTION('',(1.,0.));
#3998 = ( GEOMETRIC_REPRESENTATION_CONTEXT(2) 
PARAMETRIC_REPRESENTATION_CONTEXT() REPRESENTATION_CONTEXT('2D SPACE',''
  ) );
#3999 = ORIENTED_EDGE('',*,*,#4000,.T.);
#4000 = EDGE_CURVE('',#3978,#1521,#4001,.T.);
#4001 = SURFACE_CURVE('',#4002,(#4006,#4013),.PCURVE_S1.);
#4002 = LINE('',#4003,#4004);
#4003 = CARTESIAN_POINT('',(13.4,22.55,6.9));
#4004 = VECTOR('',#4005,1.);
#4005 = DIRECTION('',(0.,1.,0.));
#4006 = PCURVE('',#1568,#4007);
#4007 = DEFINITIONAL_REPRESENTATION('',(#4008),#4012);
#4008 = LINE('',#4009,#4010);
#4009 = CARTESIAN_POINT('',(4.5,-1.1));
#4010 = VECTOR('',#4011,1.);
#4011 = DIRECTION('',(0.,1.));
#4012 = ( GEOMETRIC_REPRESENTATION_CONTEXT(2) 
PARAMETRIC_REPRESENTATION_CONTEXT() REPRESENTATION_CONTEXT('2D SPACE',''
  ) );
#4013 = PCURVE('',#1541,#4014);
#4014 = DEFINITIONAL_REPRESENTATION('',(#4015),#4019);
#4015 = LINE('',#4016,#4017);
#4016 = CARTESIAN_POINT('',(1.570796326795,0.));
#4017 = VECTOR('',#4018,1.);
#4018 = DIRECTION('',(0.,1.));
#4019 = ( GEOMETRIC_REPRESENTATION_CONTEXT(2) 
PARAMETRIC_REPRESENTATION_CONTEXT() REPRESENTATION_CONTEXT('2D SPACE',''
  ) );
#4020 = ORIENTED_EDGE('',*,*,#1553,.T.);
#4021 = ADVANCED_FACE('',(#4022),#1541,.F.);
#4022 = FACE_BOUND('',#4023,.F.);
#4023 = EDGE_LOOP('',(#4024,#4045,#4067,#4068,#4069,#4070));
#4024 = ORIENTED_EDGE('',*,*,#4025,.F.);
#4025 = EDGE_CURVE('',#4026,#2109,#4028,.T.);
#4026 = VERTEX_POINT('',#4027);
#4027 = CARTESIAN_POINT('',(15.070329308849,22.55,7.8));
#4028 = SURFACE_CURVE('',#4029,(#4033,#4039),.PCURVE_S1.);
#4029 = LINE('',#4030,#4031);
#4030 = CARTESIAN_POINT('',(15.070329308849,22.55,7.8));
#4031 = VECTOR('',#4032,1.);
#4032 = DIRECTION('',(0.,1.,0.));
#4033 = PCURVE('',#1541,#4034);
#4034 = DEFINITIONAL_REPRESENTATION('',(#4035),#4038);
#4035 = B_SPLINE_CURVE_WITH_KNOTS('',1,(#4036,#4037),.UNSPECIFIED.,.F.,
  .F.,(2,2),(-5.999999999062E-07,2.2000006),.PIECEWISE_BEZIER_KNOTS.);
#4036 = CARTESIAN_POINT('',(0.582364237869,-5.999999999062E-07));
#4037 = CARTESIAN_POINT('',(0.582364237869,2.2000006));
#4038 = ( GEOMETRIC_REPRESENTATION_CONTEXT(2) 
PARAMETRIC_REPRESENTATION_CONTEXT() REPRESENTATION_CONTEXT('2D SPACE',''
  ) );
#4039 = PCURVE('',#1697,#4040);
#4040 = DEFINITIONAL_REPRESENTATION('',(#4041),#4044);
#4041 = B_SPLINE_CURVE_WITH_KNOTS('',1,(#4042,#4043),.UNSPECIFIED.,.F.,
  .F.,(2,2),(-5.999999999062E-07,2.2000006),.PIECEWISE_BEZIER_KNOTS.);
#4042 = CARTESIAN_POINT('',(10.370329308849,11.9999994));
#4043 = CARTESIAN_POINT('',(10.370329308849,14.2000006));
#4044 = ( GEOMETRIC_REPRESENTATION_CONTEXT(2) 
PARAMETRIC_REPRESENTATION_CONTEXT() REPRESENTATION_CONTEXT('2D SPACE',''
  ) );
#4045 = ORIENTED_EDGE('',*,*,#4046,.T.);
#4046 = EDGE_CURVE('',#4026,#3978,#4047,.T.);
#4047 = SURFACE_CURVE('',#4048,(#4053,#4060),.PCURVE_S1.);
#4048 = CIRCLE('',#4049,2.);
#4049 = AXIS2_PLACEMENT_3D('',#4050,#4051,#4052);
#4050 = CARTESIAN_POINT('',(13.4,22.55,8.9));
#4051 = DIRECTION('',(0.,1.,0.));
#4052 = DIRECTION('',(0.,-0.,1.));
#4053 = PCURVE('',#1541,#4054);
#4054 = DEFINITIONAL_REPRESENTATION('',(#4055),#4059);
#4055 = LINE('',#4056,#4057);
#4056 = CARTESIAN_POINT('',(-1.570796326795,0.));
#4057 = VECTOR('',#4058,1.);
#4058 = DIRECTION('',(1.,0.));
#4059 = ( GEOMETRIC_REPRESENTATION_CONTEXT(2) 
PARAMETRIC_REPRESENTATION_CONTEXT() REPRESENTATION_CONTEXT('2D SPACE',''
  ) );
#4060 = PCURVE('',#3937,#4061);
#4061 = DEFINITIONAL_REPRESENTATION('',(#4062),#4066);
#4062 = CIRCLE('',#4063,2.);
#4063 = AXIS2_PLACEMENT_2D('',#4064,#4065);
#4064 = CARTESIAN_POINT('',(11.,-2.));
#4065 = DIRECTION('',(0.,-1.));
#4066 = ( GEOMETRIC_REPRESENTATION_CONTEXT(2) 
PARAMETRIC_REPRESENTATION_CONTEXT() REPRESENTATION_CONTEXT('2D SPACE',''
  ) );
#4067 = ORIENTED_EDGE('',*,*,#4000,.T.);
#4068 = ORIENTED_EDGE('',*,*,#1520,.F.);
#4069 = ORIENTED_EDGE('',*,*,#2183,.F.);
#4070 = ORIENTED_EDGE('',*,*,#2154,.T.);
#4071 = ADVANCED_FACE('',(#4072,#4104),#1697,.T.);
#4072 = FACE_BOUND('',#4073,.T.);
#4073 = EDGE_LOOP('',(#4074,#4075,#4076,#4077,#4078,#4079,#4080,#4081,
    #4100,#4101,#4102,#4103));
#4074 = ORIENTED_EDGE('',*,*,#1879,.F.);
#4075 = ORIENTED_EDGE('',*,*,#1910,.T.);
#4076 = ORIENTED_EDGE('',*,*,#1960,.T.);
#4077 = ORIENTED_EDGE('',*,*,#2009,.T.);
#4078 = ORIENTED_EDGE('',*,*,#2059,.T.);
#4079 = ORIENTED_EDGE('',*,*,#2108,.T.);
#4080 = ORIENTED_EDGE('',*,*,#4025,.F.);
#4081 = ORIENTED_EDGE('',*,*,#4082,.T.);
#4082 = EDGE_CURVE('',#4026,#3921,#4083,.T.);
#4083 = SURFACE_CURVE('',#4084,(#4088,#4094),.PCURVE_S1.);
#4084 = LINE('',#4085,#4086);
#4085 = CARTESIAN_POINT('',(3.55,22.55,7.8));
#4086 = VECTOR('',#4087,1.);
#4087 = DIRECTION('',(-1.,0.,0.));
#4088 = PCURVE('',#1697,#4089);
#4089 = DEFINITIONAL_REPRESENTATION('',(#4090),#4093);
#4090 = B_SPLINE_CURVE_WITH_KNOTS('',1,(#4091,#4092),.UNSPECIFIED.,.F.,
  .F.,(2,2),(-11.85,1.15),.PIECEWISE_BEZIER_KNOTS.);
#4091 = CARTESIAN_POINT('',(10.7,12.));
#4092 = CARTESIAN_POINT('',(-2.3,12.));
#4093 = ( GEOMETRIC_REPRESENTATION_CONTEXT(2) 
PARAMETRIC_REPRESENTATION_CONTEXT() REPRESENTATION_CONTEXT('2D SPACE',''
  ) );
#4094 = PCURVE('',#3937,#4095);
#4095 = DEFINITIONAL_REPRESENTATION('',(#4096),#4099);
#4096 = B_SPLINE_CURVE_WITH_KNOTS('',1,(#4097,#4098),.UNSPECIFIED.,.F.,
  .F.,(2,2),(-11.85,1.15),.PIECEWISE_BEZIER_KNOTS.);
#4097 = CARTESIAN_POINT('',(13.,-0.9));
#4098 = CARTESIAN_POINT('',(0.,-0.9));
#4099 = ( GEOMETRIC_REPRESENTATION_CONTEXT(2) 
PARAMETRIC_REPRESENTATION_CONTEXT() REPRESENTATION_CONTEXT('2D SPACE',''
  ) );
#4100 = ORIENTED_EDGE('',*,*,#3953,.F.);
#4101 = ORIENTED_EDGE('',*,*,#1679,.T.);
#4102 = ORIENTED_EDGE('',*,*,#1758,.T.);
#4103 = ORIENTED_EDGE('',*,*,#1807,.T.);
#4104 = FACE_BOUND('',#4105,.T.);
#4105 = EDGE_LOOP('',(#4106,#4134,#4163,#4189,#4218,#4244,#4273,#4299));
#4106 = ORIENTED_EDGE('',*,*,#4107,.F.);
#4107 = EDGE_CURVE('',#4108,#4110,#4112,.T.);
#4108 = VERTEX_POINT('',#4109);
#4109 = CARTESIAN_POINT('',(-8.1,-0.65,7.8));
#4110 = VERTEX_POINT('',#4111);
#4111 = CARTESIAN_POINT('',(17.5,-0.65,7.8));
#4112 = SURFACE_CURVE('',#4113,(#4117,#4123),.PCURVE_S1.);
#4113 = LINE('',#4114,#4115);
#4114 = CARTESIAN_POINT('',(-2.575,-0.65,7.8));
#4115 = VECTOR('',#4116,1.);
#4116 = DIRECTION('',(1.,0.,0.));
#4117 = PCURVE('',#1697,#4118);
#4118 = DEFINITIONAL_REPRESENTATION('',(#4119),#4122);
#4119 = B_SPLINE_CURVE_WITH_KNOTS('',1,(#4120,#4121),.UNSPECIFIED.,.F.,
  .F.,(2,2),(-5.525,20.075),.PIECEWISE_BEZIER_KNOTS.);
#4120 = CARTESIAN_POINT('',(-12.8,-11.2));
#4121 = CARTESIAN_POINT('',(12.8,-11.2));
#4122 = ( GEOMETRIC_REPRESENTATION_CONTEXT(2) 
PARAMETRIC_REPRESENTATION_CONTEXT() REPRESENTATION_CONTEXT('2D SPACE',''
  ) );
#4123 = PCURVE('',#4124,#4129);
#4124 = PLANE('',#4125);
#4125 = AXIS2_PLACEMENT_3D('',#4126,#4127,#4128);
#4126 = CARTESIAN_POINT('',(-9.85,-0.65,7.));
#4127 = DIRECTION('',(0.,1.,0.));
#4128 = DIRECTION('',(1.,0.,0.));
#4129 = DEFINITIONAL_REPRESENTATION('',(#4130),#4133);
#4130 = B_SPLINE_CURVE_WITH_KNOTS('',1,(#4131,#4132),.UNSPECIFIED.,.F.,
  .F.,(2,2),(-5.525,20.075),.PIECEWISE_BEZIER_KNOTS.);
#4131 = CARTESIAN_POINT('',(1.75,-0.8));
#4132 = CARTESIAN_POINT('',(27.35,-0.8));
#4133 = ( GEOMETRIC_REPRESENTATION_CONTEXT(2) 
PARAMETRIC_REPRESENTATION_CONTEXT() REPRESENTATION_CONTEXT('2D SPACE',''
  ) );
#4134 = ORIENTED_EDGE('',*,*,#4135,.F.);
#4135 = EDGE_CURVE('',#4136,#4108,#4138,.T.);
#4136 = VERTEX_POINT('',#4137);
#4137 = CARTESIAN_POINT('',(-9.85,1.1,7.8));
#4138 = SURFACE_CURVE('',#4139,(#4144,#4151),.PCURVE_S1.);
#4139 = CIRCLE('',#4140,1.75);
#4140 = AXIS2_PLACEMENT_3D('',#4141,#4142,#4143);
#4141 = CARTESIAN_POINT('',(-8.1,1.1,7.8));
#4142 = DIRECTION('',(0.,0.,1.));
#4143 = DIRECTION('',(0.,-1.,0.));
#4144 = PCURVE('',#1697,#4145);
#4145 = DEFINITIONAL_REPRESENTATION('',(#4146),#4150);
#4146 = CIRCLE('',#4147,1.75);
#4147 = AXIS2_PLACEMENT_2D('',#4148,#4149);
#4148 = CARTESIAN_POINT('',(-12.8,-9.45));
#4149 = DIRECTION('',(0.,-1.));
#4150 = ( GEOMETRIC_REPRESENTATION_CONTEXT(2) 
PARAMETRIC_REPRESENTATION_CONTEXT() REPRESENTATION_CONTEXT('2D SPACE',''
  ) );
#4151 = PCURVE('',#4152,#4157);
#4152 = CYLINDRICAL_SURFACE('',#4153,1.75);
#4153 = AXIS2_PLACEMENT_3D('',#4154,#4155,#4156);
#4154 = CARTESIAN_POINT('',(-8.1,1.1,7.));
#4155 = DIRECTION('',(0.,0.,1.));
#4156 = DIRECTION('',(0.,-1.,0.));
#4157 = DEFINITIONAL_REPRESENTATION('',(#4158),#4162);
#4158 = LINE('',#4159,#4160);
#4159 = CARTESIAN_POINT('',(-6.28318530718,0.8));
#4160 = VECTOR('',#4161,1.);
#4161 = DIRECTION('',(1.,-0.));
#4162 = ( GEOMETRIC_REPRESENTATION_CONTEXT(2) 
PARAMETRIC_REPRESENTATION_CONTEXT() REPRESENTATION_CONTEXT('2D SPACE',''
  ) );
#4163 = ORIENTED_EDGE('',*,*,#4164,.F.);
#4164 = EDGE_CURVE('',#4165,#4136,#4167,.T.);
#4165 = VERTEX_POINT('',#4166);
#4166 = CARTESIAN_POINT('',(-9.85,20.,7.8));
#4167 = SURFACE_CURVE('',#4168,(#4172,#4178),.PCURVE_S1.);
#4168 = LINE('',#4169,#4170);
#4169 = CARTESIAN_POINT('',(-9.85,16.15,7.8));
#4170 = VECTOR('',#4171,1.);
#4171 = DIRECTION('',(0.,-1.,0.));
#4172 = PCURVE('',#1697,#4173);
#4173 = DEFINITIONAL_REPRESENTATION('',(#4174),#4177);
#4174 = B_SPLINE_CURVE_WITH_KNOTS('',1,(#4175,#4176),.UNSPECIFIED.,.F.,
  .F.,(2,2),(-3.85,15.05),.PIECEWISE_BEZIER_KNOTS.);
#4175 = CARTESIAN_POINT('',(-14.55,9.45));
#4176 = CARTESIAN_POINT('',(-14.55,-9.45));
#4177 = ( GEOMETRIC_REPRESENTATION_CONTEXT(2) 
PARAMETRIC_REPRESENTATION_CONTEXT() REPRESENTATION_CONTEXT('2D SPACE',''
  ) );
#4178 = PCURVE('',#4179,#4184);
#4179 = PLANE('',#4180);
#4180 = AXIS2_PLACEMENT_3D('',#4181,#4182,#4183);
#4181 = CARTESIAN_POINT('',(-9.85,21.75,7.));
#4182 = DIRECTION('',(1.,0.,-0.));
#4183 = DIRECTION('',(0.,-1.,0.));
#4184 = DEFINITIONAL_REPRESENTATION('',(#4185),#4188);
#4185 = B_SPLINE_CURVE_WITH_KNOTS('',1,(#4186,#4187),.UNSPECIFIED.,.F.,
  .F.,(2,2),(-3.85,15.05),.PIECEWISE_BEZIER_KNOTS.);
#4186 = CARTESIAN_POINT('',(1.75,-0.8));
#4187 = CARTESIAN_POINT('',(20.65,-0.8));
#4188 = ( GEOMETRIC_REPRESENTATION_CONTEXT(2) 
PARAMETRIC_REPRESENTATION_CONTEXT() REPRESENTATION_CONTEXT('2D SPACE',''
  ) );
#4189 = ORIENTED_EDGE('',*,*,#4190,.F.);
#4190 = EDGE_CURVE('',#4191,#4165,#4193,.T.);
#4191 = VERTEX_POINT('',#4192);
#4192 = CARTESIAN_POINT('',(-8.1,21.75,7.8));
#4193 = SURFACE_CURVE('',#4194,(#4199,#4206),.PCURVE_S1.);
#4194 = CIRCLE('',#4195,1.75);
#4195 = AXIS2_PLACEMENT_3D('',#4196,#4197,#4198);
#4196 = CARTESIAN_POINT('',(-8.1,20.,7.8));
#4197 = DIRECTION('',(0.,0.,1.));
#4198 = DIRECTION('',(-0.,1.,0.));
#4199 = PCURVE('',#1697,#4200);
#4200 = DEFINITIONAL_REPRESENTATION('',(#4201),#4205);
#4201 = CIRCLE('',#4202,1.75);
#4202 = AXIS2_PLACEMENT_2D('',#4203,#4204);
#4203 = CARTESIAN_POINT('',(-12.8,9.45));
#4204 = DIRECTION('',(0.,1.));
#4205 = ( GEOMETRIC_REPRESENTATION_CONTEXT(2) 
PARAMETRIC_REPRESENTATION_CONTEXT() REPRESENTATION_CONTEXT('2D SPACE',''
  ) );
#4206 = PCURVE('',#4207,#4212);
#4207 = CYLINDRICAL_SURFACE('',#4208,1.75);
#4208 = AXIS2_PLACEMENT_3D('',#4209,#4210,#4211);
#4209 = CARTESIAN_POINT('',(-8.1,20.,7.));
#4210 = DIRECTION('',(0.,0.,1.));
#4211 = DIRECTION('',(-0.,1.,0.));
#4212 = DEFINITIONAL_REPRESENTATION('',(#4213),#4217);
#4213 = LINE('',#4214,#4215);
#4214 = CARTESIAN_POINT('',(0.,0.8));
#4215 = VECTOR('',#4216,1.);
#4216 = DIRECTION('',(1.,0.));
#4217 = ( GEOMETRIC_REPRESENTATION_CONTEXT(2) 
PARAMETRIC_REPRESENTATION_CONTEXT() REPRESENTATION_CONTEXT('2D SPACE',''
  ) );
#4218 = ORIENTED_EDGE('',*,*,#4219,.F.);
#4219 = EDGE_CURVE('',#4220,#4191,#4222,.T.);
#4220 = VERTEX_POINT('',#4221);
#4221 = CARTESIAN_POINT('',(17.5,21.75,7.8));
#4222 = SURFACE_CURVE('',#4223,(#4227,#4233),.PCURVE_S1.);
#4223 = LINE('',#4224,#4225);
#4224 = CARTESIAN_POINT('',(11.975,21.75,7.8));
#4225 = VECTOR('',#4226,1.);
#4226 = DIRECTION('',(-1.,0.,0.));
#4227 = PCURVE('',#1697,#4228);
#4228 = DEFINITIONAL_REPRESENTATION('',(#4229),#4232);
#4229 = B_SPLINE_CURVE_WITH_KNOTS('',1,(#4230,#4231),.UNSPECIFIED.,.F.,
  .F.,(2,2),(-5.525,20.075),.PIECEWISE_BEZIER_KNOTS.);
#4230 = CARTESIAN_POINT('',(12.8,11.2));
#4231 = CARTESIAN_POINT('',(-12.8,11.2));
#4232 = ( GEOMETRIC_REPRESENTATION_CONTEXT(2) 
PARAMETRIC_REPRESENTATION_CONTEXT() REPRESENTATION_CONTEXT('2D SPACE',''
  ) );
#4233 = PCURVE('',#4234,#4239);
#4234 = PLANE('',#4235);
#4235 = AXIS2_PLACEMENT_3D('',#4236,#4237,#4238);
#4236 = CARTESIAN_POINT('',(19.25,21.75,7.));
#4237 = DIRECTION('',(0.,-1.,0.));
#4238 = DIRECTION('',(-1.,0.,0.));
#4239 = DEFINITIONAL_REPRESENTATION('',(#4240),#4243);
#4240 = B_SPLINE_CURVE_WITH_KNOTS('',1,(#4241,#4242),.UNSPECIFIED.,.F.,
  .F.,(2,2),(-5.525,20.075),.PIECEWISE_BEZIER_KNOTS.);
#4241 = CARTESIAN_POINT('',(1.75,-0.8));
#4242 = CARTESIAN_POINT('',(27.35,-0.8));
#4243 = ( GEOMETRIC_REPRESENTATION_CONTEXT(2) 
PARAMETRIC_REPRESENTATION_CONTEXT() REPRESENTATION_CONTEXT('2D SPACE',''
  ) );
#4244 = ORIENTED_EDGE('',*,*,#4245,.F.);
#4245 = EDGE_CURVE('',#4246,#4220,#4248,.T.);
#4246 = VERTEX_POINT('',#4247);
#4247 = CARTESIAN_POINT('',(19.25,20.,7.8));
#4248 = SURFACE_CURVE('',#4249,(#4254,#4261),.PCURVE_S1.);
#4249 = CIRCLE('',#4250,1.75);
#4250 = AXIS2_PLACEMENT_3D('',#4251,#4252,#4253);
#4251 = CARTESIAN_POINT('',(17.5,20.,7.8));
#4252 = DIRECTION('',(0.,0.,1.));
#4253 = DIRECTION('',(1.,0.,-0.));
#4254 = PCURVE('',#1697,#4255);
#4255 = DEFINITIONAL_REPRESENTATION('',(#4256),#4260);
#4256 = CIRCLE('',#4257,1.75);
#4257 = AXIS2_PLACEMENT_2D('',#4258,#4259);
#4258 = CARTESIAN_POINT('',(12.8,9.45));
#4259 = DIRECTION('',(1.,0.));
#4260 = ( GEOMETRIC_REPRESENTATION_CONTEXT(2) 
PARAMETRIC_REPRESENTATION_CONTEXT() REPRESENTATION_CONTEXT('2D SPACE',''
  ) );
#4261 = PCURVE('',#4262,#4267);
#4262 = CYLINDRICAL_SURFACE('',#4263,1.75);
#4263 = AXIS2_PLACEMENT_3D('',#4264,#4265,#4266);
#4264 = CARTESIAN_POINT('',(17.5,20.,7.));
#4265 = DIRECTION('',(0.,0.,1.));
#4266 = DIRECTION('',(1.,0.,-0.));
#4267 = DEFINITIONAL_REPRESENTATION('',(#4268),#4272);
#4268 = LINE('',#4269,#4270);
#4269 = CARTESIAN_POINT('',(0.,0.8));
#4270 = VECTOR('',#4271,1.);
#4271 = DIRECTION('',(1.,0.));
#4272 = ( GEOMETRIC_REPRESENTATION_CONTEXT(2) 
PARAMETRIC_REPRESENTATION_CONTEXT() REPRESENTATION_CONTEXT('2D SPACE',''
  ) );
#4273 = ORIENTED_EDGE('',*,*,#4274,.F.);
#4274 = EDGE_CURVE('',#4275,#4246,#4277,.T.);
#4275 = VERTEX_POINT('',#4276);
#4276 = CARTESIAN_POINT('',(19.25,1.1,7.8));
#4277 = SURFACE_CURVE('',#4278,(#4282,#4288),.PCURVE_S1.);
#4278 = LINE('',#4279,#4280);
#4279 = CARTESIAN_POINT('',(19.25,4.95,7.8));
#4280 = VECTOR('',#4281,1.);
#4281 = DIRECTION('',(0.,1.,-0.));
#4282 = PCURVE('',#1697,#4283);
#4283 = DEFINITIONAL_REPRESENTATION('',(#4284),#4287);
#4284 = B_SPLINE_CURVE_WITH_KNOTS('',1,(#4285,#4286),.UNSPECIFIED.,.F.,
  .F.,(2,2),(-3.85,15.05),.PIECEWISE_BEZIER_KNOTS.);
#4285 = CARTESIAN_POINT('',(14.55,-9.45));
#4286 = CARTESIAN_POINT('',(14.55,9.45));
#4287 = ( GEOMETRIC_REPRESENTATION_CONTEXT(2) 
PARAMETRIC_REPRESENTATION_CONTEXT() REPRESENTATION_CONTEXT('2D SPACE',''
  ) );
#4288 = PCURVE('',#4289,#4294);
#4289 = PLANE('',#4290);
#4290 = AXIS2_PLACEMENT_3D('',#4291,#4292,#4293);
#4291 = CARTESIAN_POINT('',(19.25,-0.65,7.));
#4292 = DIRECTION('',(-1.,0.,0.));
#4293 = DIRECTION('',(0.,1.,0.));
#4294 = DEFINITIONAL_REPRESENTATION('',(#4295),#4298);
#4295 = B_SPLINE_CURVE_WITH_KNOTS('',1,(#4296,#4297),.UNSPECIFIED.,.F.,
  .F.,(2,2),(-3.85,15.05),.PIECEWISE_BEZIER_KNOTS.);
#4296 = CARTESIAN_POINT('',(1.75,-0.8));
#4297 = CARTESIAN_POINT('',(20.65,-0.8));
#4298 = ( GEOMETRIC_REPRESENTATION_CONTEXT(2) 
PARAMETRIC_REPRESENTATION_CONTEXT() REPRESENTATION_CONTEXT('2D SPACE',''
  ) );
#4299 = ORIENTED_EDGE('',*,*,#4300,.F.);
#4300 = EDGE_CURVE('',#4110,#4275,#4301,.T.);
#4301 = SURFACE_CURVE('',#4302,(#4307,#4314),.PCURVE_S1.);
#4302 = CIRCLE('',#4303,1.75);
#4303 = AXIS2_PLACEMENT_3D('',#4304,#4305,#4306);
#4304 = CARTESIAN_POINT('',(17.5,1.1,7.8));
#4305 = DIRECTION('',(0.,0.,1.));
#4306 = DIRECTION('',(0.,-1.,0.));
#4307 = PCURVE('',#1697,#4308);
#4308 = DEFINITIONAL_REPRESENTATION('',(#4309),#4313);
#4309 = CIRCLE('',#4310,1.75);
#4310 = AXIS2_PLACEMENT_2D('',#4311,#4312);
#4311 = CARTESIAN_POINT('',(12.8,-9.45));
#4312 = DIRECTION('',(0.,-1.));
#4313 = ( GEOMETRIC_REPRESENTATION_CONTEXT(2) 
PARAMETRIC_REPRESENTATION_CONTEXT() REPRESENTATION_CONTEXT('2D SPACE',''
  ) );
#4314 = PCURVE('',#4315,#4320);
#4315 = CYLINDRICAL_SURFACE('',#4316,1.75);
#4316 = AXIS2_PLACEMENT_3D('',#4317,#4318,#4319);
#4317 = CARTESIAN_POINT('',(17.5,1.1,7.));
#4318 = DIRECTION('',(0.,0.,1.));
#4319 = DIRECTION('',(0.,-1.,0.));
#4320 = DEFINITIONAL_REPRESENTATION('',(#4321),#4325);
#4321 = LINE('',#4322,#4323);
#4322 = CARTESIAN_POINT('',(0.,0.8));
#4323 = VECTOR('',#4324,1.);
#4324 = DIRECTION('',(1.,0.));
#4325 = ( GEOMETRIC_REPRESENTATION_CONTEXT(2) 
PARAMETRIC_REPRESENTATION_CONTEXT() REPRESENTATION_CONTEXT('2D SPACE',''
  ) );
#4326 = ADVANCED_FACE('',(#4327),#2520,.T.);
#4327 = FACE_BOUND('',#4328,.F.);
#4328 = EDGE_LOOP('',(#4329,#4359,#4381,#4382,#4383));
#4329 = ORIENTED_EDGE('',*,*,#4330,.F.);
#4330 = EDGE_CURVE('',#4331,#4333,#4335,.T.);
#4331 = VERTEX_POINT('',#4332);
#4332 = CARTESIAN_POINT('',(22.25,2.05,0.8));
#4333 = VERTEX_POINT('',#4334);
#4334 = CARTESIAN_POINT('',(22.25,2.05,1.6));
#4335 = SURFACE_CURVE('',#4336,(#4340,#4347),.PCURVE_S1.);
#4336 = LINE('',#4337,#4338);
#4337 = CARTESIAN_POINT('',(22.25,2.05,0.));
#4338 = VECTOR('',#4339,1.);
#4339 = DIRECTION('',(0.,0.,1.));
#4340 = PCURVE('',#2520,#4341);
#4341 = DEFINITIONAL_REPRESENTATION('',(#4342),#4346);
#4342 = LINE('',#4343,#4344);
#4343 = CARTESIAN_POINT('',(-0.,0.));
#4344 = VECTOR('',#4345,1.);
#4345 = DIRECTION('',(-0.,1.));
#4346 = ( GEOMETRIC_REPRESENTATION_CONTEXT(2) 
PARAMETRIC_REPRESENTATION_CONTEXT() REPRESENTATION_CONTEXT('2D SPACE',''
  ) );
#4347 = PCURVE('',#4348,#4353);
#4348 = PLANE('',#4349);
#4349 = AXIS2_PLACEMENT_3D('',#4350,#4351,#4352);
#4350 = CARTESIAN_POINT('',(19.75,2.05,0.));
#4351 = DIRECTION('',(0.,1.,0.));
#4352 = DIRECTION('',(1.,0.,0.));
#4353 = DEFINITIONAL_REPRESENTATION('',(#4354),#4358);
#4354 = LINE('',#4355,#4356);
#4355 = CARTESIAN_POINT('',(2.5,0.));
#4356 = VECTOR('',#4357,1.);
#4357 = DIRECTION('',(0.,-1.));
#4358 = ( GEOMETRIC_REPRESENTATION_CONTEXT(2) 
PARAMETRIC_REPRESENTATION_CONTEXT() REPRESENTATION_CONTEXT('2D SPACE',''
  ) );
#4359 = ORIENTED_EDGE('',*,*,#4360,.F.);
#4360 = EDGE_CURVE('',#3692,#4331,#4361,.T.);
#4361 = SURFACE_CURVE('',#4362,(#4367,#4374),.PCURVE_S1.);
#4362 = CIRCLE('',#4363,2.5);
#4363 = AXIS2_PLACEMENT_3D('',#4364,#4365,#4366);
#4364 = CARTESIAN_POINT('',(22.25,4.55,0.8));
#4365 = DIRECTION('',(0.,0.,1.));
#4366 = DIRECTION('',(-1.,0.,0.));
#4367 = PCURVE('',#2520,#4368);
#4368 = DEFINITIONAL_REPRESENTATION('',(#4369),#4373);
#4369 = LINE('',#4370,#4371);
#4370 = CARTESIAN_POINT('',(-1.570796326795,0.8));
#4371 = VECTOR('',#4372,1.);
#4372 = DIRECTION('',(1.,-0.));
#4373 = ( GEOMETRIC_REPRESENTATION_CONTEXT(2) 
PARAMETRIC_REPRESENTATION_CONTEXT() REPRESENTATION_CONTEXT('2D SPACE',''
  ) );
#4374 = PCURVE('',#3761,#4375);
#4375 = DEFINITIONAL_REPRESENTATION('',(#4376),#4380);
#4376 = LINE('',#4377,#4378);
#4377 = CARTESIAN_POINT('',(-0.,0.));
#4378 = VECTOR('',#4379,1.);
#4379 = DIRECTION('',(-1.,0.));
#4380 = ( GEOMETRIC_REPRESENTATION_CONTEXT(2) 
PARAMETRIC_REPRESENTATION_CONTEXT() REPRESENTATION_CONTEXT('2D SPACE',''
  ) );
#4381 = ORIENTED_EDGE('',*,*,#3800,.F.);
#4382 = ORIENTED_EDGE('',*,*,#2507,.T.);
#4383 = ORIENTED_EDGE('',*,*,#4384,.T.);
#4384 = EDGE_CURVE('',#2435,#4333,#4385,.T.);
#4385 = SURFACE_CURVE('',#4386,(#4391,#4398),.PCURVE_S1.);
#4386 = CIRCLE('',#4387,2.5);
#4387 = AXIS2_PLACEMENT_3D('',#4388,#4389,#4390);
#4388 = CARTESIAN_POINT('',(22.25,4.55,1.6));
#4389 = DIRECTION('',(0.,0.,1.));
#4390 = DIRECTION('',(-1.,0.,0.));
#4391 = PCURVE('',#2520,#4392);
#4392 = DEFINITIONAL_REPRESENTATION('',(#4393),#4397);
#4393 = LINE('',#4394,#4395);
#4394 = CARTESIAN_POINT('',(-1.570796326795,1.6));
#4395 = VECTOR('',#4396,1.);
#4396 = DIRECTION('',(1.,-0.));
#4397 = ( GEOMETRIC_REPRESENTATION_CONTEXT(2) 
PARAMETRIC_REPRESENTATION_CONTEXT() REPRESENTATION_CONTEXT('2D SPACE',''
  ) );
#4398 = PCURVE('',#2480,#4399);
#4399 = DEFINITIONAL_REPRESENTATION('',(#4400),#4404);
#4400 = LINE('',#4401,#4402);
#4401 = CARTESIAN_POINT('',(0.,0.));
#4402 = VECTOR('',#4403,1.);
#4403 = DIRECTION('',(1.,0.));
#4404 = ( GEOMETRIC_REPRESENTATION_CONTEXT(2) 
PARAMETRIC_REPRESENTATION_CONTEXT() REPRESENTATION_CONTEXT('2D SPACE',''
  ) );
#4405 = ADVANCED_FACE('',(#4406),#2480,.T.);
#4406 = FACE_BOUND('',#4407,.T.);
#4407 = EDGE_LOOP('',(#4408,#4409,#4410,#4437));
#4408 = ORIENTED_EDGE('',*,*,#2434,.F.);
#4409 = ORIENTED_EDGE('',*,*,#4384,.T.);
#4410 = ORIENTED_EDGE('',*,*,#4411,.T.);
#4411 = EDGE_CURVE('',#4333,#4412,#4414,.T.);
#4412 = VERTEX_POINT('',#4413);
#4413 = CARTESIAN_POINT('',(22.25,2.85,2.4));
#4414 = SURFACE_CURVE('',#4415,(#4420,#4426),.PCURVE_S1.);
#4415 = CIRCLE('',#4416,0.8);
#4416 = AXIS2_PLACEMENT_3D('',#4417,#4418,#4419);
#4417 = CARTESIAN_POINT('',(22.25,2.85,1.6));
#4418 = DIRECTION('',(-1.,-0.,0.));
#4419 = DIRECTION('',(0.,-1.,0.));
#4420 = PCURVE('',#2480,#4421);
#4421 = DEFINITIONAL_REPRESENTATION('',(#4422),#4425);
#4422 = B_SPLINE_CURVE_WITH_KNOTS('',1,(#4423,#4424),.UNSPECIFIED.,.F.,
  .F.,(2,2),(0.,1.570796326795),.PIECEWISE_BEZIER_KNOTS.);
#4423 = CARTESIAN_POINT('',(1.570796326795,0.));
#4424 = CARTESIAN_POINT('',(1.570796326795,1.570796326795));
#4425 = ( GEOMETRIC_REPRESENTATION_CONTEXT(2) 
PARAMETRIC_REPRESENTATION_CONTEXT() REPRESENTATION_CONTEXT('2D SPACE',''
  ) );
#4426 = PCURVE('',#4427,#4432);
#4427 = CYLINDRICAL_SURFACE('',#4428,0.8);
#4428 = AXIS2_PLACEMENT_3D('',#4429,#4430,#4431);
#4429 = CARTESIAN_POINT('',(22.25,2.85,1.6));
#4430 = DIRECTION('',(1.,0.,0.));
#4431 = DIRECTION('',(0.,-1.,-0.));
#4432 = DEFINITIONAL_REPRESENTATION('',(#4433),#4436);
#4433 = B_SPLINE_CURVE_WITH_KNOTS('',1,(#4434,#4435),.UNSPECIFIED.,.F.,
  .F.,(2,2),(0.,1.570796326795),.PIECEWISE_BEZIER_KNOTS.);
#4434 = CARTESIAN_POINT('',(0.,0.));
#4435 = CARTESIAN_POINT('',(-1.570796326795,0.));
#4436 = ( GEOMETRIC_REPRESENTATION_CONTEXT(2) 
PARAMETRIC_REPRESENTATION_CONTEXT() REPRESENTATION_CONTEXT('2D SPACE',''
  ) );
#4437 = ORIENTED_EDGE('',*,*,#4438,.F.);
#4438 = EDGE_CURVE('',#2409,#4412,#4439,.T.);
#4439 = SURFACE_CURVE('',#4440,(#4445,#4452),.PCURVE_S1.);
#4440 = CIRCLE('',#4441,1.7);
#4441 = AXIS2_PLACEMENT_3D('',#4442,#4443,#4444);
#4442 = CARTESIAN_POINT('',(22.25,4.55,2.4));
#4443 = DIRECTION('',(0.,0.,1.));
#4444 = DIRECTION('',(-1.,0.,0.));
#4445 = PCURVE('',#2480,#4446);
#4446 = DEFINITIONAL_REPRESENTATION('',(#4447),#4451);
#4447 = LINE('',#4448,#4449);
#4448 = CARTESIAN_POINT('',(0.,1.570796326795));
#4449 = VECTOR('',#4450,1.);
#4450 = DIRECTION('',(1.,0.));
#4451 = ( GEOMETRIC_REPRESENTATION_CONTEXT(2) 
PARAMETRIC_REPRESENTATION_CONTEXT() REPRESENTATION_CONTEXT('2D SPACE',''
  ) );
#4452 = PCURVE('',#2423,#4453);
#4453 = DEFINITIONAL_REPRESENTATION('',(#4454),#4458);
#4454 = CIRCLE('',#4455,1.7);
#4455 = AXIS2_PLACEMENT_2D('',#4456,#4457);
#4456 = CARTESIAN_POINT('',(-1.25,-6.));
#4457 = DIRECTION('',(-1.,0.));
#4458 = ( GEOMETRIC_REPRESENTATION_CONTEXT(2) 
PARAMETRIC_REPRESENTATION_CONTEXT() REPRESENTATION_CONTEXT('2D SPACE',''
  ) );
#4459 = ADVANCED_FACE('',(#4460,#4623),#2423,.T.);
#4460 = FACE_BOUND('',#4461,.T.);
#4461 = EDGE_LOOP('',(#4462,#4463,#4486,#4515,#4543,#4572,#4600,#4622));
#4462 = ORIENTED_EDGE('',*,*,#4438,.T.);
#4463 = ORIENTED_EDGE('',*,*,#4464,.T.);
#4464 = EDGE_CURVE('',#4412,#4465,#4467,.T.);
#4465 = VERTEX_POINT('',#4466);
#4466 = CARTESIAN_POINT('',(24.75,2.85,2.4));
#4467 = SURFACE_CURVE('',#4468,(#4472,#4479),.PCURVE_S1.);
#4468 = LINE('',#4469,#4470);
#4469 = CARTESIAN_POINT('',(22.25,2.85,2.4));
#4470 = VECTOR('',#4471,1.);
#4471 = DIRECTION('',(1.,0.,0.));
#4472 = PCURVE('',#2423,#4473);
#4473 = DEFINITIONAL_REPRESENTATION('',(#4474),#4478);
#4474 = LINE('',#4475,#4476);
#4475 = CARTESIAN_POINT('',(-1.25,-7.7));
#4476 = VECTOR('',#4477,1.);
#4477 = DIRECTION('',(1.,0.));
#4478 = ( GEOMETRIC_REPRESENTATION_CONTEXT(2) 
PARAMETRIC_REPRESENTATION_CONTEXT() REPRESENTATION_CONTEXT('2D SPACE',''
  ) );
#4479 = PCURVE('',#4427,#4480);
#4480 = DEFINITIONAL_REPRESENTATION('',(#4481),#4485);
#4481 = LINE('',#4482,#4483);
#4482 = CARTESIAN_POINT('',(-1.570796326795,0.));
#4483 = VECTOR('',#4484,1.);
#4484 = DIRECTION('',(-0.,1.));
#4485 = ( GEOMETRIC_REPRESENTATION_CONTEXT(2) 
PARAMETRIC_REPRESENTATION_CONTEXT() REPRESENTATION_CONTEXT('2D SPACE',''
  ) );
#4486 = ORIENTED_EDGE('',*,*,#4487,.T.);
#4487 = EDGE_CURVE('',#4465,#4488,#4490,.T.);
#4488 = VERTEX_POINT('',#4489);
#4489 = CARTESIAN_POINT('',(26.45,4.55,2.4));
#4490 = SURFACE_CURVE('',#4491,(#4496,#4503),.PCURVE_S1.);
#4491 = CIRCLE('',#4492,1.7);
#4492 = AXIS2_PLACEMENT_3D('',#4493,#4494,#4495);
#4493 = CARTESIAN_POINT('',(24.75,4.55,2.4));
#4494 = DIRECTION('',(0.,0.,1.));
#4495 = DIRECTION('',(0.,-1.,0.));
#4496 = PCURVE('',#2423,#4497);
#4497 = DEFINITIONAL_REPRESENTATION('',(#4498),#4502);
#4498 = CIRCLE('',#4499,1.7);
#4499 = AXIS2_PLACEMENT_2D('',#4500,#4501);
#4500 = CARTESIAN_POINT('',(1.25,-6.));
#4501 = DIRECTION('',(0.,-1.));
#4502 = ( GEOMETRIC_REPRESENTATION_CONTEXT(2) 
PARAMETRIC_REPRESENTATION_CONTEXT() REPRESENTATION_CONTEXT('2D SPACE',''
  ) );
#4503 = PCURVE('',#4504,#4509);
#4504 = TOROIDAL_SURFACE('',#4505,1.7,0.8);
#4505 = AXIS2_PLACEMENT_3D('',#4506,#4507,#4508);
#4506 = CARTESIAN_POINT('',(24.75,4.55,1.6));
#4507 = DIRECTION('',(0.,0.,1.));
#4508 = DIRECTION('',(0.,-1.,0.));
#4509 = DEFINITIONAL_REPRESENTATION('',(#4510),#4514);
#4510 = LINE('',#4511,#4512);
#4511 = CARTESIAN_POINT('',(0.,1.570796326795));
#4512 = VECTOR('',#4513,1.);
#4513 = DIRECTION('',(1.,0.));
#4514 = ( GEOMETRIC_REPRESENTATION_CONTEXT(2) 
PARAMETRIC_REPRESENTATION_CONTEXT() REPRESENTATION_CONTEXT('2D SPACE',''
  ) );
#4515 = ORIENTED_EDGE('',*,*,#4516,.T.);
#4516 = EDGE_CURVE('',#4488,#4517,#4519,.T.);
#4517 = VERTEX_POINT('',#4518);
#4518 = CARTESIAN_POINT('',(26.45,16.55,2.4));
#4519 = SURFACE_CURVE('',#4520,(#4524,#4531),.PCURVE_S1.);
#4520 = LINE('',#4521,#4522);
#4521 = CARTESIAN_POINT('',(26.45,4.55,2.4));
#4522 = VECTOR('',#4523,1.);
#4523 = DIRECTION('',(0.,1.,0.));
#4524 = PCURVE('',#2423,#4525);
#4525 = DEFINITIONAL_REPRESENTATION('',(#4526),#4530);
#4526 = LINE('',#4527,#4528);
#4527 = CARTESIAN_POINT('',(2.95,-6.));
#4528 = VECTOR('',#4529,1.);
#4529 = DIRECTION('',(0.,1.));
#4530 = ( GEOMETRIC_REPRESENTATION_CONTEXT(2) 
PARAMETRIC_REPRESENTATION_CONTEXT() REPRESENTATION_CONTEXT('2D SPACE',''
  ) );
#4531 = PCURVE('',#4532,#4537);
#4532 = CYLINDRICAL_SURFACE('',#4533,0.8);
#4533 = AXIS2_PLACEMENT_3D('',#4534,#4535,#4536);
#4534 = CARTESIAN_POINT('',(26.45,4.55,1.6));
#4535 = DIRECTION('',(0.,1.,0.));
#4536 = DIRECTION('',(1.,0.,-0.));
#4537 = DEFINITIONAL_REPRESENTATION('',(#4538),#4542);
#4538 = LINE('',#4539,#4540);
#4539 = CARTESIAN_POINT('',(-1.570796326795,0.));
#4540 = VECTOR('',#4541,1.);
#4541 = DIRECTION('',(-0.,1.));
#4542 = ( GEOMETRIC_REPRESENTATION_CONTEXT(2) 
PARAMETRIC_REPRESENTATION_CONTEXT() REPRESENTATION_CONTEXT('2D SPACE',''
  ) );
#4543 = ORIENTED_EDGE('',*,*,#4544,.T.);
#4544 = EDGE_CURVE('',#4517,#4545,#4547,.T.);
#4545 = VERTEX_POINT('',#4546);
#4546 = CARTESIAN_POINT('',(24.75,18.25,2.4));
#4547 = SURFACE_CURVE('',#4548,(#4553,#4560),.PCURVE_S1.);
#4548 = CIRCLE('',#4549,1.7);
#4549 = AXIS2_PLACEMENT_3D('',#4550,#4551,#4552);
#4550 = CARTESIAN_POINT('',(24.75,16.55,2.4));
#4551 = DIRECTION('',(0.,0.,1.));
#4552 = DIRECTION('',(1.,0.,-0.));
#4553 = PCURVE('',#2423,#4554);
#4554 = DEFINITIONAL_REPRESENTATION('',(#4555),#4559);
#4555 = CIRCLE('',#4556,1.7);
#4556 = AXIS2_PLACEMENT_2D('',#4557,#4558);
#4557 = CARTESIAN_POINT('',(1.25,6.));
#4558 = DIRECTION('',(1.,0.));
#4559 = ( GEOMETRIC_REPRESENTATION_CONTEXT(2) 
PARAMETRIC_REPRESENTATION_CONTEXT() REPRESENTATION_CONTEXT('2D SPACE',''
  ) );
#4560 = PCURVE('',#4561,#4566);
#4561 = TOROIDAL_SURFACE('',#4562,1.7,0.8);
#4562 = AXIS2_PLACEMENT_3D('',#4563,#4564,#4565);
#4563 = CARTESIAN_POINT('',(24.75,16.55,1.6));
#4564 = DIRECTION('',(0.,0.,1.));
#4565 = DIRECTION('',(1.,0.,-0.));
#4566 = DEFINITIONAL_REPRESENTATION('',(#4567),#4571);
#4567 = LINE('',#4568,#4569);
#4568 = CARTESIAN_POINT('',(0.,1.570796326795));
#4569 = VECTOR('',#4570,1.);
#4570 = DIRECTION('',(1.,0.));
#4571 = ( GEOMETRIC_REPRESENTATION_CONTEXT(2) 
PARAMETRIC_REPRESENTATION_CONTEXT() REPRESENTATION_CONTEXT('2D SPACE',''
  ) );
#4572 = ORIENTED_EDGE('',*,*,#4573,.T.);
#4573 = EDGE_CURVE('',#4545,#4574,#4576,.T.);
#4574 = VERTEX_POINT('',#4575);
#4575 = CARTESIAN_POINT('',(22.25,18.25,2.4));
#4576 = SURFACE_CURVE('',#4577,(#4581,#4588),.PCURVE_S1.);
#4577 = LINE('',#4578,#4579);
#4578 = CARTESIAN_POINT('',(24.75,18.25,2.4));
#4579 = VECTOR('',#4580,1.);
#4580 = DIRECTION('',(-1.,0.,0.));
#4581 = PCURVE('',#2423,#4582);
#4582 = DEFINITIONAL_REPRESENTATION('',(#4583),#4587);
#4583 = LINE('',#4584,#4585);
#4584 = CARTESIAN_POINT('',(1.25,7.7));
#4585 = VECTOR('',#4586,1.);
#4586 = DIRECTION('',(-1.,0.));
#4587 = ( GEOMETRIC_REPRESENTATION_CONTEXT(2) 
PARAMETRIC_REPRESENTATION_CONTEXT() REPRESENTATION_CONTEXT('2D SPACE',''
  ) );
#4588 = PCURVE('',#4589,#4594);
#4589 = CYLINDRICAL_SURFACE('',#4590,0.8);
#4590 = AXIS2_PLACEMENT_3D('',#4591,#4592,#4593);
#4591 = CARTESIAN_POINT('',(24.75,18.25,1.6));
#4592 = DIRECTION('',(-1.,0.,0.));
#4593 = DIRECTION('',(0.,1.,-0.));
#4594 = DEFINITIONAL_REPRESENTATION('',(#4595),#4599);
#4595 = LINE('',#4596,#4597);
#4596 = CARTESIAN_POINT('',(-1.570796326795,0.));
#4597 = VECTOR('',#4598,1.);
#4598 = DIRECTION('',(-0.,1.));
#4599 = ( GEOMETRIC_REPRESENTATION_CONTEXT(2) 
PARAMETRIC_REPRESENTATION_CONTEXT() REPRESENTATION_CONTEXT('2D SPACE',''
  ) );
#4600 = ORIENTED_EDGE('',*,*,#4601,.T.);
#4601 = EDGE_CURVE('',#4574,#2336,#4602,.T.);
#4602 = SURFACE_CURVE('',#4603,(#4608,#4615),.PCURVE_S1.);
#4603 = CIRCLE('',#4604,1.7);
#4604 = AXIS2_PLACEMENT_3D('',#4605,#4606,#4607);
#4605 = CARTESIAN_POINT('',(22.25,16.55,2.4));
#4606 = DIRECTION('',(0.,0.,1.));
#4607 = DIRECTION('',(0.,1.,-0.));
#4608 = PCURVE('',#2423,#4609);
#4609 = DEFINITIONAL_REPRESENTATION('',(#4610),#4614);
#4610 = CIRCLE('',#4611,1.7);
#4611 = AXIS2_PLACEMENT_2D('',#4612,#4613);
#4612 = CARTESIAN_POINT('',(-1.25,6.));
#4613 = DIRECTION('',(0.,1.));
#4614 = ( GEOMETRIC_REPRESENTATION_CONTEXT(2) 
PARAMETRIC_REPRESENTATION_CONTEXT() REPRESENTATION_CONTEXT('2D SPACE',''
  ) );
#4615 = PCURVE('',#2381,#4616);
#4616 = DEFINITIONAL_REPRESENTATION('',(#4617),#4621);
#4617 = LINE('',#4618,#4619);
#4618 = CARTESIAN_POINT('',(0.,1.570796326795));
#4619 = VECTOR('',#4620,1.);
#4620 = DIRECTION('',(1.,0.));
#4621 = ( GEOMETRIC_REPRESENTATION_CONTEXT(2) 
PARAMETRIC_REPRESENTATION_CONTEXT() REPRESENTATION_CONTEXT('2D SPACE',''
  ) );
#4622 = ORIENTED_EDGE('',*,*,#2408,.F.);
#4623 = FACE_BOUND('',#4624,.T.);
#4624 = EDGE_LOOP('',(#4625,#4656,#4682,#4711,#4737,#4766,#4792,#4821));
#4625 = ORIENTED_EDGE('',*,*,#4626,.F.);
#4626 = EDGE_CURVE('',#4627,#4629,#4631,.T.);
#4627 = VERTEX_POINT('',#4628);
#4628 = CARTESIAN_POINT('',(24.05,4.8,2.4));
#4629 = VERTEX_POINT('',#4630);
#4630 = CARTESIAN_POINT('',(25.05,5.8,2.4));
#4631 = SURFACE_CURVE('',#4632,(#4637,#4644),.PCURVE_S1.);
#4632 = CIRCLE('',#4633,1.);
#4633 = AXIS2_PLACEMENT_3D('',#4634,#4635,#4636);
#4634 = CARTESIAN_POINT('',(24.05,5.8,2.4));
#4635 = DIRECTION('',(0.,0.,1.));
#4636 = DIRECTION('',(0.,-1.,0.));
#4637 = PCURVE('',#2423,#4638);
#4638 = DEFINITIONAL_REPRESENTATION('',(#4639),#4643);
#4639 = CIRCLE('',#4640,1.);
#4640 = AXIS2_PLACEMENT_2D('',#4641,#4642);
#4641 = CARTESIAN_POINT('',(0.55,-4.75));
#4642 = DIRECTION('',(0.,-1.));
#4643 = ( GEOMETRIC_REPRESENTATION_CONTEXT(2) 
PARAMETRIC_REPRESENTATION_CONTEXT() REPRESENTATION_CONTEXT('2D SPACE',''
  ) );
#4644 = PCURVE('',#4645,#4650);
#4645 = CYLINDRICAL_SURFACE('',#4646,1.);
#4646 = AXIS2_PLACEMENT_3D('',#4647,#4648,#4649);
#4647 = CARTESIAN_POINT('',(24.05,5.8,-1.));
#4648 = DIRECTION('',(0.,0.,1.));
#4649 = DIRECTION('',(0.,-1.,0.));
#4650 = DEFINITIONAL_REPRESENTATION('',(#4651),#4655);
#4651 = LINE('',#4652,#4653);
#4652 = CARTESIAN_POINT('',(0.,3.4));
#4653 = VECTOR('',#4654,1.);
#4654 = DIRECTION('',(1.,0.));
#4655 = ( GEOMETRIC_REPRESENTATION_CONTEXT(2) 
PARAMETRIC_REPRESENTATION_CONTEXT() REPRESENTATION_CONTEXT('2D SPACE',''
  ) );
#4656 = ORIENTED_EDGE('',*,*,#4657,.T.);
#4657 = EDGE_CURVE('',#4627,#4658,#4660,.T.);
#4658 = VERTEX_POINT('',#4659);
#4659 = CARTESIAN_POINT('',(23.45,4.8,2.4));
#4660 = SURFACE_CURVE('',#4661,(#4665,#4671),.PCURVE_S1.);
#4661 = LINE('',#4662,#4663);
#4662 = CARTESIAN_POINT('',(22.975,4.8,2.4));
#4663 = VECTOR('',#4664,1.);
#4664 = DIRECTION('',(-1.,0.,0.));
#4665 = PCURVE('',#2423,#4666);
#4666 = DEFINITIONAL_REPRESENTATION('',(#4667),#4670);
#4667 = B_SPLINE_CURVE_WITH_KNOTS('',1,(#4668,#4669),.UNSPECIFIED.,.F.,
  .F.,(2,2),(-1.075,-0.475),.PIECEWISE_BEZIER_KNOTS.);
#4668 = CARTESIAN_POINT('',(0.55,-5.75));
#4669 = CARTESIAN_POINT('',(-5.E-02,-5.75));
#4670 = ( GEOMETRIC_REPRESENTATION_CONTEXT(2) 
PARAMETRIC_REPRESENTATION_CONTEXT() REPRESENTATION_CONTEXT('2D SPACE',''
  ) );
#4671 = PCURVE('',#4672,#4677);
#4672 = PLANE('',#4673);
#4673 = AXIS2_PLACEMENT_3D('',#4674,#4675,#4676);
#4674 = CARTESIAN_POINT('',(22.45,4.8,-1.));
#4675 = DIRECTION('',(0.,1.,0.));
#4676 = DIRECTION('',(1.,0.,0.));
#4677 = DEFINITIONAL_REPRESENTATION('',(#4678),#4681);
#4678 = B_SPLINE_CURVE_WITH_KNOTS('',1,(#4679,#4680),.UNSPECIFIED.,.F.,
  .F.,(2,2),(-1.075,-0.475),.PIECEWISE_BEZIER_KNOTS.);
#4679 = CARTESIAN_POINT('',(1.6,-3.4));
#4680 = CARTESIAN_POINT('',(1.,-3.4));
#4681 = ( GEOMETRIC_REPRESENTATION_CONTEXT(2) 
PARAMETRIC_REPRESENTATION_CONTEXT() REPRESENTATION_CONTEXT('2D SPACE',''
  ) );
#4682 = ORIENTED_EDGE('',*,*,#4683,.F.);
#4683 = EDGE_CURVE('',#4684,#4658,#4686,.T.);
#4684 = VERTEX_POINT('',#4685);
#4685 = CARTESIAN_POINT('',(22.45,5.8,2.4));
#4686 = SURFACE_CURVE('',#4687,(#4692,#4699),.PCURVE_S1.);
#4687 = CIRCLE('',#4688,1.);
#4688 = AXIS2_PLACEMENT_3D('',#4689,#4690,#4691);
#4689 = CARTESIAN_POINT('',(23.45,5.8,2.4));
#4690 = DIRECTION('',(0.,0.,1.));
#4691 = DIRECTION('',(0.,-1.,0.));
#4692 = PCURVE('',#2423,#4693);
#4693 = DEFINITIONAL_REPRESENTATION('',(#4694),#4698);
#4694 = CIRCLE('',#4695,1.);
#4695 = AXIS2_PLACEMENT_2D('',#4696,#4697);
#4696 = CARTESIAN_POINT('',(-5.E-02,-4.75));
#4697 = DIRECTION('',(0.,-1.));
#4698 = ( GEOMETRIC_REPRESENTATION_CONTEXT(2) 
PARAMETRIC_REPRESENTATION_CONTEXT() REPRESENTATION_CONTEXT('2D SPACE',''
  ) );
#4699 = PCURVE('',#4700,#4705);
#4700 = CYLINDRICAL_SURFACE('',#4701,1.);
#4701 = AXIS2_PLACEMENT_3D('',#4702,#4703,#4704);
#4702 = CARTESIAN_POINT('',(23.45,5.8,-1.));
#4703 = DIRECTION('',(0.,0.,1.));
#4704 = DIRECTION('',(0.,-1.,0.));
#4705 = DEFINITIONAL_REPRESENTATION('',(#4706),#4710);
#4706 = LINE('',#4707,#4708);
#4707 = CARTESIAN_POINT('',(-6.28318530718,3.4));
#4708 = VECTOR('',#4709,1.);
#4709 = DIRECTION('',(1.,-0.));
#4710 = ( GEOMETRIC_REPRESENTATION_CONTEXT(2) 
PARAMETRIC_REPRESENTATION_CONTEXT() REPRESENTATION_CONTEXT('2D SPACE',''
  ) );
#4711 = ORIENTED_EDGE('',*,*,#4712,.T.);
#4712 = EDGE_CURVE('',#4684,#4713,#4715,.T.);
#4713 = VERTEX_POINT('',#4714);
#4714 = CARTESIAN_POINT('',(22.45,15.3,2.4));
#4715 = SURFACE_CURVE('',#4716,(#4720,#4726),.PCURVE_S1.);
#4716 = LINE('',#4717,#4718);
#4717 = CARTESIAN_POINT('',(22.45,13.425,2.4));
#4718 = VECTOR('',#4719,1.);
#4719 = DIRECTION('',(-0.,1.,0.));
#4720 = PCURVE('',#2423,#4721);
#4721 = DEFINITIONAL_REPRESENTATION('',(#4722),#4725);
#4722 = B_SPLINE_CURVE_WITH_KNOTS('',1,(#4723,#4724),.UNSPECIFIED.,.F.,
  .F.,(2,2),(-7.625,1.875),.PIECEWISE_BEZIER_KNOTS.);
#4723 = CARTESIAN_POINT('',(-1.05,-4.75));
#4724 = CARTESIAN_POINT('',(-1.05,4.75));
#4725 = ( GEOMETRIC_REPRESENTATION_CONTEXT(2) 
PARAMETRIC_REPRESENTATION_CONTEXT() REPRESENTATION_CONTEXT('2D SPACE',''
  ) );
#4726 = PCURVE('',#4727,#4732);
#4727 = PLANE('',#4728);
#4728 = AXIS2_PLACEMENT_3D('',#4729,#4730,#4731);
#4729 = CARTESIAN_POINT('',(22.45,16.3,-1.));
#4730 = DIRECTION('',(1.,0.,-0.));
#4731 = DIRECTION('',(0.,-1.,0.));
#4732 = DEFINITIONAL_REPRESENTATION('',(#4733),#4736);
#4733 = B_SPLINE_CURVE_WITH_KNOTS('',1,(#4734,#4735),.UNSPECIFIED.,.F.,
  .F.,(2,2),(-7.625,1.875),.PIECEWISE_BEZIER_KNOTS.);
#4734 = CARTESIAN_POINT('',(10.5,-3.4));
#4735 = CARTESIAN_POINT('',(1.,-3.4));
#4736 = ( GEOMETRIC_REPRESENTATION_CONTEXT(2) 
PARAMETRIC_REPRESENTATION_CONTEXT() REPRESENTATION_CONTEXT('2D SPACE',''
  ) );
#4737 = ORIENTED_EDGE('',*,*,#4738,.F.);
#4738 = EDGE_CURVE('',#4739,#4713,#4741,.T.);
#4739 = VERTEX_POINT('',#4740);
#4740 = CARTESIAN_POINT('',(23.45,16.3,2.4));
#4741 = SURFACE_CURVE('',#4742,(#4747,#4754),.PCURVE_S1.);
#4742 = CIRCLE('',#4743,1.);
#4743 = AXIS2_PLACEMENT_3D('',#4744,#4745,#4746);
#4744 = CARTESIAN_POINT('',(23.45,15.3,2.4));
#4745 = DIRECTION('',(0.,0.,1.));
#4746 = DIRECTION('',(-0.,1.,0.));
#4747 = PCURVE('',#2423,#4748);
#4748 = DEFINITIONAL_REPRESENTATION('',(#4749),#4753);
#4749 = CIRCLE('',#4750,1.);
#4750 = AXIS2_PLACEMENT_2D('',#4751,#4752);
#4751 = CARTESIAN_POINT('',(-5.E-02,4.75));
#4752 = DIRECTION('',(0.,1.));
#4753 = ( GEOMETRIC_REPRESENTATION_CONTEXT(2) 
PARAMETRIC_REPRESENTATION_CONTEXT() REPRESENTATION_CONTEXT('2D SPACE',''
  ) );
#4754 = PCURVE('',#4755,#4760);
#4755 = CYLINDRICAL_SURFACE('',#4756,1.);
#4756 = AXIS2_PLACEMENT_3D('',#4757,#4758,#4759);
#4757 = CARTESIAN_POINT('',(23.45,15.3,-1.));
#4758 = DIRECTION('',(0.,0.,1.));
#4759 = DIRECTION('',(-0.,1.,0.));
#4760 = DEFINITIONAL_REPRESENTATION('',(#4761),#4765);
#4761 = LINE('',#4762,#4763);
#4762 = CARTESIAN_POINT('',(0.,3.4));
#4763 = VECTOR('',#4764,1.);
#4764 = DIRECTION('',(1.,0.));
#4765 = ( GEOMETRIC_REPRESENTATION_CONTEXT(2) 
PARAMETRIC_REPRESENTATION_CONTEXT() REPRESENTATION_CONTEXT('2D SPACE',''
  ) );
#4766 = ORIENTED_EDGE('',*,*,#4767,.T.);
#4767 = EDGE_CURVE('',#4739,#4768,#4770,.T.);
#4768 = VERTEX_POINT('',#4769);
#4769 = CARTESIAN_POINT('',(24.05,16.3,2.4));
#4770 = SURFACE_CURVE('',#4771,(#4775,#4781),.PCURVE_S1.);
#4771 = LINE('',#4772,#4773);
#4772 = CARTESIAN_POINT('',(24.275,16.3,2.4));
#4773 = VECTOR('',#4774,1.);
#4774 = DIRECTION('',(1.,0.,-0.));
#4775 = PCURVE('',#2423,#4776);
#4776 = DEFINITIONAL_REPRESENTATION('',(#4777),#4780);
#4777 = B_SPLINE_CURVE_WITH_KNOTS('',1,(#4778,#4779),.UNSPECIFIED.,.F.,
  .F.,(2,2),(-0.825,-0.225),.PIECEWISE_BEZIER_KNOTS.);
#4778 = CARTESIAN_POINT('',(-5.E-02,5.75));
#4779 = CARTESIAN_POINT('',(0.55,5.75));
#4780 = ( GEOMETRIC_REPRESENTATION_CONTEXT(2) 
PARAMETRIC_REPRESENTATION_CONTEXT() REPRESENTATION_CONTEXT('2D SPACE',''
  ) );
#4781 = PCURVE('',#4782,#4787);
#4782 = PLANE('',#4783);
#4783 = AXIS2_PLACEMENT_3D('',#4784,#4785,#4786);
#4784 = CARTESIAN_POINT('',(25.05,16.3,-1.));
#4785 = DIRECTION('',(0.,-1.,0.));
#4786 = DIRECTION('',(-1.,0.,0.));
#4787 = DEFINITIONAL_REPRESENTATION('',(#4788),#4791);
#4788 = B_SPLINE_CURVE_WITH_KNOTS('',1,(#4789,#4790),.UNSPECIFIED.,.F.,
  .F.,(2,2),(-0.825,-0.225),.PIECEWISE_BEZIER_KNOTS.);
#4789 = CARTESIAN_POINT('',(1.6,-3.4));
#4790 = CARTESIAN_POINT('',(1.,-3.4));
#4791 = ( GEOMETRIC_REPRESENTATION_CONTEXT(2) 
PARAMETRIC_REPRESENTATION_CONTEXT() REPRESENTATION_CONTEXT('2D SPACE',''
  ) );
#4792 = ORIENTED_EDGE('',*,*,#4793,.F.);
#4793 = EDGE_CURVE('',#4794,#4768,#4796,.T.);
#4794 = VERTEX_POINT('',#4795);
#4795 = CARTESIAN_POINT('',(25.05,15.3,2.4));
#4796 = SURFACE_CURVE('',#4797,(#4802,#4809),.PCURVE_S1.);
#4797 = CIRCLE('',#4798,1.);
#4798 = AXIS2_PLACEMENT_3D('',#4799,#4800,#4801);
#4799 = CARTESIAN_POINT('',(24.05,15.3,2.4));
#4800 = DIRECTION('',(0.,0.,1.));
#4801 = DIRECTION('',(1.,0.,-0.));
#4802 = PCURVE('',#2423,#4803);
#4803 = DEFINITIONAL_REPRESENTATION('',(#4804),#4808);
#4804 = CIRCLE('',#4805,1.);
#4805 = AXIS2_PLACEMENT_2D('',#4806,#4807);
#4806 = CARTESIAN_POINT('',(0.55,4.75));
#4807 = DIRECTION('',(1.,0.));
#4808 = ( GEOMETRIC_REPRESENTATION_CONTEXT(2) 
PARAMETRIC_REPRESENTATION_CONTEXT() REPRESENTATION_CONTEXT('2D SPACE',''
  ) );
#4809 = PCURVE('',#4810,#4815);
#4810 = CYLINDRICAL_SURFACE('',#4811,1.);
#4811 = AXIS2_PLACEMENT_3D('',#4812,#4813,#4814);
#4812 = CARTESIAN_POINT('',(24.05,15.3,-1.));
#4813 = DIRECTION('',(0.,0.,1.));
#4814 = DIRECTION('',(1.,0.,-0.));
#4815 = DEFINITIONAL_REPRESENTATION('',(#4816),#4820);
#4816 = LINE('',#4817,#4818);
#4817 = CARTESIAN_POINT('',(0.,3.4));
#4818 = VECTOR('',#4819,1.);
#4819 = DIRECTION('',(1.,0.));
#4820 = ( GEOMETRIC_REPRESENTATION_CONTEXT(2) 
PARAMETRIC_REPRESENTATION_CONTEXT() REPRESENTATION_CONTEXT('2D SPACE',''
  ) );
#4821 = ORIENTED_EDGE('',*,*,#4822,.T.);
#4822 = EDGE_CURVE('',#4794,#4629,#4823,.T.);
#4823 = SURFACE_CURVE('',#4824,(#4828,#4834),.PCURVE_S1.);
#4824 = LINE('',#4825,#4826);
#4825 = CARTESIAN_POINT('',(25.05,7.675,2.4));
#4826 = VECTOR('',#4827,1.);
#4827 = DIRECTION('',(0.,-1.,0.));
#4828 = PCURVE('',#2423,#4829);
#4829 = DEFINITIONAL_REPRESENTATION('',(#4830),#4833);
#4830 = B_SPLINE_CURVE_WITH_KNOTS('',1,(#4831,#4832),.UNSPECIFIED.,.F.,
  .F.,(2,2),(-7.625,1.875),.PIECEWISE_BEZIER_KNOTS.);
#4831 = CARTESIAN_POINT('',(1.55,4.75));
#4832 = CARTESIAN_POINT('',(1.55,-4.75));
#4833 = ( GEOMETRIC_REPRESENTATION_CONTEXT(2) 
PARAMETRIC_REPRESENTATION_CONTEXT() REPRESENTATION_CONTEXT('2D SPACE',''
  ) );
#4834 = PCURVE('',#4835,#4840);
#4835 = PLANE('',#4836);
#4836 = AXIS2_PLACEMENT_3D('',#4837,#4838,#4839);
#4837 = CARTESIAN_POINT('',(25.05,4.8,-1.));
#4838 = DIRECTION('',(-1.,0.,0.));
#4839 = DIRECTION('',(0.,1.,0.));
#4840 = DEFINITIONAL_REPRESENTATION('',(#4841),#4844);
#4841 = B_SPLINE_CURVE_WITH_KNOTS('',1,(#4842,#4843),.UNSPECIFIED.,.F.,
  .F.,(2,2),(-7.625,1.875),.PIECEWISE_BEZIER_KNOTS.);
#4842 = CARTESIAN_POINT('',(10.5,-3.4));
#4843 = CARTESIAN_POINT('',(1.,-3.4));
#4844 = ( GEOMETRIC_REPRESENTATION_CONTEXT(2) 
PARAMETRIC_REPRESENTATION_CONTEXT() REPRESENTATION_CONTEXT('2D SPACE',''
  ) );
#4845 = ADVANCED_FACE('',(#4846),#2381,.T.);
#4846 = FACE_BOUND('',#4847,.T.);
#4847 = EDGE_LOOP('',(#4848,#4870,#4892,#4893));
#4848 = ORIENTED_EDGE('',*,*,#4849,.F.);
#4849 = EDGE_CURVE('',#4850,#4574,#4852,.T.);
#4850 = VERTEX_POINT('',#4851);
#4851 = CARTESIAN_POINT('',(22.25,19.05,1.6));
#4852 = SURFACE_CURVE('',#4853,(#4858,#4864),.PCURVE_S1.);
#4853 = CIRCLE('',#4854,0.8);
#4854 = AXIS2_PLACEMENT_3D('',#4855,#4856,#4857);
#4855 = CARTESIAN_POINT('',(22.25,18.25,1.6));
#4856 = DIRECTION('',(1.,0.,-0.));
#4857 = DIRECTION('',(0.,1.,0.));
#4858 = PCURVE('',#2381,#4859);
#4859 = DEFINITIONAL_REPRESENTATION('',(#4860),#4863);
#4860 = B_SPLINE_CURVE_WITH_KNOTS('',1,(#4861,#4862),.UNSPECIFIED.,.F.,
  .F.,(2,2),(0.,1.570796326795),.PIECEWISE_BEZIER_KNOTS.);
#4861 = CARTESIAN_POINT('',(0.,0.));
#4862 = CARTESIAN_POINT('',(0.,1.570796326795));
#4863 = ( GEOMETRIC_REPRESENTATION_CONTEXT(2) 
PARAMETRIC_REPRESENTATION_CONTEXT() REPRESENTATION_CONTEXT('2D SPACE',''
  ) );
#4864 = PCURVE('',#4589,#4865);
#4865 = DEFINITIONAL_REPRESENTATION('',(#4866),#4869);
#4866 = B_SPLINE_CURVE_WITH_KNOTS('',1,(#4867,#4868),.UNSPECIFIED.,.F.,
  .F.,(2,2),(0.,1.570796326795),.PIECEWISE_BEZIER_KNOTS.);
#4867 = CARTESIAN_POINT('',(0.,2.5));
#4868 = CARTESIAN_POINT('',(-1.570796326795,2.5));
#4869 = ( GEOMETRIC_REPRESENTATION_CONTEXT(2) 
PARAMETRIC_REPRESENTATION_CONTEXT() REPRESENTATION_CONTEXT('2D SPACE',''
  ) );
#4870 = ORIENTED_EDGE('',*,*,#4871,.T.);
#4871 = EDGE_CURVE('',#4850,#2310,#4872,.T.);
#4872 = SURFACE_CURVE('',#4873,(#4878,#4885),.PCURVE_S1.);
#4873 = CIRCLE('',#4874,2.5);
#4874 = AXIS2_PLACEMENT_3D('',#4875,#4876,#4877);
#4875 = CARTESIAN_POINT('',(22.25,16.55,1.6));
#4876 = DIRECTION('',(0.,0.,1.));
#4877 = DIRECTION('',(0.,1.,-0.));
#4878 = PCURVE('',#2381,#4879);
#4879 = DEFINITIONAL_REPRESENTATION('',(#4880),#4884);
#4880 = LINE('',#4881,#4882);
#4881 = CARTESIAN_POINT('',(0.,0.));
#4882 = VECTOR('',#4883,1.);
#4883 = DIRECTION('',(1.,0.));
#4884 = ( GEOMETRIC_REPRESENTATION_CONTEXT(2) 
PARAMETRIC_REPRESENTATION_CONTEXT() REPRESENTATION_CONTEXT('2D SPACE',''
  ) );
#4885 = PCURVE('',#2324,#4886);
#4886 = DEFINITIONAL_REPRESENTATION('',(#4887),#4891);
#4887 = LINE('',#4888,#4889);
#4888 = CARTESIAN_POINT('',(0.,1.6));
#4889 = VECTOR('',#4890,1.);
#4890 = DIRECTION('',(1.,0.));
#4891 = ( GEOMETRIC_REPRESENTATION_CONTEXT(2) 
PARAMETRIC_REPRESENTATION_CONTEXT() REPRESENTATION_CONTEXT('2D SPACE',''
  ) );
#4892 = ORIENTED_EDGE('',*,*,#2335,.T.);
#4893 = ORIENTED_EDGE('',*,*,#4601,.F.);
#4894 = ADVANCED_FACE('',(#4895),#2324,.T.);
#4895 = FACE_BOUND('',#4896,.T.);
#4896 = EDGE_LOOP('',(#4897,#4925,#4947,#4948,#4949));
#4897 = ORIENTED_EDGE('',*,*,#4898,.F.);
#4898 = EDGE_CURVE('',#4899,#4850,#4901,.T.);
#4899 = VERTEX_POINT('',#4900);
#4900 = CARTESIAN_POINT('',(22.25,19.05,0.8));
#4901 = SURFACE_CURVE('',#4902,(#4906,#4913),.PCURVE_S1.);
#4902 = LINE('',#4903,#4904);
#4903 = CARTESIAN_POINT('',(22.25,19.05,0.));
#4904 = VECTOR('',#4905,1.);
#4905 = DIRECTION('',(0.,0.,1.));
#4906 = PCURVE('',#2324,#4907);
#4907 = DEFINITIONAL_REPRESENTATION('',(#4908),#4912);
#4908 = LINE('',#4909,#4910);
#4909 = CARTESIAN_POINT('',(0.,0.));
#4910 = VECTOR('',#4911,1.);
#4911 = DIRECTION('',(0.,1.));
#4912 = ( GEOMETRIC_REPRESENTATION_CONTEXT(2) 
PARAMETRIC_REPRESENTATION_CONTEXT() REPRESENTATION_CONTEXT('2D SPACE',''
  ) );
#4913 = PCURVE('',#4914,#4919);
#4914 = PLANE('',#4915);
#4915 = AXIS2_PLACEMENT_3D('',#4916,#4917,#4918);
#4916 = CARTESIAN_POINT('',(27.25,19.05,0.));
#4917 = DIRECTION('',(0.,-1.,0.));
#4918 = DIRECTION('',(-1.,0.,0.));
#4919 = DEFINITIONAL_REPRESENTATION('',(#4920),#4924);
#4920 = LINE('',#4921,#4922);
#4921 = CARTESIAN_POINT('',(5.,0.));
#4922 = VECTOR('',#4923,1.);
#4923 = DIRECTION('',(0.,-1.));
#4924 = ( GEOMETRIC_REPRESENTATION_CONTEXT(2) 
PARAMETRIC_REPRESENTATION_CONTEXT() REPRESENTATION_CONTEXT('2D SPACE',''
  ) );
#4925 = ORIENTED_EDGE('',*,*,#4926,.T.);
#4926 = EDGE_CURVE('',#4899,#3522,#4927,.T.);
#4927 = SURFACE_CURVE('',#4928,(#4933,#4940),.PCURVE_S1.);
#4928 = CIRCLE('',#4929,2.5);
#4929 = AXIS2_PLACEMENT_3D('',#4930,#4931,#4932);
#4930 = CARTESIAN_POINT('',(22.25,16.55,0.8));
#4931 = DIRECTION('',(0.,0.,1.));
#4932 = DIRECTION('',(0.,1.,-0.));
#4933 = PCURVE('',#2324,#4934);
#4934 = DEFINITIONAL_REPRESENTATION('',(#4935),#4939);
#4935 = LINE('',#4936,#4937);
#4936 = CARTESIAN_POINT('',(0.,0.8));
#4937 = VECTOR('',#4938,1.);
#4938 = DIRECTION('',(1.,0.));
#4939 = ( GEOMETRIC_REPRESENTATION_CONTEXT(2) 
PARAMETRIC_REPRESENTATION_CONTEXT() REPRESENTATION_CONTEXT('2D SPACE',''
  ) );
#4940 = PCURVE('',#3626,#4941);
#4941 = DEFINITIONAL_REPRESENTATION('',(#4942),#4946);
#4942 = LINE('',#4943,#4944);
#4943 = CARTESIAN_POINT('',(-0.,0.));
#4944 = VECTOR('',#4945,1.);
#4945 = DIRECTION('',(-1.,0.));
#4946 = ( GEOMETRIC_REPRESENTATION_CONTEXT(2) 
PARAMETRIC_REPRESENTATION_CONTEXT() REPRESENTATION_CONTEXT('2D SPACE',''
  ) );
#4947 = ORIENTED_EDGE('',*,*,#3521,.F.);
#4948 = ORIENTED_EDGE('',*,*,#2309,.T.);
#4949 = ORIENTED_EDGE('',*,*,#4871,.F.);
#4950 = ADVANCED_FACE('',(#4951),#2798,.T.);
#4951 = FACE_BOUND('',#4952,.F.);
#4952 = EDGE_LOOP('',(#4953,#4975,#4976,#4977,#5004));
#4953 = ORIENTED_EDGE('',*,*,#4954,.F.);
#4954 = EDGE_CURVE('',#2703,#4955,#4957,.T.);
#4955 = VERTEX_POINT('',#4956);
#4956 = CARTESIAN_POINT('',(-11.15,16.55,-1.110223024625E-16));
#4957 = SURFACE_CURVE('',#4958,(#4963,#4969),.PCURVE_S1.);
#4958 = CIRCLE('',#4959,0.8);
#4959 = AXIS2_PLACEMENT_3D('',#4960,#4961,#4962);
#4960 = CARTESIAN_POINT('',(-11.15,16.55,0.8));
#4961 = DIRECTION('',(0.,1.,0.));
#4962 = DIRECTION('',(1.,0.,-0.));
#4963 = PCURVE('',#2798,#4964);
#4964 = DEFINITIONAL_REPRESENTATION('',(#4965),#4968);
#4965 = B_SPLINE_CURVE_WITH_KNOTS('',1,(#4966,#4967),.UNSPECIFIED.,.F.,
  .F.,(2,2),(0.,1.570796326795),.PIECEWISE_BEZIER_KNOTS.);
#4966 = CARTESIAN_POINT('',(0.,0.));
#4967 = CARTESIAN_POINT('',(0.,1.570796326795));
#4968 = ( GEOMETRIC_REPRESENTATION_CONTEXT(2) 
PARAMETRIC_REPRESENTATION_CONTEXT() REPRESENTATION_CONTEXT('2D SPACE',''
  ) );
#4969 = PCURVE('',#2717,#4970);
#4970 = DEFINITIONAL_REPRESENTATION('',(#4971),#4974);
#4971 = B_SPLINE_CURVE_WITH_KNOTS('',1,(#4972,#4973),.UNSPECIFIED.,.F.,
  .F.,(2,2),(0.,1.570796326795),.PIECEWISE_BEZIER_KNOTS.);
#4972 = CARTESIAN_POINT('',(0.,12.));
#4973 = CARTESIAN_POINT('',(1.570796326795,12.));
#4974 = ( GEOMETRIC_REPRESENTATION_CONTEXT(2) 
PARAMETRIC_REPRESENTATION_CONTEXT() REPRESENTATION_CONTEXT('2D SPACE',''
  ) );
#4975 = ORIENTED_EDGE('',*,*,#2728,.F.);
#4976 = ORIENTED_EDGE('',*,*,#2874,.T.);
#4977 = ORIENTED_EDGE('',*,*,#4978,.T.);
#4978 = EDGE_CURVE('',#2875,#4979,#4981,.T.);
#4979 = VERTEX_POINT('',#4980);
#4980 = CARTESIAN_POINT('',(-12.85,18.25,0.));
#4981 = SURFACE_CURVE('',#4982,(#4987,#4993),.PCURVE_S1.);
#4982 = CIRCLE('',#4983,0.8);
#4983 = AXIS2_PLACEMENT_3D('',#4984,#4985,#4986);
#4984 = CARTESIAN_POINT('',(-12.85,18.25,0.8));
#4985 = DIRECTION('',(-1.,6.123233995737E-17,0.));
#4986 = DIRECTION('',(6.123233995737E-17,1.,-0.));
#4987 = PCURVE('',#2798,#4988);
#4988 = DEFINITIONAL_REPRESENTATION('',(#4989),#4992);
#4989 = B_SPLINE_CURVE_WITH_KNOTS('',1,(#4990,#4991),.UNSPECIFIED.,.F.,
  .F.,(2,2),(0.,1.570796326795),.PIECEWISE_BEZIER_KNOTS.);
#4990 = CARTESIAN_POINT('',(-1.570796326795,0.));
#4991 = CARTESIAN_POINT('',(-1.570796326795,1.570796326795));
#4992 = ( GEOMETRIC_REPRESENTATION_CONTEXT(2) 
PARAMETRIC_REPRESENTATION_CONTEXT() REPRESENTATION_CONTEXT('2D SPACE',''
  ) );
#4993 = PCURVE('',#4994,#4999);
#4994 = CYLINDRICAL_SURFACE('',#4995,0.8);
#4995 = AXIS2_PLACEMENT_3D('',#4996,#4997,#4998);
#4996 = CARTESIAN_POINT('',(-12.85,18.25,0.8));
#4997 = DIRECTION('',(-1.,0.,0.));
#4998 = DIRECTION('',(0.,1.,-0.));
#4999 = DEFINITIONAL_REPRESENTATION('',(#5000),#5003);
#5000 = B_SPLINE_CURVE_WITH_KNOTS('',1,(#5001,#5002),.UNSPECIFIED.,.F.,
  .F.,(2,2),(0.,1.570796326795),.PIECEWISE_BEZIER_KNOTS.);
#5001 = CARTESIAN_POINT('',(0.,0.));
#5002 = CARTESIAN_POINT('',(1.570796326795,0.));
#5003 = ( GEOMETRIC_REPRESENTATION_CONTEXT(2) 
PARAMETRIC_REPRESENTATION_CONTEXT() REPRESENTATION_CONTEXT('2D SPACE',''
  ) );
#5004 = ORIENTED_EDGE('',*,*,#5005,.F.);
#5005 = EDGE_CURVE('',#4955,#4979,#5006,.T.);
#5006 = SURFACE_CURVE('',#5007,(#5012,#5019),.PCURVE_S1.);
#5007 = CIRCLE('',#5008,1.7);
#5008 = AXIS2_PLACEMENT_3D('',#5009,#5010,#5011);
#5009 = CARTESIAN_POINT('',(-12.85,16.55,0.));
#5010 = DIRECTION('',(0.,0.,1.));
#5011 = DIRECTION('',(1.,0.,-0.));
#5012 = PCURVE('',#2798,#5013);
#5013 = DEFINITIONAL_REPRESENTATION('',(#5014),#5018);
#5014 = LINE('',#5015,#5016);
#5015 = CARTESIAN_POINT('',(-0.,1.570796326795));
#5016 = VECTOR('',#5017,1.);
#5017 = DIRECTION('',(-1.,0.));
#5018 = ( GEOMETRIC_REPRESENTATION_CONTEXT(2) 
PARAMETRIC_REPRESENTATION_CONTEXT() REPRESENTATION_CONTEXT('2D SPACE',''
  ) );
#5019 = PCURVE('',#5020,#5025);
#5020 = PLANE('',#5021);
#5021 = AXIS2_PLACEMENT_3D('',#5022,#5023,#5024);
#5022 = CARTESIAN_POINT('',(-14.1,10.55,0.));
#5023 = DIRECTION('',(0.,0.,1.));
#5024 = DIRECTION('',(1.,0.,-0.));
#5025 = DEFINITIONAL_REPRESENTATION('',(#5026),#5030);
#5026 = CIRCLE('',#5027,1.7);
#5027 = AXIS2_PLACEMENT_2D('',#5028,#5029);
#5028 = CARTESIAN_POINT('',(1.25,6.));
#5029 = DIRECTION('',(1.,0.));
#5030 = ( GEOMETRIC_REPRESENTATION_CONTEXT(2) 
PARAMETRIC_REPRESENTATION_CONTEXT() REPRESENTATION_CONTEXT('2D SPACE',''
  ) );
#5031 = ADVANCED_FACE('',(#5032),#2717,.T.);
#5032 = FACE_BOUND('',#5033,.T.);
#5033 = EDGE_LOOP('',(#5034,#5035,#5057,#5078));
#5034 = ORIENTED_EDGE('',*,*,#2702,.T.);
#5035 = ORIENTED_EDGE('',*,*,#5036,.T.);
#5036 = EDGE_CURVE('',#2594,#5037,#5039,.T.);
#5037 = VERTEX_POINT('',#5038);
#5038 = CARTESIAN_POINT('',(-11.15,4.55,0.));
#5039 = SURFACE_CURVE('',#5040,(#5045,#5051),.PCURVE_S1.);
#5040 = CIRCLE('',#5041,0.8);
#5041 = AXIS2_PLACEMENT_3D('',#5042,#5043,#5044);
#5042 = CARTESIAN_POINT('',(-11.15,4.55,0.8));
#5043 = DIRECTION('',(6.123233995737E-17,1.,0.));
#5044 = DIRECTION('',(1.,-6.123233995737E-17,0.));
#5045 = PCURVE('',#2717,#5046);
#5046 = DEFINITIONAL_REPRESENTATION('',(#5047),#5050);
#5047 = B_SPLINE_CURVE_WITH_KNOTS('',1,(#5048,#5049),.UNSPECIFIED.,.F.,
  .F.,(2,2),(0.,1.570796326795),.PIECEWISE_BEZIER_KNOTS.);
#5048 = CARTESIAN_POINT('',(0.,0.));
#5049 = CARTESIAN_POINT('',(1.570796326795,0.));
#5050 = ( GEOMETRIC_REPRESENTATION_CONTEXT(2) 
PARAMETRIC_REPRESENTATION_CONTEXT() REPRESENTATION_CONTEXT('2D SPACE',''
  ) );
#5051 = PCURVE('',#2663,#5052);
#5052 = DEFINITIONAL_REPRESENTATION('',(#5053),#5056);
#5053 = B_SPLINE_CURVE_WITH_KNOTS('',1,(#5054,#5055),.UNSPECIFIED.,.F.,
  .F.,(2,2),(0.,1.570796326795),.PIECEWISE_BEZIER_KNOTS.);
#5054 = CARTESIAN_POINT('',(-1.570796326795,0.));
#5055 = CARTESIAN_POINT('',(-1.570796326795,1.570796326795));
#5056 = ( GEOMETRIC_REPRESENTATION_CONTEXT(2) 
PARAMETRIC_REPRESENTATION_CONTEXT() REPRESENTATION_CONTEXT('2D SPACE',''
  ) );
#5057 = ORIENTED_EDGE('',*,*,#5058,.T.);
#5058 = EDGE_CURVE('',#5037,#4955,#5059,.T.);
#5059 = SURFACE_CURVE('',#5060,(#5064,#5071),.PCURVE_S1.);
#5060 = LINE('',#5061,#5062);
#5061 = CARTESIAN_POINT('',(-11.15,4.55,-1.110223024625E-16));
#5062 = VECTOR('',#5063,1.);
#5063 = DIRECTION('',(0.,1.,0.));
#5064 = PCURVE('',#2717,#5065);
#5065 = DEFINITIONAL_REPRESENTATION('',(#5066),#5070);
#5066 = LINE('',#5067,#5068);
#5067 = CARTESIAN_POINT('',(1.570796326795,0.));
#5068 = VECTOR('',#5069,1.);
#5069 = DIRECTION('',(0.,1.));
#5070 = ( GEOMETRIC_REPRESENTATION_CONTEXT(2) 
PARAMETRIC_REPRESENTATION_CONTEXT() REPRESENTATION_CONTEXT('2D SPACE',''
  ) );
#5071 = PCURVE('',#5020,#5072);
#5072 = DEFINITIONAL_REPRESENTATION('',(#5073),#5077);
#5073 = LINE('',#5074,#5075);
#5074 = CARTESIAN_POINT('',(2.95,-6.));
#5075 = VECTOR('',#5076,1.);
#5076 = DIRECTION('',(0.,1.));
#5077 = ( GEOMETRIC_REPRESENTATION_CONTEXT(2) 
PARAMETRIC_REPRESENTATION_CONTEXT() REPRESENTATION_CONTEXT('2D SPACE',''
  ) );
#5078 = ORIENTED_EDGE('',*,*,#4954,.F.);
#5079 = ADVANCED_FACE('',(#5080),#2663,.T.);
#5080 = FACE_BOUND('',#5081,.F.);
#5081 = EDGE_LOOP('',(#5082,#5109,#5110,#5111,#5112));
#5082 = ORIENTED_EDGE('',*,*,#5083,.F.);
#5083 = EDGE_CURVE('',#3442,#5084,#5086,.T.);
#5084 = VERTEX_POINT('',#5085);
#5085 = CARTESIAN_POINT('',(-12.85,2.85,-1.110223024625E-16));
#5086 = SURFACE_CURVE('',#5087,(#5092,#5098),.PCURVE_S1.);
#5087 = CIRCLE('',#5088,0.8);
#5088 = AXIS2_PLACEMENT_3D('',#5089,#5090,#5091);
#5089 = CARTESIAN_POINT('',(-12.85,2.85,0.8));
#5090 = DIRECTION('',(1.,0.,0.));
#5091 = DIRECTION('',(0.,-1.,-0.));
#5092 = PCURVE('',#2663,#5093);
#5093 = DEFINITIONAL_REPRESENTATION('',(#5094),#5097);
#5094 = B_SPLINE_CURVE_WITH_KNOTS('',1,(#5095,#5096),.UNSPECIFIED.,.F.,
  .F.,(2,2),(0.,1.570796326795),.PIECEWISE_BEZIER_KNOTS.);
#5095 = CARTESIAN_POINT('',(0.,0.));
#5096 = CARTESIAN_POINT('',(0.,1.570796326795));
#5097 = ( GEOMETRIC_REPRESENTATION_CONTEXT(2) 
PARAMETRIC_REPRESENTATION_CONTEXT() REPRESENTATION_CONTEXT('2D SPACE',''
  ) );
#5098 = PCURVE('',#5099,#5104);
#5099 = CYLINDRICAL_SURFACE('',#5100,0.8);
#5100 = AXIS2_PLACEMENT_3D('',#5101,#5102,#5103);
#5101 = CARTESIAN_POINT('',(-15.35,2.85,0.8));
#5102 = DIRECTION('',(1.,0.,0.));
#5103 = DIRECTION('',(0.,-1.,-0.));
#5104 = DEFINITIONAL_REPRESENTATION('',(#5105),#5108);
#5105 = B_SPLINE_CURVE_WITH_KNOTS('',1,(#5106,#5107),.UNSPECIFIED.,.F.,
  .F.,(2,2),(0.,1.570796326795),.PIECEWISE_BEZIER_KNOTS.);
#5106 = CARTESIAN_POINT('',(0.,2.5));
#5107 = CARTESIAN_POINT('',(1.570796326795,2.5));
#5108 = ( GEOMETRIC_REPRESENTATION_CONTEXT(2) 
PARAMETRIC_REPRESENTATION_CONTEXT() REPRESENTATION_CONTEXT('2D SPACE',''
  ) );
#5109 = ORIENTED_EDGE('',*,*,#3469,.T.);
#5110 = ORIENTED_EDGE('',*,*,#2593,.T.);
#5111 = ORIENTED_EDGE('',*,*,#5036,.T.);
#5112 = ORIENTED_EDGE('',*,*,#5113,.F.);
#5113 = EDGE_CURVE('',#5084,#5037,#5114,.T.);
#5114 = SURFACE_CURVE('',#5115,(#5120,#5127),.PCURVE_S1.);
#5115 = CIRCLE('',#5116,1.7);
#5116 = AXIS2_PLACEMENT_3D('',#5117,#5118,#5119);
#5117 = CARTESIAN_POINT('',(-12.85,4.55,0.));
#5118 = DIRECTION('',(0.,0.,1.));
#5119 = DIRECTION('',(0.,-1.,0.));
#5120 = PCURVE('',#2663,#5121);
#5121 = DEFINITIONAL_REPRESENTATION('',(#5122),#5126);
#5122 = LINE('',#5123,#5124);
#5123 = CARTESIAN_POINT('',(-0.,1.570796326795));
#5124 = VECTOR('',#5125,1.);
#5125 = DIRECTION('',(-1.,0.));
#5126 = ( GEOMETRIC_REPRESENTATION_CONTEXT(2) 
PARAMETRIC_REPRESENTATION_CONTEXT() REPRESENTATION_CONTEXT('2D SPACE',''
  ) );
#5127 = PCURVE('',#5020,#5128);
#5128 = DEFINITIONAL_REPRESENTATION('',(#5129),#5133);
#5129 = CIRCLE('',#5130,1.7);
#5130 = AXIS2_PLACEMENT_2D('',#5131,#5132);
#5131 = CARTESIAN_POINT('',(1.25,-6.));
#5132 = DIRECTION('',(0.,-1.));
#5133 = ( GEOMETRIC_REPRESENTATION_CONTEXT(2) 
PARAMETRIC_REPRESENTATION_CONTEXT() REPRESENTATION_CONTEXT('2D SPACE',''
  ) );
#5134 = ADVANCED_FACE('',(#5135),#2914,.F.);
#5135 = FACE_BOUND('',#5136,.F.);
#5136 = EDGE_LOOP('',(#5137,#5138,#5161,#5189));
#5137 = ORIENTED_EDGE('',*,*,#2898,.T.);
#5138 = ORIENTED_EDGE('',*,*,#5139,.T.);
#5139 = EDGE_CURVE('',#2899,#5140,#5142,.T.);
#5140 = VERTEX_POINT('',#5141);
#5141 = CARTESIAN_POINT('',(-15.35,19.05,1.6));
#5142 = SURFACE_CURVE('',#5143,(#5147,#5154),.PCURVE_S1.);
#5143 = LINE('',#5144,#5145);
#5144 = CARTESIAN_POINT('',(-12.85,19.05,1.6));
#5145 = VECTOR('',#5146,1.);
#5146 = DIRECTION('',(-1.,0.,0.));
#5147 = PCURVE('',#2914,#5148);
#5148 = DEFINITIONAL_REPRESENTATION('',(#5149),#5153);
#5149 = LINE('',#5150,#5151);
#5150 = CARTESIAN_POINT('',(2.5,-1.6));
#5151 = VECTOR('',#5152,1.);
#5152 = DIRECTION('',(1.,0.));
#5153 = ( GEOMETRIC_REPRESENTATION_CONTEXT(2) 
PARAMETRIC_REPRESENTATION_CONTEXT() REPRESENTATION_CONTEXT('2D SPACE',''
  ) );
#5154 = PCURVE('',#2970,#5155);
#5155 = DEFINITIONAL_REPRESENTATION('',(#5156),#5160);
#5156 = LINE('',#5157,#5158);
#5157 = CARTESIAN_POINT('',(-0.,0.));
#5158 = VECTOR('',#5159,1.);
#5159 = DIRECTION('',(-0.,1.));
#5160 = ( GEOMETRIC_REPRESENTATION_CONTEXT(2) 
PARAMETRIC_REPRESENTATION_CONTEXT() REPRESENTATION_CONTEXT('2D SPACE',''
  ) );
#5161 = ORIENTED_EDGE('',*,*,#5162,.F.);
#5162 = EDGE_CURVE('',#5163,#5140,#5165,.T.);
#5163 = VERTEX_POINT('',#5164);
#5164 = CARTESIAN_POINT('',(-15.35,19.05,0.8));
#5165 = SURFACE_CURVE('',#5166,(#5170,#5177),.PCURVE_S1.);
#5166 = LINE('',#5167,#5168);
#5167 = CARTESIAN_POINT('',(-15.35,19.05,0.));
#5168 = VECTOR('',#5169,1.);
#5169 = DIRECTION('',(0.,0.,1.));
#5170 = PCURVE('',#2914,#5171);
#5171 = DEFINITIONAL_REPRESENTATION('',(#5172),#5176);
#5172 = LINE('',#5173,#5174);
#5173 = CARTESIAN_POINT('',(5.,0.));
#5174 = VECTOR('',#5175,1.);
#5175 = DIRECTION('',(0.,-1.));
#5176 = ( GEOMETRIC_REPRESENTATION_CONTEXT(2) 
PARAMETRIC_REPRESENTATION_CONTEXT() REPRESENTATION_CONTEXT('2D SPACE',''
  ) );
#5177 = PCURVE('',#5178,#5183);
#5178 = CYLINDRICAL_SURFACE('',#5179,2.5);
#5179 = AXIS2_PLACEMENT_3D('',#5180,#5181,#5182);
#5180 = CARTESIAN_POINT('',(-15.35,16.55,0.));
#5181 = DIRECTION('',(0.,0.,1.));
#5182 = DIRECTION('',(-0.,1.,0.));
#5183 = DEFINITIONAL_REPRESENTATION('',(#5184),#5188);
#5184 = LINE('',#5185,#5186);
#5185 = CARTESIAN_POINT('',(0.,0.));
#5186 = VECTOR('',#5187,1.);
#5187 = DIRECTION('',(0.,1.));
#5188 = ( GEOMETRIC_REPRESENTATION_CONTEXT(2) 
PARAMETRIC_REPRESENTATION_CONTEXT() REPRESENTATION_CONTEXT('2D SPACE',''
  ) );
#5189 = ORIENTED_EDGE('',*,*,#5190,.F.);
#5190 = EDGE_CURVE('',#2875,#5163,#5191,.T.);
#5191 = SURFACE_CURVE('',#5192,(#5196,#5203),.PCURVE_S1.);
#5192 = LINE('',#5193,#5194);
#5193 = CARTESIAN_POINT('',(-12.85,19.05,0.8));
#5194 = VECTOR('',#5195,1.);
#5195 = DIRECTION('',(-1.,0.,0.));
#5196 = PCURVE('',#2914,#5197);
#5197 = DEFINITIONAL_REPRESENTATION('',(#5198),#5202);
#5198 = LINE('',#5199,#5200);
#5199 = CARTESIAN_POINT('',(2.5,-0.8));
#5200 = VECTOR('',#5201,1.);
#5201 = DIRECTION('',(1.,0.));
#5202 = ( GEOMETRIC_REPRESENTATION_CONTEXT(2) 
PARAMETRIC_REPRESENTATION_CONTEXT() REPRESENTATION_CONTEXT('2D SPACE',''
  ) );
#5203 = PCURVE('',#4994,#5204);
#5204 = DEFINITIONAL_REPRESENTATION('',(#5205),#5209);
#5205 = LINE('',#5206,#5207);
#5206 = CARTESIAN_POINT('',(0.,0.));
#5207 = VECTOR('',#5208,1.);
#5208 = DIRECTION('',(0.,1.));
#5209 = ( GEOMETRIC_REPRESENTATION_CONTEXT(2) 
PARAMETRIC_REPRESENTATION_CONTEXT() REPRESENTATION_CONTEXT('2D SPACE',''
  ) );
#5210 = ADVANCED_FACE('',(#5211),#2970,.T.);
#5211 = FACE_BOUND('',#5212,.F.);
#5212 = EDGE_LOOP('',(#5213,#5214,#5215,#5235));
#5213 = ORIENTED_EDGE('',*,*,#2954,.T.);
#5214 = ORIENTED_EDGE('',*,*,#3089,.T.);
#5215 = ORIENTED_EDGE('',*,*,#5216,.F.);
#5216 = EDGE_CURVE('',#5140,#3090,#5217,.T.);
#5217 = SURFACE_CURVE('',#5218,(#5223,#5229),.PCURVE_S1.);
#5218 = CIRCLE('',#5219,0.8);
#5219 = AXIS2_PLACEMENT_3D('',#5220,#5221,#5222);
#5220 = CARTESIAN_POINT('',(-15.35,18.25,1.6));
#5221 = DIRECTION('',(1.,0.,-0.));
#5222 = DIRECTION('',(0.,1.,0.));
#5223 = PCURVE('',#2970,#5224);
#5224 = DEFINITIONAL_REPRESENTATION('',(#5225),#5228);
#5225 = B_SPLINE_CURVE_WITH_KNOTS('',1,(#5226,#5227),.UNSPECIFIED.,.F.,
  .F.,(2,2),(0.,1.570796326795),.PIECEWISE_BEZIER_KNOTS.);
#5226 = CARTESIAN_POINT('',(0.,2.5));
#5227 = CARTESIAN_POINT('',(-1.570796326795,2.5));
#5228 = ( GEOMETRIC_REPRESENTATION_CONTEXT(2) 
PARAMETRIC_REPRESENTATION_CONTEXT() REPRESENTATION_CONTEXT('2D SPACE',''
  ) );
#5229 = PCURVE('',#3129,#5230);
#5230 = DEFINITIONAL_REPRESENTATION('',(#5231),#5234);
#5231 = B_SPLINE_CURVE_WITH_KNOTS('',1,(#5232,#5233),.UNSPECIFIED.,.F.,
  .F.,(2,2),(0.,1.570796326795),.PIECEWISE_BEZIER_KNOTS.);
#5232 = CARTESIAN_POINT('',(0.,0.));
#5233 = CARTESIAN_POINT('',(0.,1.570796326795));
#5234 = ( GEOMETRIC_REPRESENTATION_CONTEXT(2) 
PARAMETRIC_REPRESENTATION_CONTEXT() REPRESENTATION_CONTEXT('2D SPACE',''
  ) );
#5235 = ORIENTED_EDGE('',*,*,#5139,.F.);
#5236 = ADVANCED_FACE('',(#5237),#3025,.T.);
#5237 = FACE_BOUND('',#5238,.T.);
#5238 = EDGE_LOOP('',(#5239,#5261,#5290,#5310));
#5239 = ORIENTED_EDGE('',*,*,#5240,.F.);
#5240 = EDGE_CURVE('',#5241,#3007,#5243,.T.);
#5241 = VERTEX_POINT('',#5242);
#5242 = CARTESIAN_POINT('',(-17.85,4.55,1.6));
#5243 = SURFACE_CURVE('',#5244,(#5249,#5255),.PCURVE_S1.);
#5244 = CIRCLE('',#5245,0.8);
#5245 = AXIS2_PLACEMENT_3D('',#5246,#5247,#5248);
#5246 = CARTESIAN_POINT('',(-17.05,4.55,1.6));
#5247 = DIRECTION('',(-0.,1.,0.));
#5248 = DIRECTION('',(-1.,-0.,0.));
#5249 = PCURVE('',#3025,#5250);
#5250 = DEFINITIONAL_REPRESENTATION('',(#5251),#5254);
#5251 = B_SPLINE_CURVE_WITH_KNOTS('',1,(#5252,#5253),.UNSPECIFIED.,.F.,
  .F.,(2,2),(0.,1.570796326795),.PIECEWISE_BEZIER_KNOTS.);
#5252 = CARTESIAN_POINT('',(0.,0.));
#5253 = CARTESIAN_POINT('',(0.,1.570796326795));
#5254 = ( GEOMETRIC_REPRESENTATION_CONTEXT(2) 
PARAMETRIC_REPRESENTATION_CONTEXT() REPRESENTATION_CONTEXT('2D SPACE',''
  ) );
#5255 = PCURVE('',#3155,#5256);
#5256 = DEFINITIONAL_REPRESENTATION('',(#5257),#5260);
#5257 = B_SPLINE_CURVE_WITH_KNOTS('',1,(#5258,#5259),.UNSPECIFIED.,.F.,
  .F.,(2,2),(0.,1.570796326795),.PIECEWISE_BEZIER_KNOTS.);
#5258 = CARTESIAN_POINT('',(0.,12.));
#5259 = CARTESIAN_POINT('',(-1.570796326795,12.));
#5260 = ( GEOMETRIC_REPRESENTATION_CONTEXT(2) 
PARAMETRIC_REPRESENTATION_CONTEXT() REPRESENTATION_CONTEXT('2D SPACE',''
  ) );
#5261 = ORIENTED_EDGE('',*,*,#5262,.T.);
#5262 = EDGE_CURVE('',#5241,#5263,#5265,.T.);
#5263 = VERTEX_POINT('',#5264);
#5264 = CARTESIAN_POINT('',(-15.35,2.05,1.6));
#5265 = SURFACE_CURVE('',#5266,(#5271,#5278),.PCURVE_S1.);
#5266 = CIRCLE('',#5267,2.5);
#5267 = AXIS2_PLACEMENT_3D('',#5268,#5269,#5270);
#5268 = CARTESIAN_POINT('',(-15.35,4.55,1.6));
#5269 = DIRECTION('',(0.,0.,1.));
#5270 = DIRECTION('',(-1.,0.,0.));
#5271 = PCURVE('',#3025,#5272);
#5272 = DEFINITIONAL_REPRESENTATION('',(#5273),#5277);
#5273 = LINE('',#5274,#5275);
#5274 = CARTESIAN_POINT('',(0.,0.));
#5275 = VECTOR('',#5276,1.);
#5276 = DIRECTION('',(1.,0.));
#5277 = ( GEOMETRIC_REPRESENTATION_CONTEXT(2) 
PARAMETRIC_REPRESENTATION_CONTEXT() REPRESENTATION_CONTEXT('2D SPACE',''
  ) );
#5278 = PCURVE('',#5279,#5284);
#5279 = CYLINDRICAL_SURFACE('',#5280,2.5);
#5280 = AXIS2_PLACEMENT_3D('',#5281,#5282,#5283);
#5281 = CARTESIAN_POINT('',(-15.35,4.55,0.));
#5282 = DIRECTION('',(0.,0.,1.));
#5283 = DIRECTION('',(0.,-1.,0.));
#5284 = DEFINITIONAL_REPRESENTATION('',(#5285),#5289);
#5285 = LINE('',#5286,#5287);
#5286 = CARTESIAN_POINT('',(-1.570796326795,1.6));
#5287 = VECTOR('',#5288,1.);
#5288 = DIRECTION('',(1.,-0.));
#5289 = ( GEOMETRIC_REPRESENTATION_CONTEXT(2) 
PARAMETRIC_REPRESENTATION_CONTEXT() REPRESENTATION_CONTEXT('2D SPACE',''
  ) );
#5290 = ORIENTED_EDGE('',*,*,#5291,.T.);
#5291 = EDGE_CURVE('',#5263,#3009,#5292,.T.);
#5292 = SURFACE_CURVE('',#5293,(#5298,#5304),.PCURVE_S1.);
#5293 = CIRCLE('',#5294,0.8);
#5294 = AXIS2_PLACEMENT_3D('',#5295,#5296,#5297);
#5295 = CARTESIAN_POINT('',(-15.35,2.85,1.6));
#5296 = DIRECTION('',(-1.,-0.,0.));
#5297 = DIRECTION('',(0.,-1.,0.));
#5298 = PCURVE('',#3025,#5299);
#5299 = DEFINITIONAL_REPRESENTATION('',(#5300),#5303);
#5300 = B_SPLINE_CURVE_WITH_KNOTS('',1,(#5301,#5302),.UNSPECIFIED.,.F.,
  .F.,(2,2),(0.,1.570796326795),.PIECEWISE_BEZIER_KNOTS.);
#5301 = CARTESIAN_POINT('',(1.570796326795,0.));
#5302 = CARTESIAN_POINT('',(1.570796326795,1.570796326795));
#5303 = ( GEOMETRIC_REPRESENTATION_CONTEXT(2) 
PARAMETRIC_REPRESENTATION_CONTEXT() REPRESENTATION_CONTEXT('2D SPACE',''
  ) );
#5304 = PCURVE('',#3053,#5305);
#5305 = DEFINITIONAL_REPRESENTATION('',(#5306),#5309);
#5306 = B_SPLINE_CURVE_WITH_KNOTS('',1,(#5307,#5308),.UNSPECIFIED.,.F.,
  .F.,(2,2),(0.,1.570796326795),.PIECEWISE_BEZIER_KNOTS.);
#5307 = CARTESIAN_POINT('',(0.,0.));
#5308 = CARTESIAN_POINT('',(-1.570796326795,0.));
#5309 = ( GEOMETRIC_REPRESENTATION_CONTEXT(2) 
PARAMETRIC_REPRESENTATION_CONTEXT() REPRESENTATION_CONTEXT('2D SPACE',''
  ) );
#5310 = ORIENTED_EDGE('',*,*,#3006,.F.);
#5311 = ADVANCED_FACE('',(#5312),#3155,.T.);
#5312 = FACE_BOUND('',#5313,.F.);
#5313 = EDGE_LOOP('',(#5314,#5336,#5337,#5338));
#5314 = ORIENTED_EDGE('',*,*,#5315,.T.);
#5315 = EDGE_CURVE('',#5316,#3113,#5318,.T.);
#5316 = VERTEX_POINT('',#5317);
#5317 = CARTESIAN_POINT('',(-17.85,16.55,1.6));
#5318 = SURFACE_CURVE('',#5319,(#5324,#5330),.PCURVE_S1.);
#5319 = CIRCLE('',#5320,0.8);
#5320 = AXIS2_PLACEMENT_3D('',#5321,#5322,#5323);
#5321 = CARTESIAN_POINT('',(-17.05,16.55,1.6));
#5322 = DIRECTION('',(6.123233995737E-17,1.,-0.));
#5323 = DIRECTION('',(-1.,6.123233995737E-17,0.));
#5324 = PCURVE('',#3155,#5325);
#5325 = DEFINITIONAL_REPRESENTATION('',(#5326),#5329);
#5326 = B_SPLINE_CURVE_WITH_KNOTS('',1,(#5327,#5328),.UNSPECIFIED.,.F.,
  .F.,(2,2),(0.,1.570796326795),.PIECEWISE_BEZIER_KNOTS.);
#5327 = CARTESIAN_POINT('',(0.,0.));
#5328 = CARTESIAN_POINT('',(-1.570796326795,0.));
#5329 = ( GEOMETRIC_REPRESENTATION_CONTEXT(2) 
PARAMETRIC_REPRESENTATION_CONTEXT() REPRESENTATION_CONTEXT('2D SPACE',''
  ) );
#5330 = PCURVE('',#3129,#5331);
#5331 = DEFINITIONAL_REPRESENTATION('',(#5332),#5335);
#5332 = B_SPLINE_CURVE_WITH_KNOTS('',1,(#5333,#5334),.UNSPECIFIED.,.F.,
  .F.,(2,2),(0.,1.570796326795),.PIECEWISE_BEZIER_KNOTS.);
#5333 = CARTESIAN_POINT('',(1.570796326795,0.));
#5334 = CARTESIAN_POINT('',(1.570796326795,1.570796326795));
#5335 = ( GEOMETRIC_REPRESENTATION_CONTEXT(2) 
PARAMETRIC_REPRESENTATION_CONTEXT() REPRESENTATION_CONTEXT('2D SPACE',''
  ) );
#5336 = ORIENTED_EDGE('',*,*,#3141,.T.);
#5337 = ORIENTED_EDGE('',*,*,#5240,.F.);
#5338 = ORIENTED_EDGE('',*,*,#5339,.F.);
#5339 = EDGE_CURVE('',#5316,#5241,#5340,.T.);
#5340 = SURFACE_CURVE('',#5341,(#5345,#5352),.PCURVE_S1.);
#5341 = LINE('',#5342,#5343);
#5342 = CARTESIAN_POINT('',(-17.85,16.55,1.6));
#5343 = VECTOR('',#5344,1.);
#5344 = DIRECTION('',(0.,-1.,0.));
#5345 = PCURVE('',#3155,#5346);
#5346 = DEFINITIONAL_REPRESENTATION('',(#5347),#5351);
#5347 = LINE('',#5348,#5349);
#5348 = CARTESIAN_POINT('',(-0.,0.));
#5349 = VECTOR('',#5350,1.);
#5350 = DIRECTION('',(-0.,1.));
#5351 = ( GEOMETRIC_REPRESENTATION_CONTEXT(2) 
PARAMETRIC_REPRESENTATION_CONTEXT() REPRESENTATION_CONTEXT('2D SPACE',''
  ) );
#5352 = PCURVE('',#5353,#5358);
#5353 = PLANE('',#5354);
#5354 = AXIS2_PLACEMENT_3D('',#5355,#5356,#5357);
#5355 = CARTESIAN_POINT('',(-17.85,19.05,0.));
#5356 = DIRECTION('',(1.,0.,-0.));
#5357 = DIRECTION('',(0.,-1.,0.));
#5358 = DEFINITIONAL_REPRESENTATION('',(#5359),#5363);
#5359 = LINE('',#5360,#5361);
#5360 = CARTESIAN_POINT('',(2.5,-1.6));
#5361 = VECTOR('',#5362,1.);
#5362 = DIRECTION('',(1.,0.));
#5363 = ( GEOMETRIC_REPRESENTATION_CONTEXT(2) 
PARAMETRIC_REPRESENTATION_CONTEXT() REPRESENTATION_CONTEXT('2D SPACE',''
  ) );
#5364 = ADVANCED_FACE('',(#5365),#3129,.T.);
#5365 = FACE_BOUND('',#5366,.T.);
#5366 = EDGE_LOOP('',(#5367,#5368,#5390,#5391));
#5367 = ORIENTED_EDGE('',*,*,#5216,.F.);
#5368 = ORIENTED_EDGE('',*,*,#5369,.T.);
#5369 = EDGE_CURVE('',#5140,#5316,#5370,.T.);
#5370 = SURFACE_CURVE('',#5371,(#5376,#5383),.PCURVE_S1.);
#5371 = CIRCLE('',#5372,2.5);
#5372 = AXIS2_PLACEMENT_3D('',#5373,#5374,#5375);
#5373 = CARTESIAN_POINT('',(-15.35,16.55,1.6));
#5374 = DIRECTION('',(0.,0.,1.));
#5375 = DIRECTION('',(0.,1.,-0.));
#5376 = PCURVE('',#3129,#5377);
#5377 = DEFINITIONAL_REPRESENTATION('',(#5378),#5382);
#5378 = LINE('',#5379,#5380);
#5379 = CARTESIAN_POINT('',(0.,0.));
#5380 = VECTOR('',#5381,1.);
#5381 = DIRECTION('',(1.,0.));
#5382 = ( GEOMETRIC_REPRESENTATION_CONTEXT(2) 
PARAMETRIC_REPRESENTATION_CONTEXT() REPRESENTATION_CONTEXT('2D SPACE',''
  ) );
#5383 = PCURVE('',#5178,#5384);
#5384 = DEFINITIONAL_REPRESENTATION('',(#5385),#5389);
#5385 = LINE('',#5386,#5387);
#5386 = CARTESIAN_POINT('',(0.,1.6));
#5387 = VECTOR('',#5388,1.);
#5388 = DIRECTION('',(1.,0.));
#5389 = ( GEOMETRIC_REPRESENTATION_CONTEXT(2) 
PARAMETRIC_REPRESENTATION_CONTEXT() REPRESENTATION_CONTEXT('2D SPACE',''
  ) );
#5390 = ORIENTED_EDGE('',*,*,#5315,.T.);
#5391 = ORIENTED_EDGE('',*,*,#3112,.F.);
#5392 = ADVANCED_FACE('',(#5393),#3053,.T.);
#5393 = FACE_BOUND('',#5394,.F.);
#5394 = EDGE_LOOP('',(#5395,#5396,#5397,#5398));
#5395 = ORIENTED_EDGE('',*,*,#5291,.T.);
#5396 = ORIENTED_EDGE('',*,*,#3037,.T.);
#5397 = ORIENTED_EDGE('',*,*,#3392,.F.);
#5398 = ORIENTED_EDGE('',*,*,#5399,.F.);
#5399 = EDGE_CURVE('',#5263,#3393,#5400,.T.);
#5400 = SURFACE_CURVE('',#5401,(#5405,#5412),.PCURVE_S1.);
#5401 = LINE('',#5402,#5403);
#5402 = CARTESIAN_POINT('',(-15.35,2.05,1.6));
#5403 = VECTOR('',#5404,1.);
#5404 = DIRECTION('',(1.,0.,0.));
#5405 = PCURVE('',#3053,#5406);
#5406 = DEFINITIONAL_REPRESENTATION('',(#5407),#5411);
#5407 = LINE('',#5408,#5409);
#5408 = CARTESIAN_POINT('',(-0.,0.));
#5409 = VECTOR('',#5410,1.);
#5410 = DIRECTION('',(-0.,1.));
#5411 = ( GEOMETRIC_REPRESENTATION_CONTEXT(2) 
PARAMETRIC_REPRESENTATION_CONTEXT() REPRESENTATION_CONTEXT('2D SPACE',''
  ) );
#5412 = PCURVE('',#3457,#5413);
#5413 = DEFINITIONAL_REPRESENTATION('',(#5414),#5418);
#5414 = LINE('',#5415,#5416);
#5415 = CARTESIAN_POINT('',(2.5,-1.6));
#5416 = VECTOR('',#5417,1.);
#5417 = DIRECTION('',(1.,0.));
#5418 = ( GEOMETRIC_REPRESENTATION_CONTEXT(2) 
PARAMETRIC_REPRESENTATION_CONTEXT() REPRESENTATION_CONTEXT('2D SPACE',''
  ) );
#5419 = ADVANCED_FACE('',(#5420),#3188,.F.);
#5420 = FACE_BOUND('',#5421,.F.);
#5421 = EDGE_LOOP('',(#5422,#5445,#5469,#5490));
#5422 = ORIENTED_EDGE('',*,*,#5423,.F.);
#5423 = EDGE_CURVE('',#5424,#3170,#5426,.T.);
#5424 = VERTEX_POINT('',#5425);
#5425 = CARTESIAN_POINT('',(-14.05,4.8,0.));
#5426 = SURFACE_CURVE('',#5427,(#5431,#5438),.PCURVE_S1.);
#5427 = LINE('',#5428,#5429);
#5428 = CARTESIAN_POINT('',(-14.05,4.8,-1.));
#5429 = VECTOR('',#5430,1.);
#5430 = DIRECTION('',(0.,0.,1.));
#5431 = PCURVE('',#3188,#5432);
#5432 = DEFINITIONAL_REPRESENTATION('',(#5433),#5437);
#5433 = LINE('',#5434,#5435);
#5434 = CARTESIAN_POINT('',(0.,0.));
#5435 = VECTOR('',#5436,1.);
#5436 = DIRECTION('',(0.,1.));
#5437 = ( GEOMETRIC_REPRESENTATION_CONTEXT(2) 
PARAMETRIC_REPRESENTATION_CONTEXT() REPRESENTATION_CONTEXT('2D SPACE',''
  ) );
#5438 = PCURVE('',#3215,#5439);
#5439 = DEFINITIONAL_REPRESENTATION('',(#5440),#5444);
#5440 = LINE('',#5441,#5442);
#5441 = CARTESIAN_POINT('',(1.6,0.));
#5442 = VECTOR('',#5443,1.);
#5443 = DIRECTION('',(0.,-1.));
#5444 = ( GEOMETRIC_REPRESENTATION_CONTEXT(2) 
PARAMETRIC_REPRESENTATION_CONTEXT() REPRESENTATION_CONTEXT('2D SPACE',''
  ) );
#5445 = ORIENTED_EDGE('',*,*,#5446,.T.);
#5446 = EDGE_CURVE('',#5424,#5447,#5449,.T.);
#5447 = VERTEX_POINT('',#5448);
#5448 = CARTESIAN_POINT('',(-13.05,5.8,0.));
#5449 = SURFACE_CURVE('',#5450,(#5455,#5462),.PCURVE_S1.);
#5450 = CIRCLE('',#5451,1.);
#5451 = AXIS2_PLACEMENT_3D('',#5452,#5453,#5454);
#5452 = CARTESIAN_POINT('',(-14.05,5.8,0.));
#5453 = DIRECTION('',(0.,0.,1.));
#5454 = DIRECTION('',(0.,-1.,0.));
#5455 = PCURVE('',#3188,#5456);
#5456 = DEFINITIONAL_REPRESENTATION('',(#5457),#5461);
#5457 = LINE('',#5458,#5459);
#5458 = CARTESIAN_POINT('',(0.,1.));
#5459 = VECTOR('',#5460,1.);
#5460 = DIRECTION('',(1.,0.));
#5461 = ( GEOMETRIC_REPRESENTATION_CONTEXT(2) 
PARAMETRIC_REPRESENTATION_CONTEXT() REPRESENTATION_CONTEXT('2D SPACE',''
  ) );
#5462 = PCURVE('',#5020,#5463);
#5463 = DEFINITIONAL_REPRESENTATION('',(#5464),#5468);
#5464 = CIRCLE('',#5465,1.);
#5465 = AXIS2_PLACEMENT_2D('',#5466,#5467);
#5466 = CARTESIAN_POINT('',(5.E-02,-4.75));
#5467 = DIRECTION('',(0.,-1.));
#5468 = ( GEOMETRIC_REPRESENTATION_CONTEXT(2) 
PARAMETRIC_REPRESENTATION_CONTEXT() REPRESENTATION_CONTEXT('2D SPACE',''
  ) );
#5469 = ORIENTED_EDGE('',*,*,#5470,.T.);
#5470 = EDGE_CURVE('',#5447,#3172,#5471,.T.);
#5471 = SURFACE_CURVE('',#5472,(#5476,#5483),.PCURVE_S1.);
#5472 = LINE('',#5473,#5474);
#5473 = CARTESIAN_POINT('',(-13.05,5.8,-1.));
#5474 = VECTOR('',#5475,1.);
#5475 = DIRECTION('',(0.,0.,1.));
#5476 = PCURVE('',#3188,#5477);
#5477 = DEFINITIONAL_REPRESENTATION('',(#5478),#5482);
#5478 = LINE('',#5479,#5480);
#5479 = CARTESIAN_POINT('',(1.570796326795,0.));
#5480 = VECTOR('',#5481,1.);
#5481 = DIRECTION('',(0.,1.));
#5482 = ( GEOMETRIC_REPRESENTATION_CONTEXT(2) 
PARAMETRIC_REPRESENTATION_CONTEXT() REPRESENTATION_CONTEXT('2D SPACE',''
  ) );
#5483 = PCURVE('',#3378,#5484);
#5484 = DEFINITIONAL_REPRESENTATION('',(#5485),#5489);
#5485 = LINE('',#5486,#5487);
#5486 = CARTESIAN_POINT('',(1.,0.));
#5487 = VECTOR('',#5488,1.);
#5488 = DIRECTION('',(0.,-1.));
#5489 = ( GEOMETRIC_REPRESENTATION_CONTEXT(2) 
PARAMETRIC_REPRESENTATION_CONTEXT() REPRESENTATION_CONTEXT('2D SPACE',''
  ) );
#5490 = ORIENTED_EDGE('',*,*,#3169,.F.);
#5491 = ADVANCED_FACE('',(#5492),#3215,.T.);
#5492 = FACE_BOUND('',#5493,.T.);
#5493 = EDGE_LOOP('',(#5494,#5515,#5536,#5537));
#5494 = ORIENTED_EDGE('',*,*,#5495,.T.);
#5495 = EDGE_CURVE('',#5424,#5496,#5498,.T.);
#5496 = VERTEX_POINT('',#5497);
#5497 = CARTESIAN_POINT('',(-14.65,4.8,0.));
#5498 = SURFACE_CURVE('',#5499,(#5503,#5509),.PCURVE_S1.);
#5499 = LINE('',#5500,#5501);
#5500 = CARTESIAN_POINT('',(-14.875,4.8,0.));
#5501 = VECTOR('',#5502,1.);
#5502 = DIRECTION('',(-1.,0.,0.));
#5503 = PCURVE('',#3215,#5504);
#5504 = DEFINITIONAL_REPRESENTATION('',(#5505),#5508);
#5505 = B_SPLINE_CURVE_WITH_KNOTS('',1,(#5506,#5507),.UNSPECIFIED.,.F.,
  .F.,(2,2),(-0.825,-0.225),.PIECEWISE_BEZIER_KNOTS.);
#5506 = CARTESIAN_POINT('',(1.6,-1.));
#5507 = CARTESIAN_POINT('',(1.,-1.));
#5508 = ( GEOMETRIC_REPRESENTATION_CONTEXT(2) 
PARAMETRIC_REPRESENTATION_CONTEXT() REPRESENTATION_CONTEXT('2D SPACE',''
  ) );
#5509 = PCURVE('',#5020,#5510);
#5510 = DEFINITIONAL_REPRESENTATION('',(#5511),#5514);
#5511 = B_SPLINE_CURVE_WITH_KNOTS('',1,(#5512,#5513),.UNSPECIFIED.,.F.,
  .F.,(2,2),(-0.825,-0.225),.PIECEWISE_BEZIER_KNOTS.);
#5512 = CARTESIAN_POINT('',(5.E-02,-5.75));
#5513 = CARTESIAN_POINT('',(-0.55,-5.75));
#5514 = ( GEOMETRIC_REPRESENTATION_CONTEXT(2) 
PARAMETRIC_REPRESENTATION_CONTEXT() REPRESENTATION_CONTEXT('2D SPACE',''
  ) );
#5515 = ORIENTED_EDGE('',*,*,#5516,.T.);
#5516 = EDGE_CURVE('',#5496,#3201,#5517,.T.);
#5517 = SURFACE_CURVE('',#5518,(#5522,#5529),.PCURVE_S1.);
#5518 = LINE('',#5519,#5520);
#5519 = CARTESIAN_POINT('',(-14.65,4.8,-1.));
#5520 = VECTOR('',#5521,1.);
#5521 = DIRECTION('',(0.,0.,1.));
#5522 = PCURVE('',#3215,#5523);
#5523 = DEFINITIONAL_REPRESENTATION('',(#5524),#5528);
#5524 = LINE('',#5525,#5526);
#5525 = CARTESIAN_POINT('',(1.,0.));
#5526 = VECTOR('',#5527,1.);
#5527 = DIRECTION('',(0.,-1.));
#5528 = ( GEOMETRIC_REPRESENTATION_CONTEXT(2) 
PARAMETRIC_REPRESENTATION_CONTEXT() REPRESENTATION_CONTEXT('2D SPACE',''
  ) );
#5529 = PCURVE('',#3243,#5530);
#5530 = DEFINITIONAL_REPRESENTATION('',(#5531),#5535);
#5531 = LINE('',#5532,#5533);
#5532 = CARTESIAN_POINT('',(-0.,0.));
#5533 = VECTOR('',#5534,1.);
#5534 = DIRECTION('',(-0.,1.));
#5535 = ( GEOMETRIC_REPRESENTATION_CONTEXT(2) 
PARAMETRIC_REPRESENTATION_CONTEXT() REPRESENTATION_CONTEXT('2D SPACE',''
  ) );
#5536 = ORIENTED_EDGE('',*,*,#3200,.F.);
#5537 = ORIENTED_EDGE('',*,*,#5423,.F.);
#5538 = ADVANCED_FACE('',(#5539),#3378,.T.);
#5539 = FACE_BOUND('',#5540,.T.);
#5540 = EDGE_LOOP('',(#5541,#5562,#5563,#5564));
#5541 = ORIENTED_EDGE('',*,*,#5542,.T.);
#5542 = EDGE_CURVE('',#5543,#5447,#5545,.T.);
#5543 = VERTEX_POINT('',#5544);
#5544 = CARTESIAN_POINT('',(-13.05,15.3,0.));
#5545 = SURFACE_CURVE('',#5546,(#5550,#5556),.PCURVE_S1.);
#5546 = LINE('',#5547,#5548);
#5547 = CARTESIAN_POINT('',(-13.05,7.675,0.));
#5548 = VECTOR('',#5549,1.);
#5549 = DIRECTION('',(0.,-1.,0.));
#5550 = PCURVE('',#3378,#5551);
#5551 = DEFINITIONAL_REPRESENTATION('',(#5552),#5555);
#5552 = B_SPLINE_CURVE_WITH_KNOTS('',1,(#5553,#5554),.UNSPECIFIED.,.F.,
  .F.,(2,2),(-7.625,1.875),.PIECEWISE_BEZIER_KNOTS.);
#5553 = CARTESIAN_POINT('',(10.5,-1.));
#5554 = CARTESIAN_POINT('',(1.,-1.));
#5555 = ( GEOMETRIC_REPRESENTATION_CONTEXT(2) 
PARAMETRIC_REPRESENTATION_CONTEXT() REPRESENTATION_CONTEXT('2D SPACE',''
  ) );
#5556 = PCURVE('',#5020,#5557);
#5557 = DEFINITIONAL_REPRESENTATION('',(#5558),#5561);
#5558 = B_SPLINE_CURVE_WITH_KNOTS('',1,(#5559,#5560),.UNSPECIFIED.,.F.,
  .F.,(2,2),(-7.625,1.875),.PIECEWISE_BEZIER_KNOTS.);
#5559 = CARTESIAN_POINT('',(1.05,4.75));
#5560 = CARTESIAN_POINT('',(1.05,-4.75));
#5561 = ( GEOMETRIC_REPRESENTATION_CONTEXT(2) 
PARAMETRIC_REPRESENTATION_CONTEXT() REPRESENTATION_CONTEXT('2D SPACE',''
  ) );
#5562 = ORIENTED_EDGE('',*,*,#5470,.T.);
#5563 = ORIENTED_EDGE('',*,*,#3365,.F.);
#5564 = ORIENTED_EDGE('',*,*,#5565,.F.);
#5565 = EDGE_CURVE('',#5543,#3337,#5566,.T.);
#5566 = SURFACE_CURVE('',#5567,(#5571,#5578),.PCURVE_S1.);
#5567 = LINE('',#5568,#5569);
#5568 = CARTESIAN_POINT('',(-13.05,15.3,-1.));
#5569 = VECTOR('',#5570,1.);
#5570 = DIRECTION('',(0.,0.,1.));
#5571 = PCURVE('',#3378,#5572);
#5572 = DEFINITIONAL_REPRESENTATION('',(#5573),#5577);
#5573 = LINE('',#5574,#5575);
#5574 = CARTESIAN_POINT('',(10.5,0.));
#5575 = VECTOR('',#5576,1.);
#5576 = DIRECTION('',(0.,-1.));
#5577 = ( GEOMETRIC_REPRESENTATION_CONTEXT(2) 
PARAMETRIC_REPRESENTATION_CONTEXT() REPRESENTATION_CONTEXT('2D SPACE',''
  ) );
#5578 = PCURVE('',#3353,#5579);
#5579 = DEFINITIONAL_REPRESENTATION('',(#5580),#5584);
#5580 = LINE('',#5581,#5582);
#5581 = CARTESIAN_POINT('',(0.,0.));
#5582 = VECTOR('',#5583,1.);
#5583 = DIRECTION('',(0.,1.));
#5584 = ( GEOMETRIC_REPRESENTATION_CONTEXT(2) 
PARAMETRIC_REPRESENTATION_CONTEXT() REPRESENTATION_CONTEXT('2D SPACE',''
  ) );
#5585 = ADVANCED_FACE('',(#5586),#3243,.F.);
#5586 = FACE_BOUND('',#5587,.T.);
#5587 = EDGE_LOOP('',(#5588,#5589,#5613,#5634));
#5588 = ORIENTED_EDGE('',*,*,#5516,.F.);
#5589 = ORIENTED_EDGE('',*,*,#5590,.F.);
#5590 = EDGE_CURVE('',#5591,#5496,#5593,.T.);
#5591 = VERTEX_POINT('',#5592);
#5592 = CARTESIAN_POINT('',(-15.65,5.8,0.));
#5593 = SURFACE_CURVE('',#5594,(#5599,#5606),.PCURVE_S1.);
#5594 = CIRCLE('',#5595,1.);
#5595 = AXIS2_PLACEMENT_3D('',#5596,#5597,#5598);
#5596 = CARTESIAN_POINT('',(-14.65,5.8,0.));
#5597 = DIRECTION('',(0.,0.,1.));
#5598 = DIRECTION('',(0.,-1.,0.));
#5599 = PCURVE('',#3243,#5600);
#5600 = DEFINITIONAL_REPRESENTATION('',(#5601),#5605);
#5601 = LINE('',#5602,#5603);
#5602 = CARTESIAN_POINT('',(-6.28318530718,1.));
#5603 = VECTOR('',#5604,1.);
#5604 = DIRECTION('',(1.,-0.));
#5605 = ( GEOMETRIC_REPRESENTATION_CONTEXT(2) 
PARAMETRIC_REPRESENTATION_CONTEXT() REPRESENTATION_CONTEXT('2D SPACE',''
  ) );
#5606 = PCURVE('',#5020,#5607);
#5607 = DEFINITIONAL_REPRESENTATION('',(#5608),#5612);
#5608 = CIRCLE('',#5609,1.);
#5609 = AXIS2_PLACEMENT_2D('',#5610,#5611);
#5610 = CARTESIAN_POINT('',(-0.55,-4.75));
#5611 = DIRECTION('',(0.,-1.));
#5612 = ( GEOMETRIC_REPRESENTATION_CONTEXT(2) 
PARAMETRIC_REPRESENTATION_CONTEXT() REPRESENTATION_CONTEXT('2D SPACE',''
  ) );
#5613 = ORIENTED_EDGE('',*,*,#5614,.T.);
#5614 = EDGE_CURVE('',#5591,#3227,#5615,.T.);
#5615 = SURFACE_CURVE('',#5616,(#5620,#5627),.PCURVE_S1.);
#5616 = LINE('',#5617,#5618);
#5617 = CARTESIAN_POINT('',(-15.65,5.8,-1.));
#5618 = VECTOR('',#5619,1.);
#5619 = DIRECTION('',(0.,0.,1.));
#5620 = PCURVE('',#3243,#5621);
#5621 = DEFINITIONAL_REPRESENTATION('',(#5622),#5626);
#5622 = LINE('',#5623,#5624);
#5623 = CARTESIAN_POINT('',(-1.570796326795,0.));
#5624 = VECTOR('',#5625,1.);
#5625 = DIRECTION('',(-0.,1.));
#5626 = ( GEOMETRIC_REPRESENTATION_CONTEXT(2) 
PARAMETRIC_REPRESENTATION_CONTEXT() REPRESENTATION_CONTEXT('2D SPACE',''
  ) );
#5627 = PCURVE('',#3270,#5628);
#5628 = DEFINITIONAL_REPRESENTATION('',(#5629),#5633);
#5629 = LINE('',#5630,#5631);
#5630 = CARTESIAN_POINT('',(10.5,0.));
#5631 = VECTOR('',#5632,1.);
#5632 = DIRECTION('',(0.,-1.));
#5633 = ( GEOMETRIC_REPRESENTATION_CONTEXT(2) 
PARAMETRIC_REPRESENTATION_CONTEXT() REPRESENTATION_CONTEXT('2D SPACE',''
  ) );
#5634 = ORIENTED_EDGE('',*,*,#3226,.T.);
#5635 = ADVANCED_FACE('',(#5636),#3353,.F.);
#5636 = FACE_BOUND('',#5637,.F.);
#5637 = EDGE_LOOP('',(#5638,#5639,#5663,#5684));
#5638 = ORIENTED_EDGE('',*,*,#5565,.F.);
#5639 = ORIENTED_EDGE('',*,*,#5640,.T.);
#5640 = EDGE_CURVE('',#5543,#5641,#5643,.T.);
#5641 = VERTEX_POINT('',#5642);
#5642 = CARTESIAN_POINT('',(-14.05,16.3,0.));
#5643 = SURFACE_CURVE('',#5644,(#5649,#5656),.PCURVE_S1.);
#5644 = CIRCLE('',#5645,1.);
#5645 = AXIS2_PLACEMENT_3D('',#5646,#5647,#5648);
#5646 = CARTESIAN_POINT('',(-14.05,15.3,0.));
#5647 = DIRECTION('',(0.,0.,1.));
#5648 = DIRECTION('',(1.,0.,-0.));
#5649 = PCURVE('',#3353,#5650);
#5650 = DEFINITIONAL_REPRESENTATION('',(#5651),#5655);
#5651 = LINE('',#5652,#5653);
#5652 = CARTESIAN_POINT('',(0.,1.));
#5653 = VECTOR('',#5654,1.);
#5654 = DIRECTION('',(1.,0.));
#5655 = ( GEOMETRIC_REPRESENTATION_CONTEXT(2) 
PARAMETRIC_REPRESENTATION_CONTEXT() REPRESENTATION_CONTEXT('2D SPACE',''
  ) );
#5656 = PCURVE('',#5020,#5657);
#5657 = DEFINITIONAL_REPRESENTATION('',(#5658),#5662);
#5658 = CIRCLE('',#5659,1.);
#5659 = AXIS2_PLACEMENT_2D('',#5660,#5661);
#5660 = CARTESIAN_POINT('',(5.E-02,4.75));
#5661 = DIRECTION('',(1.,0.));
#5662 = ( GEOMETRIC_REPRESENTATION_CONTEXT(2) 
PARAMETRIC_REPRESENTATION_CONTEXT() REPRESENTATION_CONTEXT('2D SPACE',''
  ) );
#5663 = ORIENTED_EDGE('',*,*,#5664,.T.);
#5664 = EDGE_CURVE('',#5641,#3311,#5665,.T.);
#5665 = SURFACE_CURVE('',#5666,(#5670,#5677),.PCURVE_S1.);
#5666 = LINE('',#5667,#5668);
#5667 = CARTESIAN_POINT('',(-14.05,16.3,-1.));
#5668 = VECTOR('',#5669,1.);
#5669 = DIRECTION('',(0.,0.,1.));
#5670 = PCURVE('',#3353,#5671);
#5671 = DEFINITIONAL_REPRESENTATION('',(#5672),#5676);
#5672 = LINE('',#5673,#5674);
#5673 = CARTESIAN_POINT('',(1.570796326795,0.));
#5674 = VECTOR('',#5675,1.);
#5675 = DIRECTION('',(0.,1.));
#5676 = ( GEOMETRIC_REPRESENTATION_CONTEXT(2) 
PARAMETRIC_REPRESENTATION_CONTEXT() REPRESENTATION_CONTEXT('2D SPACE',''
  ) );
#5677 = PCURVE('',#3325,#5678);
#5678 = DEFINITIONAL_REPRESENTATION('',(#5679),#5683);
#5679 = LINE('',#5680,#5681);
#5680 = CARTESIAN_POINT('',(1.,0.));
#5681 = VECTOR('',#5682,1.);
#5682 = DIRECTION('',(0.,-1.));
#5683 = ( GEOMETRIC_REPRESENTATION_CONTEXT(2) 
PARAMETRIC_REPRESENTATION_CONTEXT() REPRESENTATION_CONTEXT('2D SPACE',''
  ) );
#5684 = ORIENTED_EDGE('',*,*,#3336,.F.);
#5685 = ADVANCED_FACE('',(#5686),#3270,.T.);
#5686 = FACE_BOUND('',#5687,.T.);
#5687 = EDGE_LOOP('',(#5688,#5709,#5730,#5731));
#5688 = ORIENTED_EDGE('',*,*,#5689,.T.);
#5689 = EDGE_CURVE('',#5591,#5690,#5692,.T.);
#5690 = VERTEX_POINT('',#5691);
#5691 = CARTESIAN_POINT('',(-15.65,15.3,0.));
#5692 = SURFACE_CURVE('',#5693,(#5697,#5703),.PCURVE_S1.);
#5693 = LINE('',#5694,#5695);
#5694 = CARTESIAN_POINT('',(-15.65,13.425,0.));
#5695 = VECTOR('',#5696,1.);
#5696 = DIRECTION('',(-0.,1.,0.));
#5697 = PCURVE('',#3270,#5698);
#5698 = DEFINITIONAL_REPRESENTATION('',(#5699),#5702);
#5699 = B_SPLINE_CURVE_WITH_KNOTS('',1,(#5700,#5701),.UNSPECIFIED.,.F.,
  .F.,(2,2),(-7.625,1.875),.PIECEWISE_BEZIER_KNOTS.);
#5700 = CARTESIAN_POINT('',(10.5,-1.));
#5701 = CARTESIAN_POINT('',(1.,-1.));
#5702 = ( GEOMETRIC_REPRESENTATION_CONTEXT(2) 
PARAMETRIC_REPRESENTATION_CONTEXT() REPRESENTATION_CONTEXT('2D SPACE',''
  ) );
#5703 = PCURVE('',#5020,#5704);
#5704 = DEFINITIONAL_REPRESENTATION('',(#5705),#5708);
#5705 = B_SPLINE_CURVE_WITH_KNOTS('',1,(#5706,#5707),.UNSPECIFIED.,.F.,
  .F.,(2,2),(-7.625,1.875),.PIECEWISE_BEZIER_KNOTS.);
#5706 = CARTESIAN_POINT('',(-1.55,-4.75));
#5707 = CARTESIAN_POINT('',(-1.55,4.75));
#5708 = ( GEOMETRIC_REPRESENTATION_CONTEXT(2) 
PARAMETRIC_REPRESENTATION_CONTEXT() REPRESENTATION_CONTEXT('2D SPACE',''
  ) );
#5709 = ORIENTED_EDGE('',*,*,#5710,.T.);
#5710 = EDGE_CURVE('',#5690,#3256,#5711,.T.);
#5711 = SURFACE_CURVE('',#5712,(#5716,#5723),.PCURVE_S1.);
#5712 = LINE('',#5713,#5714);
#5713 = CARTESIAN_POINT('',(-15.65,15.3,-1.));
#5714 = VECTOR('',#5715,1.);
#5715 = DIRECTION('',(0.,0.,1.));
#5716 = PCURVE('',#3270,#5717);
#5717 = DEFINITIONAL_REPRESENTATION('',(#5718),#5722);
#5718 = LINE('',#5719,#5720);
#5719 = CARTESIAN_POINT('',(1.,0.));
#5720 = VECTOR('',#5721,1.);
#5721 = DIRECTION('',(0.,-1.));
#5722 = ( GEOMETRIC_REPRESENTATION_CONTEXT(2) 
PARAMETRIC_REPRESENTATION_CONTEXT() REPRESENTATION_CONTEXT('2D SPACE',''
  ) );
#5723 = PCURVE('',#3298,#5724);
#5724 = DEFINITIONAL_REPRESENTATION('',(#5725),#5729);
#5725 = LINE('',#5726,#5727);
#5726 = CARTESIAN_POINT('',(1.570796326795,0.));
#5727 = VECTOR('',#5728,1.);
#5728 = DIRECTION('',(0.,1.));
#5729 = ( GEOMETRIC_REPRESENTATION_CONTEXT(2) 
PARAMETRIC_REPRESENTATION_CONTEXT() REPRESENTATION_CONTEXT('2D SPACE',''
  ) );
#5730 = ORIENTED_EDGE('',*,*,#3255,.F.);
#5731 = ORIENTED_EDGE('',*,*,#5614,.F.);
#5732 = ADVANCED_FACE('',(#5733),#3325,.T.);
#5733 = FACE_BOUND('',#5734,.T.);
#5734 = EDGE_LOOP('',(#5735,#5756,#5757,#5758));
#5735 = ORIENTED_EDGE('',*,*,#5736,.T.);
#5736 = EDGE_CURVE('',#5737,#5641,#5739,.T.);
#5737 = VERTEX_POINT('',#5738);
#5738 = CARTESIAN_POINT('',(-14.65,16.3,0.));
#5739 = SURFACE_CURVE('',#5740,(#5744,#5750),.PCURVE_S1.);
#5740 = LINE('',#5741,#5742);
#5741 = CARTESIAN_POINT('',(-13.575,16.3,0.));
#5742 = VECTOR('',#5743,1.);
#5743 = DIRECTION('',(1.,0.,-0.));
#5744 = PCURVE('',#3325,#5745);
#5745 = DEFINITIONAL_REPRESENTATION('',(#5746),#5749);
#5746 = B_SPLINE_CURVE_WITH_KNOTS('',1,(#5747,#5748),.UNSPECIFIED.,.F.,
  .F.,(2,2),(-1.075,-0.475),.PIECEWISE_BEZIER_KNOTS.);
#5747 = CARTESIAN_POINT('',(1.6,-1.));
#5748 = CARTESIAN_POINT('',(1.,-1.));
#5749 = ( GEOMETRIC_REPRESENTATION_CONTEXT(2) 
PARAMETRIC_REPRESENTATION_CONTEXT() REPRESENTATION_CONTEXT('2D SPACE',''
  ) );
#5750 = PCURVE('',#5020,#5751);
#5751 = DEFINITIONAL_REPRESENTATION('',(#5752),#5755);
#5752 = B_SPLINE_CURVE_WITH_KNOTS('',1,(#5753,#5754),.UNSPECIFIED.,.F.,
  .F.,(2,2),(-1.075,-0.475),.PIECEWISE_BEZIER_KNOTS.);
#5753 = CARTESIAN_POINT('',(-0.55,5.75));
#5754 = CARTESIAN_POINT('',(5.E-02,5.75));
#5755 = ( GEOMETRIC_REPRESENTATION_CONTEXT(2) 
PARAMETRIC_REPRESENTATION_CONTEXT() REPRESENTATION_CONTEXT('2D SPACE',''
  ) );
#5756 = ORIENTED_EDGE('',*,*,#5664,.T.);
#5757 = ORIENTED_EDGE('',*,*,#3310,.F.);
#5758 = ORIENTED_EDGE('',*,*,#5759,.F.);
#5759 = EDGE_CURVE('',#5737,#3282,#5760,.T.);
#5760 = SURFACE_CURVE('',#5761,(#5765,#5772),.PCURVE_S1.);
#5761 = LINE('',#5762,#5763);
#5762 = CARTESIAN_POINT('',(-14.65,16.3,-1.));
#5763 = VECTOR('',#5764,1.);
#5764 = DIRECTION('',(0.,0.,1.));
#5765 = PCURVE('',#3325,#5766);
#5766 = DEFINITIONAL_REPRESENTATION('',(#5767),#5771);
#5767 = LINE('',#5768,#5769);
#5768 = CARTESIAN_POINT('',(1.6,0.));
#5769 = VECTOR('',#5770,1.);
#5770 = DIRECTION('',(0.,-1.));
#5771 = ( GEOMETRIC_REPRESENTATION_CONTEXT(2) 
PARAMETRIC_REPRESENTATION_CONTEXT() REPRESENTATION_CONTEXT('2D SPACE',''
  ) );
#5772 = PCURVE('',#3298,#5773);
#5773 = DEFINITIONAL_REPRESENTATION('',(#5774),#5778);
#5774 = LINE('',#5775,#5776);
#5775 = CARTESIAN_POINT('',(0.,0.));
#5776 = VECTOR('',#5777,1.);
#5777 = DIRECTION('',(0.,1.));
#5778 = ( GEOMETRIC_REPRESENTATION_CONTEXT(2) 
PARAMETRIC_REPRESENTATION_CONTEXT() REPRESENTATION_CONTEXT('2D SPACE',''
  ) );
#5779 = ADVANCED_FACE('',(#5780),#3298,.F.);
#5780 = FACE_BOUND('',#5781,.F.);
#5781 = EDGE_LOOP('',(#5782,#5783,#5805,#5806));
#5782 = ORIENTED_EDGE('',*,*,#5759,.F.);
#5783 = ORIENTED_EDGE('',*,*,#5784,.T.);
#5784 = EDGE_CURVE('',#5737,#5690,#5785,.T.);
#5785 = SURFACE_CURVE('',#5786,(#5791,#5798),.PCURVE_S1.);
#5786 = CIRCLE('',#5787,1.);
#5787 = AXIS2_PLACEMENT_3D('',#5788,#5789,#5790);
#5788 = CARTESIAN_POINT('',(-14.65,15.3,0.));
#5789 = DIRECTION('',(0.,0.,1.));
#5790 = DIRECTION('',(-0.,1.,0.));
#5791 = PCURVE('',#3298,#5792);
#5792 = DEFINITIONAL_REPRESENTATION('',(#5793),#5797);
#5793 = LINE('',#5794,#5795);
#5794 = CARTESIAN_POINT('',(0.,1.));
#5795 = VECTOR('',#5796,1.);
#5796 = DIRECTION('',(1.,0.));
#5797 = ( GEOMETRIC_REPRESENTATION_CONTEXT(2) 
PARAMETRIC_REPRESENTATION_CONTEXT() REPRESENTATION_CONTEXT('2D SPACE',''
  ) );
#5798 = PCURVE('',#5020,#5799);
#5799 = DEFINITIONAL_REPRESENTATION('',(#5800),#5804);
#5800 = CIRCLE('',#5801,1.);
#5801 = AXIS2_PLACEMENT_2D('',#5802,#5803);
#5802 = CARTESIAN_POINT('',(-0.55,4.75));
#5803 = DIRECTION('',(0.,1.));
#5804 = ( GEOMETRIC_REPRESENTATION_CONTEXT(2) 
PARAMETRIC_REPRESENTATION_CONTEXT() REPRESENTATION_CONTEXT('2D SPACE',''
  ) );
#5805 = ORIENTED_EDGE('',*,*,#5710,.T.);
#5806 = ORIENTED_EDGE('',*,*,#3281,.F.);
#5807 = ADVANCED_FACE('',(#5808),#3457,.F.);
#5808 = FACE_BOUND('',#5809,.F.);
#5809 = EDGE_LOOP('',(#5810,#5833,#5834,#5835));
#5810 = ORIENTED_EDGE('',*,*,#5811,.T.);
#5811 = EDGE_CURVE('',#5812,#5263,#5814,.T.);
#5812 = VERTEX_POINT('',#5813);
#5813 = CARTESIAN_POINT('',(-15.35,2.05,0.8));
#5814 = SURFACE_CURVE('',#5815,(#5819,#5826),.PCURVE_S1.);
#5815 = LINE('',#5816,#5817);
#5816 = CARTESIAN_POINT('',(-15.35,2.05,0.));
#5817 = VECTOR('',#5818,1.);
#5818 = DIRECTION('',(0.,0.,1.));
#5819 = PCURVE('',#3457,#5820);
#5820 = DEFINITIONAL_REPRESENTATION('',(#5821),#5825);
#5821 = LINE('',#5822,#5823);
#5822 = CARTESIAN_POINT('',(2.5,0.));
#5823 = VECTOR('',#5824,1.);
#5824 = DIRECTION('',(0.,-1.));
#5825 = ( GEOMETRIC_REPRESENTATION_CONTEXT(2) 
PARAMETRIC_REPRESENTATION_CONTEXT() REPRESENTATION_CONTEXT('2D SPACE',''
  ) );
#5826 = PCURVE('',#5279,#5827);
#5827 = DEFINITIONAL_REPRESENTATION('',(#5828),#5832);
#5828 = LINE('',#5829,#5830);
#5829 = CARTESIAN_POINT('',(-0.,0.));
#5830 = VECTOR('',#5831,1.);
#5831 = DIRECTION('',(-0.,1.));
#5832 = ( GEOMETRIC_REPRESENTATION_CONTEXT(2) 
PARAMETRIC_REPRESENTATION_CONTEXT() REPRESENTATION_CONTEXT('2D SPACE',''
  ) );
#5833 = ORIENTED_EDGE('',*,*,#5399,.T.);
#5834 = ORIENTED_EDGE('',*,*,#3441,.F.);
#5835 = ORIENTED_EDGE('',*,*,#5836,.F.);
#5836 = EDGE_CURVE('',#5812,#3442,#5837,.T.);
#5837 = SURFACE_CURVE('',#5838,(#5842,#5849),.PCURVE_S1.);
#5838 = LINE('',#5839,#5840);
#5839 = CARTESIAN_POINT('',(-15.35,2.05,0.8));
#5840 = VECTOR('',#5841,1.);
#5841 = DIRECTION('',(1.,0.,0.));
#5842 = PCURVE('',#3457,#5843);
#5843 = DEFINITIONAL_REPRESENTATION('',(#5844),#5848);
#5844 = LINE('',#5845,#5846);
#5845 = CARTESIAN_POINT('',(2.5,-0.8));
#5846 = VECTOR('',#5847,1.);
#5847 = DIRECTION('',(1.,0.));
#5848 = ( GEOMETRIC_REPRESENTATION_CONTEXT(2) 
PARAMETRIC_REPRESENTATION_CONTEXT() REPRESENTATION_CONTEXT('2D SPACE',''
  ) );
#5849 = PCURVE('',#5099,#5850);
#5850 = DEFINITIONAL_REPRESENTATION('',(#5851),#5855);
#5851 = LINE('',#5852,#5853);
#5852 = CARTESIAN_POINT('',(0.,0.));
#5853 = VECTOR('',#5854,1.);
#5854 = DIRECTION('',(0.,1.));
#5855 = ( GEOMETRIC_REPRESENTATION_CONTEXT(2) 
PARAMETRIC_REPRESENTATION_CONTEXT() REPRESENTATION_CONTEXT('2D SPACE',''
  ) );
#5856 = ADVANCED_FACE('',(#5857),#3761,.T.);
#5857 = FACE_BOUND('',#5858,.F.);
#5858 = EDGE_LOOP('',(#5859,#5881,#5882,#5883,#5910));
#5859 = ORIENTED_EDGE('',*,*,#5860,.F.);
#5860 = EDGE_CURVE('',#3666,#5861,#5863,.T.);
#5861 = VERTEX_POINT('',#5862);
#5862 = CARTESIAN_POINT('',(20.55,4.55,-1.110223024625E-16));
#5863 = SURFACE_CURVE('',#5864,(#5869,#5875),.PCURVE_S1.);
#5864 = CIRCLE('',#5865,0.8);
#5865 = AXIS2_PLACEMENT_3D('',#5866,#5867,#5868);
#5866 = CARTESIAN_POINT('',(20.55,4.55,0.8));
#5867 = DIRECTION('',(0.,-1.,0.));
#5868 = DIRECTION('',(-1.,0.,0.));
#5869 = PCURVE('',#3761,#5870);
#5870 = DEFINITIONAL_REPRESENTATION('',(#5871),#5874);
#5871 = B_SPLINE_CURVE_WITH_KNOTS('',1,(#5872,#5873),.UNSPECIFIED.,.F.,
  .F.,(2,2),(0.,1.570796326795),.PIECEWISE_BEZIER_KNOTS.);
#5872 = CARTESIAN_POINT('',(0.,0.));
#5873 = CARTESIAN_POINT('',(0.,1.570796326795));
#5874 = ( GEOMETRIC_REPRESENTATION_CONTEXT(2) 
PARAMETRIC_REPRESENTATION_CONTEXT() REPRESENTATION_CONTEXT('2D SPACE',''
  ) );
#5875 = PCURVE('',#3680,#5876);
#5876 = DEFINITIONAL_REPRESENTATION('',(#5877),#5880);
#5877 = B_SPLINE_CURVE_WITH_KNOTS('',1,(#5878,#5879),.UNSPECIFIED.,.F.,
  .F.,(2,2),(0.,1.570796326795),.PIECEWISE_BEZIER_KNOTS.);
#5878 = CARTESIAN_POINT('',(0.,12.));
#5879 = CARTESIAN_POINT('',(1.570796326795,12.));
#5880 = ( GEOMETRIC_REPRESENTATION_CONTEXT(2) 
PARAMETRIC_REPRESENTATION_CONTEXT() REPRESENTATION_CONTEXT('2D SPACE',''
  ) );
#5881 = ORIENTED_EDGE('',*,*,#3691,.F.);
#5882 = ORIENTED_EDGE('',*,*,#4360,.T.);
#5883 = ORIENTED_EDGE('',*,*,#5884,.T.);
#5884 = EDGE_CURVE('',#4331,#5885,#5887,.T.);
#5885 = VERTEX_POINT('',#5886);
#5886 = CARTESIAN_POINT('',(22.25,2.85,-1.110223024625E-16));
#5887 = SURFACE_CURVE('',#5888,(#5893,#5899),.PCURVE_S1.);
#5888 = CIRCLE('',#5889,0.8);
#5889 = AXIS2_PLACEMENT_3D('',#5890,#5891,#5892);
#5890 = CARTESIAN_POINT('',(22.25,2.85,0.8));
#5891 = DIRECTION('',(1.,0.,0.));
#5892 = DIRECTION('',(0.,-1.,-0.));
#5893 = PCURVE('',#3761,#5894);
#5894 = DEFINITIONAL_REPRESENTATION('',(#5895),#5898);
#5895 = B_SPLINE_CURVE_WITH_KNOTS('',1,(#5896,#5897),.UNSPECIFIED.,.F.,
  .F.,(2,2),(0.,1.570796326795),.PIECEWISE_BEZIER_KNOTS.);
#5896 = CARTESIAN_POINT('',(-1.570796326795,0.));
#5897 = CARTESIAN_POINT('',(-1.570796326795,1.570796326795));
#5898 = ( GEOMETRIC_REPRESENTATION_CONTEXT(2) 
PARAMETRIC_REPRESENTATION_CONTEXT() REPRESENTATION_CONTEXT('2D SPACE',''
  ) );
#5899 = PCURVE('',#5900,#5905);
#5900 = CYLINDRICAL_SURFACE('',#5901,0.8);
#5901 = AXIS2_PLACEMENT_3D('',#5902,#5903,#5904);
#5902 = CARTESIAN_POINT('',(22.25,2.85,0.8));
#5903 = DIRECTION('',(1.,0.,0.));
#5904 = DIRECTION('',(0.,-1.,-0.));
#5905 = DEFINITIONAL_REPRESENTATION('',(#5906),#5909);
#5906 = B_SPLINE_CURVE_WITH_KNOTS('',1,(#5907,#5908),.UNSPECIFIED.,.F.,
  .F.,(2,2),(0.,1.570796326795),.PIECEWISE_BEZIER_KNOTS.);
#5907 = CARTESIAN_POINT('',(0.,0.));
#5908 = CARTESIAN_POINT('',(1.570796326795,0.));
#5909 = ( GEOMETRIC_REPRESENTATION_CONTEXT(2) 
PARAMETRIC_REPRESENTATION_CONTEXT() REPRESENTATION_CONTEXT('2D SPACE',''
  ) );
#5910 = ORIENTED_EDGE('',*,*,#5911,.F.);
#5911 = EDGE_CURVE('',#5861,#5885,#5912,.T.);
#5912 = SURFACE_CURVE('',#5913,(#5918,#5925),.PCURVE_S1.);
#5913 = CIRCLE('',#5914,1.7);
#5914 = AXIS2_PLACEMENT_3D('',#5915,#5916,#5917);
#5915 = CARTESIAN_POINT('',(22.25,4.55,0.));
#5916 = DIRECTION('',(0.,0.,1.));
#5917 = DIRECTION('',(-1.,0.,0.));
#5918 = PCURVE('',#3761,#5919);
#5919 = DEFINITIONAL_REPRESENTATION('',(#5920),#5924);
#5920 = LINE('',#5921,#5922);
#5921 = CARTESIAN_POINT('',(-0.,1.570796326795));
#5922 = VECTOR('',#5923,1.);
#5923 = DIRECTION('',(-1.,0.));
#5924 = ( GEOMETRIC_REPRESENTATION_CONTEXT(2) 
PARAMETRIC_REPRESENTATION_CONTEXT() REPRESENTATION_CONTEXT('2D SPACE',''
  ) );
#5925 = PCURVE('',#5926,#5931);
#5926 = PLANE('',#5927);
#5927 = AXIS2_PLACEMENT_3D('',#5928,#5929,#5930);
#5928 = CARTESIAN_POINT('',(23.5,10.55,0.));
#5929 = DIRECTION('',(0.,0.,1.));
#5930 = DIRECTION('',(1.,0.,-0.));
#5931 = DEFINITIONAL_REPRESENTATION('',(#5932),#5936);
#5932 = CIRCLE('',#5933,1.7);
#5933 = AXIS2_PLACEMENT_2D('',#5934,#5935);
#5934 = CARTESIAN_POINT('',(-1.25,-6.));
#5935 = DIRECTION('',(-1.,0.));
#5936 = ( GEOMETRIC_REPRESENTATION_CONTEXT(2) 
PARAMETRIC_REPRESENTATION_CONTEXT() REPRESENTATION_CONTEXT('2D SPACE',''
  ) );
#5937 = ADVANCED_FACE('',(#5938),#3680,.T.);
#5938 = FACE_BOUND('',#5939,.T.);
#5939 = EDGE_LOOP('',(#5940,#5941,#5963,#5984));
#5940 = ORIENTED_EDGE('',*,*,#3665,.T.);
#5941 = ORIENTED_EDGE('',*,*,#5942,.T.);
#5942 = EDGE_CURVE('',#3557,#5943,#5945,.T.);
#5943 = VERTEX_POINT('',#5944);
#5944 = CARTESIAN_POINT('',(20.55,16.55,0.));
#5945 = SURFACE_CURVE('',#5946,(#5951,#5957),.PCURVE_S1.);
#5946 = CIRCLE('',#5947,0.8);
#5947 = AXIS2_PLACEMENT_3D('',#5948,#5949,#5950);
#5948 = CARTESIAN_POINT('',(20.55,16.55,0.8));
#5949 = DIRECTION('',(-6.123233995737E-17,-1.,0.));
#5950 = DIRECTION('',(-1.,6.123233995737E-17,0.));
#5951 = PCURVE('',#3680,#5952);
#5952 = DEFINITIONAL_REPRESENTATION('',(#5953),#5956);
#5953 = B_SPLINE_CURVE_WITH_KNOTS('',1,(#5954,#5955),.UNSPECIFIED.,.F.,
  .F.,(2,2),(0.,1.570796326795),.PIECEWISE_BEZIER_KNOTS.);
#5954 = CARTESIAN_POINT('',(0.,0.));
#5955 = CARTESIAN_POINT('',(1.570796326795,0.));
#5956 = ( GEOMETRIC_REPRESENTATION_CONTEXT(2) 
PARAMETRIC_REPRESENTATION_CONTEXT() REPRESENTATION_CONTEXT('2D SPACE',''
  ) );
#5957 = PCURVE('',#3626,#5958);
#5958 = DEFINITIONAL_REPRESENTATION('',(#5959),#5962);
#5959 = B_SPLINE_CURVE_WITH_KNOTS('',1,(#5960,#5961),.UNSPECIFIED.,.F.,
  .F.,(2,2),(0.,1.570796326795),.PIECEWISE_BEZIER_KNOTS.);
#5960 = CARTESIAN_POINT('',(-1.570796326795,0.));
#5961 = CARTESIAN_POINT('',(-1.570796326795,1.570796326795));
#5962 = ( GEOMETRIC_REPRESENTATION_CONTEXT(2) 
PARAMETRIC_REPRESENTATION_CONTEXT() REPRESENTATION_CONTEXT('2D SPACE',''
  ) );
#5963 = ORIENTED_EDGE('',*,*,#5964,.T.);
#5964 = EDGE_CURVE('',#5943,#5861,#5965,.T.);
#5965 = SURFACE_CURVE('',#5966,(#5970,#5977),.PCURVE_S1.);
#5966 = LINE('',#5967,#5968);
#5967 = CARTESIAN_POINT('',(20.55,16.55,-1.110223024625E-16));
#5968 = VECTOR('',#5969,1.);
#5969 = DIRECTION('',(0.,-1.,0.));
#5970 = PCURVE('',#3680,#5971);
#5971 = DEFINITIONAL_REPRESENTATION('',(#5972),#5976);
#5972 = LINE('',#5973,#5974);
#5973 = CARTESIAN_POINT('',(1.570796326795,0.));
#5974 = VECTOR('',#5975,1.);
#5975 = DIRECTION('',(0.,1.));
#5976 = ( GEOMETRIC_REPRESENTATION_CONTEXT(2) 
PARAMETRIC_REPRESENTATION_CONTEXT() REPRESENTATION_CONTEXT('2D SPACE',''
  ) );
#5977 = PCURVE('',#5926,#5978);
#5978 = DEFINITIONAL_REPRESENTATION('',(#5979),#5983);
#5979 = LINE('',#5980,#5981);
#5980 = CARTESIAN_POINT('',(-2.95,6.));
#5981 = VECTOR('',#5982,1.);
#5982 = DIRECTION('',(0.,-1.));
#5983 = ( GEOMETRIC_REPRESENTATION_CONTEXT(2) 
PARAMETRIC_REPRESENTATION_CONTEXT() REPRESENTATION_CONTEXT('2D SPACE',''
  ) );
#5984 = ORIENTED_EDGE('',*,*,#5860,.F.);
#5985 = ADVANCED_FACE('',(#5986),#3626,.T.);
#5986 = FACE_BOUND('',#5987,.F.);
#5987 = EDGE_LOOP('',(#5988,#6015,#6016,#6017,#6018));
#5988 = ORIENTED_EDGE('',*,*,#5989,.F.);
#5989 = EDGE_CURVE('',#4899,#5990,#5992,.T.);
#5990 = VERTEX_POINT('',#5991);
#5991 = CARTESIAN_POINT('',(22.25,18.25,-1.110223024625E-16));
#5992 = SURFACE_CURVE('',#5993,(#5998,#6004),.PCURVE_S1.);
#5993 = CIRCLE('',#5994,0.8);
#5994 = AXIS2_PLACEMENT_3D('',#5995,#5996,#5997);
#5995 = CARTESIAN_POINT('',(22.25,18.25,0.8));
#5996 = DIRECTION('',(-1.,0.,0.));
#5997 = DIRECTION('',(0.,1.,-0.));
#5998 = PCURVE('',#3626,#5999);
#5999 = DEFINITIONAL_REPRESENTATION('',(#6000),#6003);
#6000 = B_SPLINE_CURVE_WITH_KNOTS('',1,(#6001,#6002),.UNSPECIFIED.,.F.,
  .F.,(2,2),(0.,1.570796326795),.PIECEWISE_BEZIER_KNOTS.);
#6001 = CARTESIAN_POINT('',(0.,0.));
#6002 = CARTESIAN_POINT('',(0.,1.570796326795));
#6003 = ( GEOMETRIC_REPRESENTATION_CONTEXT(2) 
PARAMETRIC_REPRESENTATION_CONTEXT() REPRESENTATION_CONTEXT('2D SPACE',''
  ) );
#6004 = PCURVE('',#6005,#6010);
#6005 = CYLINDRICAL_SURFACE('',#6006,0.8);
#6006 = AXIS2_PLACEMENT_3D('',#6007,#6008,#6009);
#6007 = CARTESIAN_POINT('',(24.75,18.25,0.8));
#6008 = DIRECTION('',(-1.,0.,0.));
#6009 = DIRECTION('',(0.,1.,-0.));
#6010 = DEFINITIONAL_REPRESENTATION('',(#6011),#6014);
#6011 = B_SPLINE_CURVE_WITH_KNOTS('',1,(#6012,#6013),.UNSPECIFIED.,.F.,
  .F.,(2,2),(0.,1.570796326795),.PIECEWISE_BEZIER_KNOTS.);
#6012 = CARTESIAN_POINT('',(0.,2.5));
#6013 = CARTESIAN_POINT('',(1.570796326795,2.5));
#6014 = ( GEOMETRIC_REPRESENTATION_CONTEXT(2) 
PARAMETRIC_REPRESENTATION_CONTEXT() REPRESENTATION_CONTEXT('2D SPACE',''
  ) );
#6015 = ORIENTED_EDGE('',*,*,#4926,.T.);
#6016 = ORIENTED_EDGE('',*,*,#3556,.T.);
#6017 = ORIENTED_EDGE('',*,*,#5942,.T.);
#6018 = ORIENTED_EDGE('',*,*,#6019,.F.);
#6019 = EDGE_CURVE('',#5990,#5943,#6020,.T.);
#6020 = SURFACE_CURVE('',#6021,(#6026,#6033),.PCURVE_S1.);
#6021 = CIRCLE('',#6022,1.7);
#6022 = AXIS2_PLACEMENT_3D('',#6023,#6024,#6025);
#6023 = CARTESIAN_POINT('',(22.25,16.55,0.));
#6024 = DIRECTION('',(0.,0.,1.));
#6025 = DIRECTION('',(0.,1.,-0.));
#6026 = PCURVE('',#3626,#6027);
#6027 = DEFINITIONAL_REPRESENTATION('',(#6028),#6032);
#6028 = LINE('',#6029,#6030);
#6029 = CARTESIAN_POINT('',(-0.,1.570796326795));
#6030 = VECTOR('',#6031,1.);
#6031 = DIRECTION('',(-1.,0.));
#6032 = ( GEOMETRIC_REPRESENTATION_CONTEXT(2) 
PARAMETRIC_REPRESENTATION_CONTEXT() REPRESENTATION_CONTEXT('2D SPACE',''
  ) );
#6033 = PCURVE('',#5926,#6034);
#6034 = DEFINITIONAL_REPRESENTATION('',(#6035),#6039);
#6035 = CIRCLE('',#6036,1.7);
#6036 = AXIS2_PLACEMENT_2D('',#6037,#6038);
#6037 = CARTESIAN_POINT('',(-1.25,6.));
#6038 = DIRECTION('',(0.,1.));
#6039 = ( GEOMETRIC_REPRESENTATION_CONTEXT(2) 
PARAMETRIC_REPRESENTATION_CONTEXT() REPRESENTATION_CONTEXT('2D SPACE',''
  ) );
#6040 = ADVANCED_FACE('',(#6041),#3937,.T.);
#6041 = FACE_BOUND('',#6042,.T.);
#6042 = EDGE_LOOP('',(#6043,#6044,#6045,#6046));
#6043 = ORIENTED_EDGE('',*,*,#3920,.F.);
#6044 = ORIENTED_EDGE('',*,*,#4082,.F.);
#6045 = ORIENTED_EDGE('',*,*,#4046,.T.);
#6046 = ORIENTED_EDGE('',*,*,#3977,.F.);
#6047 = ADVANCED_FACE('',(#6048),#4124,.T.);
#6048 = FACE_BOUND('',#6049,.T.);
#6049 = EDGE_LOOP('',(#6050,#6080,#6101,#6102));
#6050 = ORIENTED_EDGE('',*,*,#6051,.F.);
#6051 = EDGE_CURVE('',#6052,#6054,#6056,.T.);
#6052 = VERTEX_POINT('',#6053);
#6053 = CARTESIAN_POINT('',(-8.1,-0.65,7.));
#6054 = VERTEX_POINT('',#6055);
#6055 = CARTESIAN_POINT('',(17.5,-0.65,7.));
#6056 = SURFACE_CURVE('',#6057,(#6061,#6068),.PCURVE_S1.);
#6057 = LINE('',#6058,#6059);
#6058 = CARTESIAN_POINT('',(-9.85,-0.65,7.));
#6059 = VECTOR('',#6060,1.);
#6060 = DIRECTION('',(1.,0.,0.));
#6061 = PCURVE('',#4124,#6062);
#6062 = DEFINITIONAL_REPRESENTATION('',(#6063),#6067);
#6063 = LINE('',#6064,#6065);
#6064 = CARTESIAN_POINT('',(0.,0.));
#6065 = VECTOR('',#6066,1.);
#6066 = DIRECTION('',(1.,0.));
#6067 = ( GEOMETRIC_REPRESENTATION_CONTEXT(2) 
PARAMETRIC_REPRESENTATION_CONTEXT() REPRESENTATION_CONTEXT('2D SPACE',''
  ) );
#6068 = PCURVE('',#6069,#6074);
#6069 = PLANE('',#6070);
#6070 = AXIS2_PLACEMENT_3D('',#6071,#6072,#6073);
#6071 = CARTESIAN_POINT('',(4.7,10.55,7.));
#6072 = DIRECTION('',(0.,0.,1.));
#6073 = DIRECTION('',(1.,0.,-0.));
#6074 = DEFINITIONAL_REPRESENTATION('',(#6075),#6079);
#6075 = LINE('',#6076,#6077);
#6076 = CARTESIAN_POINT('',(-14.55,-11.2));
#6077 = VECTOR('',#6078,1.);
#6078 = DIRECTION('',(1.,0.));
#6079 = ( GEOMETRIC_REPRESENTATION_CONTEXT(2) 
PARAMETRIC_REPRESENTATION_CONTEXT() REPRESENTATION_CONTEXT('2D SPACE',''
  ) );
#6080 = ORIENTED_EDGE('',*,*,#6081,.T.);
#6081 = EDGE_CURVE('',#6052,#4108,#6082,.T.);
#6082 = SURFACE_CURVE('',#6083,(#6087,#6094),.PCURVE_S1.);
#6083 = LINE('',#6084,#6085);
#6084 = CARTESIAN_POINT('',(-8.1,-0.65,7.));
#6085 = VECTOR('',#6086,1.);
#6086 = DIRECTION('',(0.,0.,1.));
#6087 = PCURVE('',#4124,#6088);
#6088 = DEFINITIONAL_REPRESENTATION('',(#6089),#6093);
#6089 = LINE('',#6090,#6091);
#6090 = CARTESIAN_POINT('',(1.75,0.));
#6091 = VECTOR('',#6092,1.);
#6092 = DIRECTION('',(0.,-1.));
#6093 = ( GEOMETRIC_REPRESENTATION_CONTEXT(2) 
PARAMETRIC_REPRESENTATION_CONTEXT() REPRESENTATION_CONTEXT('2D SPACE',''
  ) );
#6094 = PCURVE('',#4152,#6095);
#6095 = DEFINITIONAL_REPRESENTATION('',(#6096),#6100);
#6096 = LINE('',#6097,#6098);
#6097 = CARTESIAN_POINT('',(-0.,0.));
#6098 = VECTOR('',#6099,1.);
#6099 = DIRECTION('',(-0.,1.));
#6100 = ( GEOMETRIC_REPRESENTATION_CONTEXT(2) 
PARAMETRIC_REPRESENTATION_CONTEXT() REPRESENTATION_CONTEXT('2D SPACE',''
  ) );
#6101 = ORIENTED_EDGE('',*,*,#4107,.T.);
#6102 = ORIENTED_EDGE('',*,*,#6103,.F.);
#6103 = EDGE_CURVE('',#6054,#4110,#6104,.T.);
#6104 = SURFACE_CURVE('',#6105,(#6109,#6116),.PCURVE_S1.);
#6105 = LINE('',#6106,#6107);
#6106 = CARTESIAN_POINT('',(17.5,-0.65,7.));
#6107 = VECTOR('',#6108,1.);
#6108 = DIRECTION('',(0.,0.,1.));
#6109 = PCURVE('',#4124,#6110);
#6110 = DEFINITIONAL_REPRESENTATION('',(#6111),#6115);
#6111 = LINE('',#6112,#6113);
#6112 = CARTESIAN_POINT('',(27.35,0.));
#6113 = VECTOR('',#6114,1.);
#6114 = DIRECTION('',(0.,-1.));
#6115 = ( GEOMETRIC_REPRESENTATION_CONTEXT(2) 
PARAMETRIC_REPRESENTATION_CONTEXT() REPRESENTATION_CONTEXT('2D SPACE',''
  ) );
#6116 = PCURVE('',#4315,#6117);
#6117 = DEFINITIONAL_REPRESENTATION('',(#6118),#6122);
#6118 = LINE('',#6119,#6120);
#6119 = CARTESIAN_POINT('',(0.,0.));
#6120 = VECTOR('',#6121,1.);
#6121 = DIRECTION('',(0.,1.));
#6122 = ( GEOMETRIC_REPRESENTATION_CONTEXT(2) 
PARAMETRIC_REPRESENTATION_CONTEXT() REPRESENTATION_CONTEXT('2D SPACE',''
  ) );
#6123 = ADVANCED_FACE('',(#6124),#4152,.F.);
#6124 = FACE_BOUND('',#6125,.T.);
#6125 = EDGE_LOOP('',(#6126,#6127,#6155,#6176));
#6126 = ORIENTED_EDGE('',*,*,#6081,.F.);
#6127 = ORIENTED_EDGE('',*,*,#6128,.T.);
#6128 = EDGE_CURVE('',#6052,#6129,#6131,.T.);
#6129 = VERTEX_POINT('',#6130);
#6130 = CARTESIAN_POINT('',(-9.85,1.1,7.));
#6131 = SURFACE_CURVE('',#6132,(#6137,#6144),.PCURVE_S1.);
#6132 = CIRCLE('',#6133,1.75);
#6133 = AXIS2_PLACEMENT_3D('',#6134,#6135,#6136);
#6134 = CARTESIAN_POINT('',(-8.1,1.1,7.));
#6135 = DIRECTION('',(-0.,-0.,-1.));
#6136 = DIRECTION('',(0.,-1.,0.));
#6137 = PCURVE('',#4152,#6138);
#6138 = DEFINITIONAL_REPRESENTATION('',(#6139),#6143);
#6139 = LINE('',#6140,#6141);
#6140 = CARTESIAN_POINT('',(-0.,-8.881784197001E-16));
#6141 = VECTOR('',#6142,1.);
#6142 = DIRECTION('',(-1.,0.));
#6143 = ( GEOMETRIC_REPRESENTATION_CONTEXT(2) 
PARAMETRIC_REPRESENTATION_CONTEXT() REPRESENTATION_CONTEXT('2D SPACE',''
  ) );
#6144 = PCURVE('',#6069,#6145);
#6145 = DEFINITIONAL_REPRESENTATION('',(#6146),#6154);
#6146 = ( BOUNDED_CURVE() B_SPLINE_CURVE(2,(#6147,#6148,#6149,#6150,
#6151,#6152,#6153),.UNSPECIFIED.,.T.,.F.) B_SPLINE_CURVE_WITH_KNOTS((1,2
    ,2,2,2,1),(-2.094395102393,0.,2.094395102393,4.188790204786,
6.28318530718,8.377580409573),.UNSPECIFIED.) CURVE() 
GEOMETRIC_REPRESENTATION_ITEM() RATIONAL_B_SPLINE_CURVE((1.,0.5,1.,0.5,
1.,0.5,1.)) REPRESENTATION_ITEM('') );
#6147 = CARTESIAN_POINT('',(-12.8,-11.2));
#6148 = CARTESIAN_POINT('',(-15.83108891324,-11.2));
#6149 = CARTESIAN_POINT('',(-14.31554445662,-8.575));
#6150 = CARTESIAN_POINT('',(-12.8,-5.95));
#6151 = CARTESIAN_POINT('',(-11.28445554337,-8.575));
#6152 = CARTESIAN_POINT('',(-9.768911086754,-11.2));
#6153 = CARTESIAN_POINT('',(-12.8,-11.2));
#6154 = ( GEOMETRIC_REPRESENTATION_CONTEXT(2) 
PARAMETRIC_REPRESENTATION_CONTEXT() REPRESENTATION_CONTEXT('2D SPACE',''
  ) );
#6155 = ORIENTED_EDGE('',*,*,#6156,.T.);
#6156 = EDGE_CURVE('',#6129,#4136,#6157,.T.);
#6157 = SURFACE_CURVE('',#6158,(#6162,#6169),.PCURVE_S1.);
#6158 = LINE('',#6159,#6160);
#6159 = CARTESIAN_POINT('',(-9.85,1.1,7.));
#6160 = VECTOR('',#6161,1.);
#6161 = DIRECTION('',(0.,0.,1.));
#6162 = PCURVE('',#4152,#6163);
#6163 = DEFINITIONAL_REPRESENTATION('',(#6164),#6168);
#6164 = LINE('',#6165,#6166);
#6165 = CARTESIAN_POINT('',(-1.570796326795,0.));
#6166 = VECTOR('',#6167,1.);
#6167 = DIRECTION('',(-0.,1.));
#6168 = ( GEOMETRIC_REPRESENTATION_CONTEXT(2) 
PARAMETRIC_REPRESENTATION_CONTEXT() REPRESENTATION_CONTEXT('2D SPACE',''
  ) );
#6169 = PCURVE('',#4179,#6170);
#6170 = DEFINITIONAL_REPRESENTATION('',(#6171),#6175);
#6171 = LINE('',#6172,#6173);
#6172 = CARTESIAN_POINT('',(20.65,0.));
#6173 = VECTOR('',#6174,1.);
#6174 = DIRECTION('',(0.,-1.));
#6175 = ( GEOMETRIC_REPRESENTATION_CONTEXT(2) 
PARAMETRIC_REPRESENTATION_CONTEXT() REPRESENTATION_CONTEXT('2D SPACE',''
  ) );
#6176 = ORIENTED_EDGE('',*,*,#4135,.T.);
#6177 = ADVANCED_FACE('',(#6178),#4315,.F.);
#6178 = FACE_BOUND('',#6179,.F.);
#6179 = EDGE_LOOP('',(#6180,#6181,#6205,#6226));
#6180 = ORIENTED_EDGE('',*,*,#6103,.F.);
#6181 = ORIENTED_EDGE('',*,*,#6182,.T.);
#6182 = EDGE_CURVE('',#6054,#6183,#6185,.T.);
#6183 = VERTEX_POINT('',#6184);
#6184 = CARTESIAN_POINT('',(19.25,1.1,7.));
#6185 = SURFACE_CURVE('',#6186,(#6191,#6198),.PCURVE_S1.);
#6186 = CIRCLE('',#6187,1.75);
#6187 = AXIS2_PLACEMENT_3D('',#6188,#6189,#6190);
#6188 = CARTESIAN_POINT('',(17.5,1.1,7.));
#6189 = DIRECTION('',(0.,0.,1.));
#6190 = DIRECTION('',(0.,-1.,0.));
#6191 = PCURVE('',#4315,#6192);
#6192 = DEFINITIONAL_REPRESENTATION('',(#6193),#6197);
#6193 = LINE('',#6194,#6195);
#6194 = CARTESIAN_POINT('',(0.,-8.881784197001E-16));
#6195 = VECTOR('',#6196,1.);
#6196 = DIRECTION('',(1.,0.));
#6197 = ( GEOMETRIC_REPRESENTATION_CONTEXT(2) 
PARAMETRIC_REPRESENTATION_CONTEXT() REPRESENTATION_CONTEXT('2D SPACE',''
  ) );
#6198 = PCURVE('',#6069,#6199);
#6199 = DEFINITIONAL_REPRESENTATION('',(#6200),#6204);
#6200 = CIRCLE('',#6201,1.75);
#6201 = AXIS2_PLACEMENT_2D('',#6202,#6203);
#6202 = CARTESIAN_POINT('',(12.8,-9.45));
#6203 = DIRECTION('',(0.,-1.));
#6204 = ( GEOMETRIC_REPRESENTATION_CONTEXT(2) 
PARAMETRIC_REPRESENTATION_CONTEXT() REPRESENTATION_CONTEXT('2D SPACE',''
  ) );
#6205 = ORIENTED_EDGE('',*,*,#6206,.T.);
#6206 = EDGE_CURVE('',#6183,#4275,#6207,.T.);
#6207 = SURFACE_CURVE('',#6208,(#6212,#6219),.PCURVE_S1.);
#6208 = LINE('',#6209,#6210);
#6209 = CARTESIAN_POINT('',(19.25,1.1,7.));
#6210 = VECTOR('',#6211,1.);
#6211 = DIRECTION('',(0.,0.,1.));
#6212 = PCURVE('',#4315,#6213);
#6213 = DEFINITIONAL_REPRESENTATION('',(#6214),#6218);
#6214 = LINE('',#6215,#6216);
#6215 = CARTESIAN_POINT('',(1.570796326795,0.));
#6216 = VECTOR('',#6217,1.);
#6217 = DIRECTION('',(0.,1.));
#6218 = ( GEOMETRIC_REPRESENTATION_CONTEXT(2) 
PARAMETRIC_REPRESENTATION_CONTEXT() REPRESENTATION_CONTEXT('2D SPACE',''
  ) );
#6219 = PCURVE('',#4289,#6220);
#6220 = DEFINITIONAL_REPRESENTATION('',(#6221),#6225);
#6221 = LINE('',#6222,#6223);
#6222 = CARTESIAN_POINT('',(1.75,0.));
#6223 = VECTOR('',#6224,1.);
#6224 = DIRECTION('',(0.,-1.));
#6225 = ( GEOMETRIC_REPRESENTATION_CONTEXT(2) 
PARAMETRIC_REPRESENTATION_CONTEXT() REPRESENTATION_CONTEXT('2D SPACE',''
  ) );
#6226 = ORIENTED_EDGE('',*,*,#4300,.F.);
#6227 = ADVANCED_FACE('',(#6228),#4179,.T.);
#6228 = FACE_BOUND('',#6229,.T.);
#6229 = EDGE_LOOP('',(#6230,#6253,#6274,#6275));
#6230 = ORIENTED_EDGE('',*,*,#6231,.F.);
#6231 = EDGE_CURVE('',#6232,#6129,#6234,.T.);
#6232 = VERTEX_POINT('',#6233);
#6233 = CARTESIAN_POINT('',(-9.85,20.,7.));
#6234 = SURFACE_CURVE('',#6235,(#6239,#6246),.PCURVE_S1.);
#6235 = LINE('',#6236,#6237);
#6236 = CARTESIAN_POINT('',(-9.85,21.75,7.));
#6237 = VECTOR('',#6238,1.);
#6238 = DIRECTION('',(0.,-1.,0.));
#6239 = PCURVE('',#4179,#6240);
#6240 = DEFINITIONAL_REPRESENTATION('',(#6241),#6245);
#6241 = LINE('',#6242,#6243);
#6242 = CARTESIAN_POINT('',(0.,0.));
#6243 = VECTOR('',#6244,1.);
#6244 = DIRECTION('',(1.,0.));
#6245 = ( GEOMETRIC_REPRESENTATION_CONTEXT(2) 
PARAMETRIC_REPRESENTATION_CONTEXT() REPRESENTATION_CONTEXT('2D SPACE',''
  ) );
#6246 = PCURVE('',#6069,#6247);
#6247 = DEFINITIONAL_REPRESENTATION('',(#6248),#6252);
#6248 = LINE('',#6249,#6250);
#6249 = CARTESIAN_POINT('',(-14.55,11.2));
#6250 = VECTOR('',#6251,1.);
#6251 = DIRECTION('',(0.,-1.));
#6252 = ( GEOMETRIC_REPRESENTATION_CONTEXT(2) 
PARAMETRIC_REPRESENTATION_CONTEXT() REPRESENTATION_CONTEXT('2D SPACE',''
  ) );
#6253 = ORIENTED_EDGE('',*,*,#6254,.T.);
#6254 = EDGE_CURVE('',#6232,#4165,#6255,.T.);
#6255 = SURFACE_CURVE('',#6256,(#6260,#6267),.PCURVE_S1.);
#6256 = LINE('',#6257,#6258);
#6257 = CARTESIAN_POINT('',(-9.85,20.,7.));
#6258 = VECTOR('',#6259,1.);
#6259 = DIRECTION('',(0.,0.,1.));
#6260 = PCURVE('',#4179,#6261);
#6261 = DEFINITIONAL_REPRESENTATION('',(#6262),#6266);
#6262 = LINE('',#6263,#6264);
#6263 = CARTESIAN_POINT('',(1.75,0.));
#6264 = VECTOR('',#6265,1.);
#6265 = DIRECTION('',(0.,-1.));
#6266 = ( GEOMETRIC_REPRESENTATION_CONTEXT(2) 
PARAMETRIC_REPRESENTATION_CONTEXT() REPRESENTATION_CONTEXT('2D SPACE',''
  ) );
#6267 = PCURVE('',#4207,#6268);
#6268 = DEFINITIONAL_REPRESENTATION('',(#6269),#6273);
#6269 = LINE('',#6270,#6271);
#6270 = CARTESIAN_POINT('',(1.570796326795,0.));
#6271 = VECTOR('',#6272,1.);
#6272 = DIRECTION('',(0.,1.));
#6273 = ( GEOMETRIC_REPRESENTATION_CONTEXT(2) 
PARAMETRIC_REPRESENTATION_CONTEXT() REPRESENTATION_CONTEXT('2D SPACE',''
  ) );
#6274 = ORIENTED_EDGE('',*,*,#4164,.T.);
#6275 = ORIENTED_EDGE('',*,*,#6156,.F.);
#6276 = ADVANCED_FACE('',(#6277),#4289,.T.);
#6277 = FACE_BOUND('',#6278,.T.);
#6278 = EDGE_LOOP('',(#6279,#6302,#6303,#6304));
#6279 = ORIENTED_EDGE('',*,*,#6280,.F.);
#6280 = EDGE_CURVE('',#6183,#6281,#6283,.T.);
#6281 = VERTEX_POINT('',#6282);
#6282 = CARTESIAN_POINT('',(19.25,20.,7.));
#6283 = SURFACE_CURVE('',#6284,(#6288,#6295),.PCURVE_S1.);
#6284 = LINE('',#6285,#6286);
#6285 = CARTESIAN_POINT('',(19.25,-0.65,7.));
#6286 = VECTOR('',#6287,1.);
#6287 = DIRECTION('',(0.,1.,0.));
#6288 = PCURVE('',#4289,#6289);
#6289 = DEFINITIONAL_REPRESENTATION('',(#6290),#6294);
#6290 = LINE('',#6291,#6292);
#6291 = CARTESIAN_POINT('',(0.,0.));
#6292 = VECTOR('',#6293,1.);
#6293 = DIRECTION('',(1.,0.));
#6294 = ( GEOMETRIC_REPRESENTATION_CONTEXT(2) 
PARAMETRIC_REPRESENTATION_CONTEXT() REPRESENTATION_CONTEXT('2D SPACE',''
  ) );
#6295 = PCURVE('',#6069,#6296);
#6296 = DEFINITIONAL_REPRESENTATION('',(#6297),#6301);
#6297 = LINE('',#6298,#6299);
#6298 = CARTESIAN_POINT('',(14.55,-11.2));
#6299 = VECTOR('',#6300,1.);
#6300 = DIRECTION('',(0.,1.));
#6301 = ( GEOMETRIC_REPRESENTATION_CONTEXT(2) 
PARAMETRIC_REPRESENTATION_CONTEXT() REPRESENTATION_CONTEXT('2D SPACE',''
  ) );
#6302 = ORIENTED_EDGE('',*,*,#6206,.T.);
#6303 = ORIENTED_EDGE('',*,*,#4274,.T.);
#6304 = ORIENTED_EDGE('',*,*,#6305,.F.);
#6305 = EDGE_CURVE('',#6281,#4246,#6306,.T.);
#6306 = SURFACE_CURVE('',#6307,(#6311,#6318),.PCURVE_S1.);
#6307 = LINE('',#6308,#6309);
#6308 = CARTESIAN_POINT('',(19.25,20.,7.));
#6309 = VECTOR('',#6310,1.);
#6310 = DIRECTION('',(0.,0.,1.));
#6311 = PCURVE('',#4289,#6312);
#6312 = DEFINITIONAL_REPRESENTATION('',(#6313),#6317);
#6313 = LINE('',#6314,#6315);
#6314 = CARTESIAN_POINT('',(20.65,0.));
#6315 = VECTOR('',#6316,1.);
#6316 = DIRECTION('',(0.,-1.));
#6317 = ( GEOMETRIC_REPRESENTATION_CONTEXT(2) 
PARAMETRIC_REPRESENTATION_CONTEXT() REPRESENTATION_CONTEXT('2D SPACE',''
  ) );
#6318 = PCURVE('',#4262,#6319);
#6319 = DEFINITIONAL_REPRESENTATION('',(#6320),#6324);
#6320 = LINE('',#6321,#6322);
#6321 = CARTESIAN_POINT('',(0.,0.));
#6322 = VECTOR('',#6323,1.);
#6323 = DIRECTION('',(0.,1.));
#6324 = ( GEOMETRIC_REPRESENTATION_CONTEXT(2) 
PARAMETRIC_REPRESENTATION_CONTEXT() REPRESENTATION_CONTEXT('2D SPACE',''
  ) );
#6325 = ADVANCED_FACE('',(#6326),#4207,.F.);
#6326 = FACE_BOUND('',#6327,.F.);
#6327 = EDGE_LOOP('',(#6328,#6351,#6373,#6374));
#6328 = ORIENTED_EDGE('',*,*,#6329,.F.);
#6329 = EDGE_CURVE('',#6330,#4191,#6332,.T.);
#6330 = VERTEX_POINT('',#6331);
#6331 = CARTESIAN_POINT('',(-8.1,21.75,7.));
#6332 = SURFACE_CURVE('',#6333,(#6337,#6344),.PCURVE_S1.);
#6333 = LINE('',#6334,#6335);
#6334 = CARTESIAN_POINT('',(-8.1,21.75,7.));
#6335 = VECTOR('',#6336,1.);
#6336 = DIRECTION('',(0.,0.,1.));
#6337 = PCURVE('',#4207,#6338);
#6338 = DEFINITIONAL_REPRESENTATION('',(#6339),#6343);
#6339 = LINE('',#6340,#6341);
#6340 = CARTESIAN_POINT('',(0.,0.));
#6341 = VECTOR('',#6342,1.);
#6342 = DIRECTION('',(0.,1.));
#6343 = ( GEOMETRIC_REPRESENTATION_CONTEXT(2) 
PARAMETRIC_REPRESENTATION_CONTEXT() REPRESENTATION_CONTEXT('2D SPACE',''
  ) );
#6344 = PCURVE('',#4234,#6345);
#6345 = DEFINITIONAL_REPRESENTATION('',(#6346),#6350);
#6346 = LINE('',#6347,#6348);
#6347 = CARTESIAN_POINT('',(27.35,0.));
#6348 = VECTOR('',#6349,1.);
#6349 = DIRECTION('',(0.,-1.));
#6350 = ( GEOMETRIC_REPRESENTATION_CONTEXT(2) 
PARAMETRIC_REPRESENTATION_CONTEXT() REPRESENTATION_CONTEXT('2D SPACE',''
  ) );
#6351 = ORIENTED_EDGE('',*,*,#6352,.T.);
#6352 = EDGE_CURVE('',#6330,#6232,#6353,.T.);
#6353 = SURFACE_CURVE('',#6354,(#6359,#6366),.PCURVE_S1.);
#6354 = CIRCLE('',#6355,1.75);
#6355 = AXIS2_PLACEMENT_3D('',#6356,#6357,#6358);
#6356 = CARTESIAN_POINT('',(-8.1,20.,7.));
#6357 = DIRECTION('',(0.,0.,1.));
#6358 = DIRECTION('',(0.,-1.,0.));
#6359 = PCURVE('',#4207,#6360);
#6360 = DEFINITIONAL_REPRESENTATION('',(#6361),#6365);
#6361 = LINE('',#6362,#6363);
#6362 = CARTESIAN_POINT('',(-3.14159265359,-8.881784197001E-16));
#6363 = VECTOR('',#6364,1.);
#6364 = DIRECTION('',(1.,0.));
#6365 = ( GEOMETRIC_REPRESENTATION_CONTEXT(2) 
PARAMETRIC_REPRESENTATION_CONTEXT() REPRESENTATION_CONTEXT('2D SPACE',''
  ) );
#6366 = PCURVE('',#6069,#6367);
#6367 = DEFINITIONAL_REPRESENTATION('',(#6368),#6372);
#6368 = CIRCLE('',#6369,1.75);
#6369 = AXIS2_PLACEMENT_2D('',#6370,#6371);
#6370 = CARTESIAN_POINT('',(-12.8,9.45));
#6371 = DIRECTION('',(0.,-1.));
#6372 = ( GEOMETRIC_REPRESENTATION_CONTEXT(2) 
PARAMETRIC_REPRESENTATION_CONTEXT() REPRESENTATION_CONTEXT('2D SPACE',''
  ) );
#6373 = ORIENTED_EDGE('',*,*,#6254,.T.);
#6374 = ORIENTED_EDGE('',*,*,#4190,.F.);
#6375 = ADVANCED_FACE('',(#6376),#4262,.F.);
#6376 = FACE_BOUND('',#6377,.F.);
#6377 = EDGE_LOOP('',(#6378,#6379,#6403,#6424));
#6378 = ORIENTED_EDGE('',*,*,#6305,.F.);
#6379 = ORIENTED_EDGE('',*,*,#6380,.T.);
#6380 = EDGE_CURVE('',#6281,#6381,#6383,.T.);
#6381 = VERTEX_POINT('',#6382);
#6382 = CARTESIAN_POINT('',(17.5,21.75,7.));
#6383 = SURFACE_CURVE('',#6384,(#6389,#6396),.PCURVE_S1.);
#6384 = CIRCLE('',#6385,1.75);
#6385 = AXIS2_PLACEMENT_3D('',#6386,#6387,#6388);
#6386 = CARTESIAN_POINT('',(17.5,20.,7.));
#6387 = DIRECTION('',(0.,0.,1.));
#6388 = DIRECTION('',(0.,-1.,0.));
#6389 = PCURVE('',#4262,#6390);
#6390 = DEFINITIONAL_REPRESENTATION('',(#6391),#6395);
#6391 = LINE('',#6392,#6393);
#6392 = CARTESIAN_POINT('',(-1.570796326795,-8.881784197001E-16));
#6393 = VECTOR('',#6394,1.);
#6394 = DIRECTION('',(1.,0.));
#6395 = ( GEOMETRIC_REPRESENTATION_CONTEXT(2) 
PARAMETRIC_REPRESENTATION_CONTEXT() REPRESENTATION_CONTEXT('2D SPACE',''
  ) );
#6396 = PCURVE('',#6069,#6397);
#6397 = DEFINITIONAL_REPRESENTATION('',(#6398),#6402);
#6398 = CIRCLE('',#6399,1.75);
#6399 = AXIS2_PLACEMENT_2D('',#6400,#6401);
#6400 = CARTESIAN_POINT('',(12.8,9.45));
#6401 = DIRECTION('',(0.,-1.));
#6402 = ( GEOMETRIC_REPRESENTATION_CONTEXT(2) 
PARAMETRIC_REPRESENTATION_CONTEXT() REPRESENTATION_CONTEXT('2D SPACE',''
  ) );
#6403 = ORIENTED_EDGE('',*,*,#6404,.T.);
#6404 = EDGE_CURVE('',#6381,#4220,#6405,.T.);
#6405 = SURFACE_CURVE('',#6406,(#6410,#6417),.PCURVE_S1.);
#6406 = LINE('',#6407,#6408);
#6407 = CARTESIAN_POINT('',(17.5,21.75,7.));
#6408 = VECTOR('',#6409,1.);
#6409 = DIRECTION('',(0.,0.,1.));
#6410 = PCURVE('',#4262,#6411);
#6411 = DEFINITIONAL_REPRESENTATION('',(#6412),#6416);
#6412 = LINE('',#6413,#6414);
#6413 = CARTESIAN_POINT('',(1.570796326795,0.));
#6414 = VECTOR('',#6415,1.);
#6415 = DIRECTION('',(0.,1.));
#6416 = ( GEOMETRIC_REPRESENTATION_CONTEXT(2) 
PARAMETRIC_REPRESENTATION_CONTEXT() REPRESENTATION_CONTEXT('2D SPACE',''
  ) );
#6417 = PCURVE('',#4234,#6418);
#6418 = DEFINITIONAL_REPRESENTATION('',(#6419),#6423);
#6419 = LINE('',#6420,#6421);
#6420 = CARTESIAN_POINT('',(1.75,0.));
#6421 = VECTOR('',#6422,1.);
#6422 = DIRECTION('',(0.,-1.));
#6423 = ( GEOMETRIC_REPRESENTATION_CONTEXT(2) 
PARAMETRIC_REPRESENTATION_CONTEXT() REPRESENTATION_CONTEXT('2D SPACE',''
  ) );
#6424 = ORIENTED_EDGE('',*,*,#4245,.F.);
#6425 = ADVANCED_FACE('',(#6426),#4234,.T.);
#6426 = FACE_BOUND('',#6427,.T.);
#6427 = EDGE_LOOP('',(#6428,#6449,#6450,#6451));
#6428 = ORIENTED_EDGE('',*,*,#6429,.F.);
#6429 = EDGE_CURVE('',#6381,#6330,#6430,.T.);
#6430 = SURFACE_CURVE('',#6431,(#6435,#6442),.PCURVE_S1.);
#6431 = LINE('',#6432,#6433);
#6432 = CARTESIAN_POINT('',(19.25,21.75,7.));
#6433 = VECTOR('',#6434,1.);
#6434 = DIRECTION('',(-1.,0.,0.));
#6435 = PCURVE('',#4234,#6436);
#6436 = DEFINITIONAL_REPRESENTATION('',(#6437),#6441);
#6437 = LINE('',#6438,#6439);
#6438 = CARTESIAN_POINT('',(0.,-0.));
#6439 = VECTOR('',#6440,1.);
#6440 = DIRECTION('',(1.,0.));
#6441 = ( GEOMETRIC_REPRESENTATION_CONTEXT(2) 
PARAMETRIC_REPRESENTATION_CONTEXT() REPRESENTATION_CONTEXT('2D SPACE',''
  ) );
#6442 = PCURVE('',#6069,#6443);
#6443 = DEFINITIONAL_REPRESENTATION('',(#6444),#6448);
#6444 = LINE('',#6445,#6446);
#6445 = CARTESIAN_POINT('',(14.55,11.2));
#6446 = VECTOR('',#6447,1.);
#6447 = DIRECTION('',(-1.,0.));
#6448 = ( GEOMETRIC_REPRESENTATION_CONTEXT(2) 
PARAMETRIC_REPRESENTATION_CONTEXT() REPRESENTATION_CONTEXT('2D SPACE',''
  ) );
#6449 = ORIENTED_EDGE('',*,*,#6404,.T.);
#6450 = ORIENTED_EDGE('',*,*,#4219,.T.);
#6451 = ORIENTED_EDGE('',*,*,#6329,.F.);
#6452 = ADVANCED_FACE('',(#6453),#4348,.F.);
#6453 = FACE_BOUND('',#6454,.F.);
#6454 = EDGE_LOOP('',(#6455,#6456,#6479,#6507));
#6455 = ORIENTED_EDGE('',*,*,#4330,.T.);
#6456 = ORIENTED_EDGE('',*,*,#6457,.T.);
#6457 = EDGE_CURVE('',#4333,#6458,#6460,.T.);
#6458 = VERTEX_POINT('',#6459);
#6459 = CARTESIAN_POINT('',(24.75,2.05,1.6));
#6460 = SURFACE_CURVE('',#6461,(#6465,#6472),.PCURVE_S1.);
#6461 = LINE('',#6462,#6463);
#6462 = CARTESIAN_POINT('',(22.25,2.05,1.6));
#6463 = VECTOR('',#6464,1.);
#6464 = DIRECTION('',(1.,0.,0.));
#6465 = PCURVE('',#4348,#6466);
#6466 = DEFINITIONAL_REPRESENTATION('',(#6467),#6471);
#6467 = LINE('',#6468,#6469);
#6468 = CARTESIAN_POINT('',(2.5,-1.6));
#6469 = VECTOR('',#6470,1.);
#6470 = DIRECTION('',(1.,0.));
#6471 = ( GEOMETRIC_REPRESENTATION_CONTEXT(2) 
PARAMETRIC_REPRESENTATION_CONTEXT() REPRESENTATION_CONTEXT('2D SPACE',''
  ) );
#6472 = PCURVE('',#4427,#6473);
#6473 = DEFINITIONAL_REPRESENTATION('',(#6474),#6478);
#6474 = LINE('',#6475,#6476);
#6475 = CARTESIAN_POINT('',(-0.,0.));
#6476 = VECTOR('',#6477,1.);
#6477 = DIRECTION('',(-0.,1.));
#6478 = ( GEOMETRIC_REPRESENTATION_CONTEXT(2) 
PARAMETRIC_REPRESENTATION_CONTEXT() REPRESENTATION_CONTEXT('2D SPACE',''
  ) );
#6479 = ORIENTED_EDGE('',*,*,#6480,.F.);
#6480 = EDGE_CURVE('',#6481,#6458,#6483,.T.);
#6481 = VERTEX_POINT('',#6482);
#6482 = CARTESIAN_POINT('',(24.75,2.05,0.8));
#6483 = SURFACE_CURVE('',#6484,(#6488,#6495),.PCURVE_S1.);
#6484 = LINE('',#6485,#6486);
#6485 = CARTESIAN_POINT('',(24.75,2.05,0.));
#6486 = VECTOR('',#6487,1.);
#6487 = DIRECTION('',(0.,0.,1.));
#6488 = PCURVE('',#4348,#6489);
#6489 = DEFINITIONAL_REPRESENTATION('',(#6490),#6494);
#6490 = LINE('',#6491,#6492);
#6491 = CARTESIAN_POINT('',(5.,0.));
#6492 = VECTOR('',#6493,1.);
#6493 = DIRECTION('',(0.,-1.));
#6494 = ( GEOMETRIC_REPRESENTATION_CONTEXT(2) 
PARAMETRIC_REPRESENTATION_CONTEXT() REPRESENTATION_CONTEXT('2D SPACE',''
  ) );
#6495 = PCURVE('',#6496,#6501);
#6496 = CYLINDRICAL_SURFACE('',#6497,2.5);
#6497 = AXIS2_PLACEMENT_3D('',#6498,#6499,#6500);
#6498 = CARTESIAN_POINT('',(24.75,4.55,0.));
#6499 = DIRECTION('',(0.,0.,1.));
#6500 = DIRECTION('',(0.,-1.,0.));
#6501 = DEFINITIONAL_REPRESENTATION('',(#6502),#6506);
#6502 = LINE('',#6503,#6504);
#6503 = CARTESIAN_POINT('',(0.,0.));
#6504 = VECTOR('',#6505,1.);
#6505 = DIRECTION('',(0.,1.));
#6506 = ( GEOMETRIC_REPRESENTATION_CONTEXT(2) 
PARAMETRIC_REPRESENTATION_CONTEXT() REPRESENTATION_CONTEXT('2D SPACE',''
  ) );
#6507 = ORIENTED_EDGE('',*,*,#6508,.F.);
#6508 = EDGE_CURVE('',#4331,#6481,#6509,.T.);
#6509 = SURFACE_CURVE('',#6510,(#6514,#6521),.PCURVE_S1.);
#6510 = LINE('',#6511,#6512);
#6511 = CARTESIAN_POINT('',(22.25,2.05,0.8));
#6512 = VECTOR('',#6513,1.);
#6513 = DIRECTION('',(1.,0.,0.));
#6514 = PCURVE('',#4348,#6515);
#6515 = DEFINITIONAL_REPRESENTATION('',(#6516),#6520);
#6516 = LINE('',#6517,#6518);
#6517 = CARTESIAN_POINT('',(2.5,-0.8));
#6518 = VECTOR('',#6519,1.);
#6519 = DIRECTION('',(1.,0.));
#6520 = ( GEOMETRIC_REPRESENTATION_CONTEXT(2) 
PARAMETRIC_REPRESENTATION_CONTEXT() REPRESENTATION_CONTEXT('2D SPACE',''
  ) );
#6521 = PCURVE('',#5900,#6522);
#6522 = DEFINITIONAL_REPRESENTATION('',(#6523),#6527);
#6523 = LINE('',#6524,#6525);
#6524 = CARTESIAN_POINT('',(0.,0.));
#6525 = VECTOR('',#6526,1.);
#6526 = DIRECTION('',(0.,1.));
#6527 = ( GEOMETRIC_REPRESENTATION_CONTEXT(2) 
PARAMETRIC_REPRESENTATION_CONTEXT() REPRESENTATION_CONTEXT('2D SPACE',''
  ) );
#6528 = ADVANCED_FACE('',(#6529),#4427,.T.);
#6529 = FACE_BOUND('',#6530,.F.);
#6530 = EDGE_LOOP('',(#6531,#6532,#6533,#6553));
#6531 = ORIENTED_EDGE('',*,*,#4411,.T.);
#6532 = ORIENTED_EDGE('',*,*,#4464,.T.);
#6533 = ORIENTED_EDGE('',*,*,#6534,.F.);
#6534 = EDGE_CURVE('',#6458,#4465,#6535,.T.);
#6535 = SURFACE_CURVE('',#6536,(#6541,#6547),.PCURVE_S1.);
#6536 = CIRCLE('',#6537,0.8);
#6537 = AXIS2_PLACEMENT_3D('',#6538,#6539,#6540);
#6538 = CARTESIAN_POINT('',(24.75,2.85,1.6));
#6539 = DIRECTION('',(-1.,-0.,0.));
#6540 = DIRECTION('',(0.,-1.,0.));
#6541 = PCURVE('',#4427,#6542);
#6542 = DEFINITIONAL_REPRESENTATION('',(#6543),#6546);
#6543 = B_SPLINE_CURVE_WITH_KNOTS('',1,(#6544,#6545),.UNSPECIFIED.,.F.,
  .F.,(2,2),(0.,1.570796326795),.PIECEWISE_BEZIER_KNOTS.);
#6544 = CARTESIAN_POINT('',(0.,2.5));
#6545 = CARTESIAN_POINT('',(-1.570796326795,2.5));
#6546 = ( GEOMETRIC_REPRESENTATION_CONTEXT(2) 
PARAMETRIC_REPRESENTATION_CONTEXT() REPRESENTATION_CONTEXT('2D SPACE',''
  ) );
#6547 = PCURVE('',#4504,#6548);
#6548 = DEFINITIONAL_REPRESENTATION('',(#6549),#6552);
#6549 = B_SPLINE_CURVE_WITH_KNOTS('',1,(#6550,#6551),.UNSPECIFIED.,.F.,
  .F.,(2,2),(0.,1.570796326795),.PIECEWISE_BEZIER_KNOTS.);
#6550 = CARTESIAN_POINT('',(0.,0.));
#6551 = CARTESIAN_POINT('',(0.,1.570796326795));
#6552 = ( GEOMETRIC_REPRESENTATION_CONTEXT(2) 
PARAMETRIC_REPRESENTATION_CONTEXT() REPRESENTATION_CONTEXT('2D SPACE',''
  ) );
#6553 = ORIENTED_EDGE('',*,*,#6457,.F.);
#6554 = ADVANCED_FACE('',(#6555),#4589,.T.);
#6555 = FACE_BOUND('',#6556,.F.);
#6556 = EDGE_LOOP('',(#6557,#6579,#6580,#6581));
#6557 = ORIENTED_EDGE('',*,*,#6558,.T.);
#6558 = EDGE_CURVE('',#6559,#4545,#6561,.T.);
#6559 = VERTEX_POINT('',#6560);
#6560 = CARTESIAN_POINT('',(24.75,19.05,1.6));
#6561 = SURFACE_CURVE('',#6562,(#6567,#6573),.PCURVE_S1.);
#6562 = CIRCLE('',#6563,0.8);
#6563 = AXIS2_PLACEMENT_3D('',#6564,#6565,#6566);
#6564 = CARTESIAN_POINT('',(24.75,18.25,1.6));
#6565 = DIRECTION('',(1.,-6.123233995737E-17,0.));
#6566 = DIRECTION('',(6.123233995737E-17,1.,0.));
#6567 = PCURVE('',#4589,#6568);
#6568 = DEFINITIONAL_REPRESENTATION('',(#6569),#6572);
#6569 = B_SPLINE_CURVE_WITH_KNOTS('',1,(#6570,#6571),.UNSPECIFIED.,.F.,
  .F.,(2,2),(0.,1.570796326795),.PIECEWISE_BEZIER_KNOTS.);
#6570 = CARTESIAN_POINT('',(0.,0.));
#6571 = CARTESIAN_POINT('',(-1.570796326795,0.));
#6572 = ( GEOMETRIC_REPRESENTATION_CONTEXT(2) 
PARAMETRIC_REPRESENTATION_CONTEXT() REPRESENTATION_CONTEXT('2D SPACE',''
  ) );
#6573 = PCURVE('',#4561,#6574);
#6574 = DEFINITIONAL_REPRESENTATION('',(#6575),#6578);
#6575 = B_SPLINE_CURVE_WITH_KNOTS('',1,(#6576,#6577),.UNSPECIFIED.,.F.,
  .F.,(2,2),(0.,1.570796326795),.PIECEWISE_BEZIER_KNOTS.);
#6576 = CARTESIAN_POINT('',(1.570796326795,0.));
#6577 = CARTESIAN_POINT('',(1.570796326795,1.570796326795));
#6578 = ( GEOMETRIC_REPRESENTATION_CONTEXT(2) 
PARAMETRIC_REPRESENTATION_CONTEXT() REPRESENTATION_CONTEXT('2D SPACE',''
  ) );
#6579 = ORIENTED_EDGE('',*,*,#4573,.T.);
#6580 = ORIENTED_EDGE('',*,*,#4849,.F.);
#6581 = ORIENTED_EDGE('',*,*,#6582,.F.);
#6582 = EDGE_CURVE('',#6559,#4850,#6583,.T.);
#6583 = SURFACE_CURVE('',#6584,(#6588,#6595),.PCURVE_S1.);
#6584 = LINE('',#6585,#6586);
#6585 = CARTESIAN_POINT('',(24.75,19.05,1.6));
#6586 = VECTOR('',#6587,1.);
#6587 = DIRECTION('',(-1.,0.,0.));
#6588 = PCURVE('',#4589,#6589);
#6589 = DEFINITIONAL_REPRESENTATION('',(#6590),#6594);
#6590 = LINE('',#6591,#6592);
#6591 = CARTESIAN_POINT('',(-0.,0.));
#6592 = VECTOR('',#6593,1.);
#6593 = DIRECTION('',(-0.,1.));
#6594 = ( GEOMETRIC_REPRESENTATION_CONTEXT(2) 
PARAMETRIC_REPRESENTATION_CONTEXT() REPRESENTATION_CONTEXT('2D SPACE',''
  ) );
#6595 = PCURVE('',#4914,#6596);
#6596 = DEFINITIONAL_REPRESENTATION('',(#6597),#6601);
#6597 = LINE('',#6598,#6599);
#6598 = CARTESIAN_POINT('',(2.5,-1.6));
#6599 = VECTOR('',#6600,1.);
#6600 = DIRECTION('',(1.,0.));
#6601 = ( GEOMETRIC_REPRESENTATION_CONTEXT(2) 
PARAMETRIC_REPRESENTATION_CONTEXT() REPRESENTATION_CONTEXT('2D SPACE',''
  ) );
#6602 = ADVANCED_FACE('',(#6603),#4561,.T.);
#6603 = FACE_BOUND('',#6604,.T.);
#6604 = EDGE_LOOP('',(#6605,#6627,#6654,#6655));
#6605 = ORIENTED_EDGE('',*,*,#6606,.F.);
#6606 = EDGE_CURVE('',#6607,#4517,#6609,.T.);
#6607 = VERTEX_POINT('',#6608);
#6608 = CARTESIAN_POINT('',(27.25,16.55,1.6));
#6609 = SURFACE_CURVE('',#6610,(#6615,#6621),.PCURVE_S1.);
#6610 = CIRCLE('',#6611,0.8);
#6611 = AXIS2_PLACEMENT_3D('',#6612,#6613,#6614);
#6612 = CARTESIAN_POINT('',(26.45,16.55,1.6));
#6613 = DIRECTION('',(0.,-1.,-0.));
#6614 = DIRECTION('',(1.,0.,-0.));
#6615 = PCURVE('',#4561,#6616);
#6616 = DEFINITIONAL_REPRESENTATION('',(#6617),#6620);
#6617 = B_SPLINE_CURVE_WITH_KNOTS('',1,(#6618,#6619),.UNSPECIFIED.,.F.,
  .F.,(2,2),(0.,1.570796326795),.PIECEWISE_BEZIER_KNOTS.);
#6618 = CARTESIAN_POINT('',(0.,0.));
#6619 = CARTESIAN_POINT('',(0.,1.570796326795));
#6620 = ( GEOMETRIC_REPRESENTATION_CONTEXT(2) 
PARAMETRIC_REPRESENTATION_CONTEXT() REPRESENTATION_CONTEXT('2D SPACE',''
  ) );
#6621 = PCURVE('',#4532,#6622);
#6622 = DEFINITIONAL_REPRESENTATION('',(#6623),#6626);
#6623 = B_SPLINE_CURVE_WITH_KNOTS('',1,(#6624,#6625),.UNSPECIFIED.,.F.,
  .F.,(2,2),(0.,1.570796326795),.PIECEWISE_BEZIER_KNOTS.);
#6624 = CARTESIAN_POINT('',(0.,12.));
#6625 = CARTESIAN_POINT('',(-1.570796326795,12.));
#6626 = ( GEOMETRIC_REPRESENTATION_CONTEXT(2) 
PARAMETRIC_REPRESENTATION_CONTEXT() REPRESENTATION_CONTEXT('2D SPACE',''
  ) );
#6627 = ORIENTED_EDGE('',*,*,#6628,.T.);
#6628 = EDGE_CURVE('',#6607,#6559,#6629,.T.);
#6629 = SURFACE_CURVE('',#6630,(#6635,#6642),.PCURVE_S1.);
#6630 = CIRCLE('',#6631,2.5);
#6631 = AXIS2_PLACEMENT_3D('',#6632,#6633,#6634);
#6632 = CARTESIAN_POINT('',(24.75,16.55,1.6));
#6633 = DIRECTION('',(0.,0.,1.));
#6634 = DIRECTION('',(1.,0.,-0.));
#6635 = PCURVE('',#4561,#6636);
#6636 = DEFINITIONAL_REPRESENTATION('',(#6637),#6641);
#6637 = LINE('',#6638,#6639);
#6638 = CARTESIAN_POINT('',(0.,0.));
#6639 = VECTOR('',#6640,1.);
#6640 = DIRECTION('',(1.,0.));
#6641 = ( GEOMETRIC_REPRESENTATION_CONTEXT(2) 
PARAMETRIC_REPRESENTATION_CONTEXT() REPRESENTATION_CONTEXT('2D SPACE',''
  ) );
#6642 = PCURVE('',#6643,#6648);
#6643 = CYLINDRICAL_SURFACE('',#6644,2.5);
#6644 = AXIS2_PLACEMENT_3D('',#6645,#6646,#6647);
#6645 = CARTESIAN_POINT('',(24.75,16.55,0.));
#6646 = DIRECTION('',(0.,0.,1.));
#6647 = DIRECTION('',(1.,0.,-0.));
#6648 = DEFINITIONAL_REPRESENTATION('',(#6649),#6653);
#6649 = LINE('',#6650,#6651);
#6650 = CARTESIAN_POINT('',(0.,1.6));
#6651 = VECTOR('',#6652,1.);
#6652 = DIRECTION('',(1.,0.));
#6653 = ( GEOMETRIC_REPRESENTATION_CONTEXT(2) 
PARAMETRIC_REPRESENTATION_CONTEXT() REPRESENTATION_CONTEXT('2D SPACE',''
  ) );
#6654 = ORIENTED_EDGE('',*,*,#6558,.T.);
#6655 = ORIENTED_EDGE('',*,*,#4544,.F.);
#6656 = ADVANCED_FACE('',(#6657),#4532,.T.);
#6657 = FACE_BOUND('',#6658,.F.);
#6658 = EDGE_LOOP('',(#6659,#6681,#6682,#6683));
#6659 = ORIENTED_EDGE('',*,*,#6660,.T.);
#6660 = EDGE_CURVE('',#6661,#4488,#6663,.T.);
#6661 = VERTEX_POINT('',#6662);
#6662 = CARTESIAN_POINT('',(27.25,4.55,1.6));
#6663 = SURFACE_CURVE('',#6664,(#6669,#6675),.PCURVE_S1.);
#6664 = CIRCLE('',#6665,0.8);
#6665 = AXIS2_PLACEMENT_3D('',#6666,#6667,#6668);
#6666 = CARTESIAN_POINT('',(26.45,4.55,1.6));
#6667 = DIRECTION('',(-6.123233995737E-17,-1.,0.));
#6668 = DIRECTION('',(1.,-6.123233995737E-17,0.));
#6669 = PCURVE('',#4532,#6670);
#6670 = DEFINITIONAL_REPRESENTATION('',(#6671),#6674);
#6671 = B_SPLINE_CURVE_WITH_KNOTS('',1,(#6672,#6673),.UNSPECIFIED.,.F.,
  .F.,(2,2),(0.,1.570796326795),.PIECEWISE_BEZIER_KNOTS.);
#6672 = CARTESIAN_POINT('',(0.,0.));
#6673 = CARTESIAN_POINT('',(-1.570796326795,0.));
#6674 = ( GEOMETRIC_REPRESENTATION_CONTEXT(2) 
PARAMETRIC_REPRESENTATION_CONTEXT() REPRESENTATION_CONTEXT('2D SPACE',''
  ) );
#6675 = PCURVE('',#4504,#6676);
#6676 = DEFINITIONAL_REPRESENTATION('',(#6677),#6680);
#6677 = B_SPLINE_CURVE_WITH_KNOTS('',1,(#6678,#6679),.UNSPECIFIED.,.F.,
  .F.,(2,2),(0.,1.570796326795),.PIECEWISE_BEZIER_KNOTS.);
#6678 = CARTESIAN_POINT('',(1.570796326795,0.));
#6679 = CARTESIAN_POINT('',(1.570796326795,1.570796326795));
#6680 = ( GEOMETRIC_REPRESENTATION_CONTEXT(2) 
PARAMETRIC_REPRESENTATION_CONTEXT() REPRESENTATION_CONTEXT('2D SPACE',''
  ) );
#6681 = ORIENTED_EDGE('',*,*,#4516,.T.);
#6682 = ORIENTED_EDGE('',*,*,#6606,.F.);
#6683 = ORIENTED_EDGE('',*,*,#6684,.F.);
#6684 = EDGE_CURVE('',#6661,#6607,#6685,.T.);
#6685 = SURFACE_CURVE('',#6686,(#6690,#6697),.PCURVE_S1.);
#6686 = LINE('',#6687,#6688);
#6687 = CARTESIAN_POINT('',(27.25,4.55,1.6));
#6688 = VECTOR('',#6689,1.);
#6689 = DIRECTION('',(0.,1.,0.));
#6690 = PCURVE('',#4532,#6691);
#6691 = DEFINITIONAL_REPRESENTATION('',(#6692),#6696);
#6692 = LINE('',#6693,#6694);
#6693 = CARTESIAN_POINT('',(-0.,0.));
#6694 = VECTOR('',#6695,1.);
#6695 = DIRECTION('',(-0.,1.));
#6696 = ( GEOMETRIC_REPRESENTATION_CONTEXT(2) 
PARAMETRIC_REPRESENTATION_CONTEXT() REPRESENTATION_CONTEXT('2D SPACE',''
  ) );
#6697 = PCURVE('',#6698,#6703);
#6698 = PLANE('',#6699);
#6699 = AXIS2_PLACEMENT_3D('',#6700,#6701,#6702);
#6700 = CARTESIAN_POINT('',(27.25,2.05,0.));
#6701 = DIRECTION('',(-1.,0.,0.));
#6702 = DIRECTION('',(0.,1.,0.));
#6703 = DEFINITIONAL_REPRESENTATION('',(#6704),#6708);
#6704 = LINE('',#6705,#6706);
#6705 = CARTESIAN_POINT('',(2.5,-1.6));
#6706 = VECTOR('',#6707,1.);
#6707 = DIRECTION('',(1.,0.));
#6708 = ( GEOMETRIC_REPRESENTATION_CONTEXT(2) 
PARAMETRIC_REPRESENTATION_CONTEXT() REPRESENTATION_CONTEXT('2D SPACE',''
  ) );
#6709 = ADVANCED_FACE('',(#6710),#4504,.T.);
#6710 = FACE_BOUND('',#6711,.T.);
#6711 = EDGE_LOOP('',(#6712,#6713,#6735,#6736));
#6712 = ORIENTED_EDGE('',*,*,#6534,.F.);
#6713 = ORIENTED_EDGE('',*,*,#6714,.T.);
#6714 = EDGE_CURVE('',#6458,#6661,#6715,.T.);
#6715 = SURFACE_CURVE('',#6716,(#6721,#6728),.PCURVE_S1.);
#6716 = CIRCLE('',#6717,2.5);
#6717 = AXIS2_PLACEMENT_3D('',#6718,#6719,#6720);
#6718 = CARTESIAN_POINT('',(24.75,4.55,1.6));
#6719 = DIRECTION('',(0.,0.,1.));
#6720 = DIRECTION('',(0.,-1.,0.));
#6721 = PCURVE('',#4504,#6722);
#6722 = DEFINITIONAL_REPRESENTATION('',(#6723),#6727);
#6723 = LINE('',#6724,#6725);
#6724 = CARTESIAN_POINT('',(0.,0.));
#6725 = VECTOR('',#6726,1.);
#6726 = DIRECTION('',(1.,0.));
#6727 = ( GEOMETRIC_REPRESENTATION_CONTEXT(2) 
PARAMETRIC_REPRESENTATION_CONTEXT() REPRESENTATION_CONTEXT('2D SPACE',''
  ) );
#6728 = PCURVE('',#6496,#6729);
#6729 = DEFINITIONAL_REPRESENTATION('',(#6730),#6734);
#6730 = LINE('',#6731,#6732);
#6731 = CARTESIAN_POINT('',(0.,1.6));
#6732 = VECTOR('',#6733,1.);
#6733 = DIRECTION('',(1.,0.));
#6734 = ( GEOMETRIC_REPRESENTATION_CONTEXT(2) 
PARAMETRIC_REPRESENTATION_CONTEXT() REPRESENTATION_CONTEXT('2D SPACE',''
  ) );
#6735 = ORIENTED_EDGE('',*,*,#6660,.T.);
#6736 = ORIENTED_EDGE('',*,*,#4487,.F.);
#6737 = ADVANCED_FACE('',(#6738),#4645,.F.);
#6738 = FACE_BOUND('',#6739,.F.);
#6739 = EDGE_LOOP('',(#6740,#6763,#6787,#6808));
#6740 = ORIENTED_EDGE('',*,*,#6741,.F.);
#6741 = EDGE_CURVE('',#6742,#4627,#6744,.T.);
#6742 = VERTEX_POINT('',#6743);
#6743 = CARTESIAN_POINT('',(24.05,4.8,0.));
#6744 = SURFACE_CURVE('',#6745,(#6749,#6756),.PCURVE_S1.);
#6745 = LINE('',#6746,#6747);
#6746 = CARTESIAN_POINT('',(24.05,4.8,-1.));
#6747 = VECTOR('',#6748,1.);
#6748 = DIRECTION('',(0.,0.,1.));
#6749 = PCURVE('',#4645,#6750);
#6750 = DEFINITIONAL_REPRESENTATION('',(#6751),#6755);
#6751 = LINE('',#6752,#6753);
#6752 = CARTESIAN_POINT('',(0.,0.));
#6753 = VECTOR('',#6754,1.);
#6754 = DIRECTION('',(0.,1.));
#6755 = ( GEOMETRIC_REPRESENTATION_CONTEXT(2) 
PARAMETRIC_REPRESENTATION_CONTEXT() REPRESENTATION_CONTEXT('2D SPACE',''
  ) );
#6756 = PCURVE('',#4672,#6757);
#6757 = DEFINITIONAL_REPRESENTATION('',(#6758),#6762);
#6758 = LINE('',#6759,#6760);
#6759 = CARTESIAN_POINT('',(1.6,0.));
#6760 = VECTOR('',#6761,1.);
#6761 = DIRECTION('',(0.,-1.));
#6762 = ( GEOMETRIC_REPRESENTATION_CONTEXT(2) 
PARAMETRIC_REPRESENTATION_CONTEXT() REPRESENTATION_CONTEXT('2D SPACE',''
  ) );
#6763 = ORIENTED_EDGE('',*,*,#6764,.T.);
#6764 = EDGE_CURVE('',#6742,#6765,#6767,.T.);
#6765 = VERTEX_POINT('',#6766);
#6766 = CARTESIAN_POINT('',(25.05,5.8,0.));
#6767 = SURFACE_CURVE('',#6768,(#6773,#6780),.PCURVE_S1.);
#6768 = CIRCLE('',#6769,1.);
#6769 = AXIS2_PLACEMENT_3D('',#6770,#6771,#6772);
#6770 = CARTESIAN_POINT('',(24.05,5.8,0.));
#6771 = DIRECTION('',(0.,0.,1.));
#6772 = DIRECTION('',(0.,-1.,0.));
#6773 = PCURVE('',#4645,#6774);
#6774 = DEFINITIONAL_REPRESENTATION('',(#6775),#6779);
#6775 = LINE('',#6776,#6777);
#6776 = CARTESIAN_POINT('',(0.,1.));
#6777 = VECTOR('',#6778,1.);
#6778 = DIRECTION('',(1.,0.));
#6779 = ( GEOMETRIC_REPRESENTATION_CONTEXT(2) 
PARAMETRIC_REPRESENTATION_CONTEXT() REPRESENTATION_CONTEXT('2D SPACE',''
  ) );
#6780 = PCURVE('',#5926,#6781);
#6781 = DEFINITIONAL_REPRESENTATION('',(#6782),#6786);
#6782 = CIRCLE('',#6783,1.);
#6783 = AXIS2_PLACEMENT_2D('',#6784,#6785);
#6784 = CARTESIAN_POINT('',(0.55,-4.75));
#6785 = DIRECTION('',(0.,-1.));
#6786 = ( GEOMETRIC_REPRESENTATION_CONTEXT(2) 
PARAMETRIC_REPRESENTATION_CONTEXT() REPRESENTATION_CONTEXT('2D SPACE',''
  ) );
#6787 = ORIENTED_EDGE('',*,*,#6788,.T.);
#6788 = EDGE_CURVE('',#6765,#4629,#6789,.T.);
#6789 = SURFACE_CURVE('',#6790,(#6794,#6801),.PCURVE_S1.);
#6790 = LINE('',#6791,#6792);
#6791 = CARTESIAN_POINT('',(25.05,5.8,-1.));
#6792 = VECTOR('',#6793,1.);
#6793 = DIRECTION('',(0.,0.,1.));
#6794 = PCURVE('',#4645,#6795);
#6795 = DEFINITIONAL_REPRESENTATION('',(#6796),#6800);
#6796 = LINE('',#6797,#6798);
#6797 = CARTESIAN_POINT('',(1.570796326795,0.));
#6798 = VECTOR('',#6799,1.);
#6799 = DIRECTION('',(0.,1.));
#6800 = ( GEOMETRIC_REPRESENTATION_CONTEXT(2) 
PARAMETRIC_REPRESENTATION_CONTEXT() REPRESENTATION_CONTEXT('2D SPACE',''
  ) );
#6801 = PCURVE('',#4835,#6802);
#6802 = DEFINITIONAL_REPRESENTATION('',(#6803),#6807);
#6803 = LINE('',#6804,#6805);
#6804 = CARTESIAN_POINT('',(1.,0.));
#6805 = VECTOR('',#6806,1.);
#6806 = DIRECTION('',(0.,-1.));
#6807 = ( GEOMETRIC_REPRESENTATION_CONTEXT(2) 
PARAMETRIC_REPRESENTATION_CONTEXT() REPRESENTATION_CONTEXT('2D SPACE',''
  ) );
#6808 = ORIENTED_EDGE('',*,*,#4626,.F.);
#6809 = ADVANCED_FACE('',(#6810),#4672,.T.);
#6810 = FACE_BOUND('',#6811,.T.);
#6811 = EDGE_LOOP('',(#6812,#6833,#6854,#6855));
#6812 = ORIENTED_EDGE('',*,*,#6813,.T.);
#6813 = EDGE_CURVE('',#6742,#6814,#6816,.T.);
#6814 = VERTEX_POINT('',#6815);
#6815 = CARTESIAN_POINT('',(23.45,4.8,0.));
#6816 = SURFACE_CURVE('',#6817,(#6821,#6827),.PCURVE_S1.);
#6817 = LINE('',#6818,#6819);
#6818 = CARTESIAN_POINT('',(22.975,4.8,0.));
#6819 = VECTOR('',#6820,1.);
#6820 = DIRECTION('',(-1.,0.,0.));
#6821 = PCURVE('',#4672,#6822);
#6822 = DEFINITIONAL_REPRESENTATION('',(#6823),#6826);
#6823 = B_SPLINE_CURVE_WITH_KNOTS('',1,(#6824,#6825),.UNSPECIFIED.,.F.,
  .F.,(2,2),(-1.075,-0.475),.PIECEWISE_BEZIER_KNOTS.);
#6824 = CARTESIAN_POINT('',(1.6,-1.));
#6825 = CARTESIAN_POINT('',(1.,-1.));
#6826 = ( GEOMETRIC_REPRESENTATION_CONTEXT(2) 
PARAMETRIC_REPRESENTATION_CONTEXT() REPRESENTATION_CONTEXT('2D SPACE',''
  ) );
#6827 = PCURVE('',#5926,#6828);
#6828 = DEFINITIONAL_REPRESENTATION('',(#6829),#6832);
#6829 = B_SPLINE_CURVE_WITH_KNOTS('',1,(#6830,#6831),.UNSPECIFIED.,.F.,
  .F.,(2,2),(-1.075,-0.475),.PIECEWISE_BEZIER_KNOTS.);
#6830 = CARTESIAN_POINT('',(0.55,-5.75));
#6831 = CARTESIAN_POINT('',(-5.E-02,-5.75));
#6832 = ( GEOMETRIC_REPRESENTATION_CONTEXT(2) 
PARAMETRIC_REPRESENTATION_CONTEXT() REPRESENTATION_CONTEXT('2D SPACE',''
  ) );
#6833 = ORIENTED_EDGE('',*,*,#6834,.T.);
#6834 = EDGE_CURVE('',#6814,#4658,#6835,.T.);
#6835 = SURFACE_CURVE('',#6836,(#6840,#6847),.PCURVE_S1.);
#6836 = LINE('',#6837,#6838);
#6837 = CARTESIAN_POINT('',(23.45,4.8,-1.));
#6838 = VECTOR('',#6839,1.);
#6839 = DIRECTION('',(0.,0.,1.));
#6840 = PCURVE('',#4672,#6841);
#6841 = DEFINITIONAL_REPRESENTATION('',(#6842),#6846);
#6842 = LINE('',#6843,#6844);
#6843 = CARTESIAN_POINT('',(1.,0.));
#6844 = VECTOR('',#6845,1.);
#6845 = DIRECTION('',(0.,-1.));
#6846 = ( GEOMETRIC_REPRESENTATION_CONTEXT(2) 
PARAMETRIC_REPRESENTATION_CONTEXT() REPRESENTATION_CONTEXT('2D SPACE',''
  ) );
#6847 = PCURVE('',#4700,#6848);
#6848 = DEFINITIONAL_REPRESENTATION('',(#6849),#6853);
#6849 = LINE('',#6850,#6851);
#6850 = CARTESIAN_POINT('',(-0.,0.));
#6851 = VECTOR('',#6852,1.);
#6852 = DIRECTION('',(-0.,1.));
#6853 = ( GEOMETRIC_REPRESENTATION_CONTEXT(2) 
PARAMETRIC_REPRESENTATION_CONTEXT() REPRESENTATION_CONTEXT('2D SPACE',''
  ) );
#6854 = ORIENTED_EDGE('',*,*,#4657,.F.);
#6855 = ORIENTED_EDGE('',*,*,#6741,.F.);
#6856 = ADVANCED_FACE('',(#6857),#4835,.T.);
#6857 = FACE_BOUND('',#6858,.T.);
#6858 = EDGE_LOOP('',(#6859,#6880,#6881,#6882));
#6859 = ORIENTED_EDGE('',*,*,#6860,.T.);
#6860 = EDGE_CURVE('',#6861,#6765,#6863,.T.);
#6861 = VERTEX_POINT('',#6862);
#6862 = CARTESIAN_POINT('',(25.05,15.3,0.));
#6863 = SURFACE_CURVE('',#6864,(#6868,#6874),.PCURVE_S1.);
#6864 = LINE('',#6865,#6866);
#6865 = CARTESIAN_POINT('',(25.05,7.675,0.));
#6866 = VECTOR('',#6867,1.);
#6867 = DIRECTION('',(0.,-1.,0.));
#6868 = PCURVE('',#4835,#6869);
#6869 = DEFINITIONAL_REPRESENTATION('',(#6870),#6873);
#6870 = B_SPLINE_CURVE_WITH_KNOTS('',1,(#6871,#6872),.UNSPECIFIED.,.F.,
  .F.,(2,2),(-7.625,1.875),.PIECEWISE_BEZIER_KNOTS.);
#6871 = CARTESIAN_POINT('',(10.5,-1.));
#6872 = CARTESIAN_POINT('',(1.,-1.));
#6873 = ( GEOMETRIC_REPRESENTATION_CONTEXT(2) 
PARAMETRIC_REPRESENTATION_CONTEXT() REPRESENTATION_CONTEXT('2D SPACE',''
  ) );
#6874 = PCURVE('',#5926,#6875);
#6875 = DEFINITIONAL_REPRESENTATION('',(#6876),#6879);
#6876 = B_SPLINE_CURVE_WITH_KNOTS('',1,(#6877,#6878),.UNSPECIFIED.,.F.,
  .F.,(2,2),(-7.625,1.875),.PIECEWISE_BEZIER_KNOTS.);
#6877 = CARTESIAN_POINT('',(1.55,4.75));
#6878 = CARTESIAN_POINT('',(1.55,-4.75));
#6879 = ( GEOMETRIC_REPRESENTATION_CONTEXT(2) 
PARAMETRIC_REPRESENTATION_CONTEXT() REPRESENTATION_CONTEXT('2D SPACE',''
  ) );
#6880 = ORIENTED_EDGE('',*,*,#6788,.T.);
#6881 = ORIENTED_EDGE('',*,*,#4822,.F.);
#6882 = ORIENTED_EDGE('',*,*,#6883,.F.);
#6883 = EDGE_CURVE('',#6861,#4794,#6884,.T.);
#6884 = SURFACE_CURVE('',#6885,(#6889,#6896),.PCURVE_S1.);
#6885 = LINE('',#6886,#6887);
#6886 = CARTESIAN_POINT('',(25.05,15.3,-1.));
#6887 = VECTOR('',#6888,1.);
#6888 = DIRECTION('',(0.,0.,1.));
#6889 = PCURVE('',#4835,#6890);
#6890 = DEFINITIONAL_REPRESENTATION('',(#6891),#6895);
#6891 = LINE('',#6892,#6893);
#6892 = CARTESIAN_POINT('',(10.5,0.));
#6893 = VECTOR('',#6894,1.);
#6894 = DIRECTION('',(0.,-1.));
#6895 = ( GEOMETRIC_REPRESENTATION_CONTEXT(2) 
PARAMETRIC_REPRESENTATION_CONTEXT() REPRESENTATION_CONTEXT('2D SPACE',''
  ) );
#6896 = PCURVE('',#4810,#6897);
#6897 = DEFINITIONAL_REPRESENTATION('',(#6898),#6902);
#6898 = LINE('',#6899,#6900);
#6899 = CARTESIAN_POINT('',(0.,0.));
#6900 = VECTOR('',#6901,1.);
#6901 = DIRECTION('',(0.,1.));
#6902 = ( GEOMETRIC_REPRESENTATION_CONTEXT(2) 
PARAMETRIC_REPRESENTATION_CONTEXT() REPRESENTATION_CONTEXT('2D SPACE',''
  ) );
#6903 = ADVANCED_FACE('',(#6904),#4700,.F.);
#6904 = FACE_BOUND('',#6905,.T.);
#6905 = EDGE_LOOP('',(#6906,#6907,#6931,#6952));
#6906 = ORIENTED_EDGE('',*,*,#6834,.F.);
#6907 = ORIENTED_EDGE('',*,*,#6908,.F.);
#6908 = EDGE_CURVE('',#6909,#6814,#6911,.T.);
#6909 = VERTEX_POINT('',#6910);
#6910 = CARTESIAN_POINT('',(22.45,5.8,0.));
#6911 = SURFACE_CURVE('',#6912,(#6917,#6924),.PCURVE_S1.);
#6912 = CIRCLE('',#6913,1.);
#6913 = AXIS2_PLACEMENT_3D('',#6914,#6915,#6916);
#6914 = CARTESIAN_POINT('',(23.45,5.8,0.));
#6915 = DIRECTION('',(0.,0.,1.));
#6916 = DIRECTION('',(0.,-1.,0.));
#6917 = PCURVE('',#4700,#6918);
#6918 = DEFINITIONAL_REPRESENTATION('',(#6919),#6923);
#6919 = LINE('',#6920,#6921);
#6920 = CARTESIAN_POINT('',(-6.28318530718,1.));
#6921 = VECTOR('',#6922,1.);
#6922 = DIRECTION('',(1.,-0.));
#6923 = ( GEOMETRIC_REPRESENTATION_CONTEXT(2) 
PARAMETRIC_REPRESENTATION_CONTEXT() REPRESENTATION_CONTEXT('2D SPACE',''
  ) );
#6924 = PCURVE('',#5926,#6925);
#6925 = DEFINITIONAL_REPRESENTATION('',(#6926),#6930);
#6926 = CIRCLE('',#6927,1.);
#6927 = AXIS2_PLACEMENT_2D('',#6928,#6929);
#6928 = CARTESIAN_POINT('',(-5.E-02,-4.75));
#6929 = DIRECTION('',(0.,-1.));
#6930 = ( GEOMETRIC_REPRESENTATION_CONTEXT(2) 
PARAMETRIC_REPRESENTATION_CONTEXT() REPRESENTATION_CONTEXT('2D SPACE',''
  ) );
#6931 = ORIENTED_EDGE('',*,*,#6932,.T.);
#6932 = EDGE_CURVE('',#6909,#4684,#6933,.T.);
#6933 = SURFACE_CURVE('',#6934,(#6938,#6945),.PCURVE_S1.);
#6934 = LINE('',#6935,#6936);
#6935 = CARTESIAN_POINT('',(22.45,5.8,-1.));
#6936 = VECTOR('',#6937,1.);
#6937 = DIRECTION('',(0.,0.,1.));
#6938 = PCURVE('',#4700,#6939);
#6939 = DEFINITIONAL_REPRESENTATION('',(#6940),#6944);
#6940 = LINE('',#6941,#6942);
#6941 = CARTESIAN_POINT('',(-1.570796326795,0.));
#6942 = VECTOR('',#6943,1.);
#6943 = DIRECTION('',(-0.,1.));
#6944 = ( GEOMETRIC_REPRESENTATION_CONTEXT(2) 
PARAMETRIC_REPRESENTATION_CONTEXT() REPRESENTATION_CONTEXT('2D SPACE',''
  ) );
#6945 = PCURVE('',#4727,#6946);
#6946 = DEFINITIONAL_REPRESENTATION('',(#6947),#6951);
#6947 = LINE('',#6948,#6949);
#6948 = CARTESIAN_POINT('',(10.5,0.));
#6949 = VECTOR('',#6950,1.);
#6950 = DIRECTION('',(0.,-1.));
#6951 = ( GEOMETRIC_REPRESENTATION_CONTEXT(2) 
PARAMETRIC_REPRESENTATION_CONTEXT() REPRESENTATION_CONTEXT('2D SPACE',''
  ) );
#6952 = ORIENTED_EDGE('',*,*,#4683,.T.);
#6953 = ADVANCED_FACE('',(#6954),#4810,.F.);
#6954 = FACE_BOUND('',#6955,.F.);
#6955 = EDGE_LOOP('',(#6956,#6957,#6981,#7002));
#6956 = ORIENTED_EDGE('',*,*,#6883,.F.);
#6957 = ORIENTED_EDGE('',*,*,#6958,.T.);
#6958 = EDGE_CURVE('',#6861,#6959,#6961,.T.);
#6959 = VERTEX_POINT('',#6960);
#6960 = CARTESIAN_POINT('',(24.05,16.3,0.));
#6961 = SURFACE_CURVE('',#6962,(#6967,#6974),.PCURVE_S1.);
#6962 = CIRCLE('',#6963,1.);
#6963 = AXIS2_PLACEMENT_3D('',#6964,#6965,#6966);
#6964 = CARTESIAN_POINT('',(24.05,15.3,0.));
#6965 = DIRECTION('',(0.,0.,1.));
#6966 = DIRECTION('',(1.,0.,-0.));
#6967 = PCURVE('',#4810,#6968);
#6968 = DEFINITIONAL_REPRESENTATION('',(#6969),#6973);
#6969 = LINE('',#6970,#6971);
#6970 = CARTESIAN_POINT('',(0.,1.));
#6971 = VECTOR('',#6972,1.);
#6972 = DIRECTION('',(1.,0.));
#6973 = ( GEOMETRIC_REPRESENTATION_CONTEXT(2) 
PARAMETRIC_REPRESENTATION_CONTEXT() REPRESENTATION_CONTEXT('2D SPACE',''
  ) );
#6974 = PCURVE('',#5926,#6975);
#6975 = DEFINITIONAL_REPRESENTATION('',(#6976),#6980);
#6976 = CIRCLE('',#6977,1.);
#6977 = AXIS2_PLACEMENT_2D('',#6978,#6979);
#6978 = CARTESIAN_POINT('',(0.55,4.75));
#6979 = DIRECTION('',(1.,0.));
#6980 = ( GEOMETRIC_REPRESENTATION_CONTEXT(2) 
PARAMETRIC_REPRESENTATION_CONTEXT() REPRESENTATION_CONTEXT('2D SPACE',''
  ) );
#6981 = ORIENTED_EDGE('',*,*,#6982,.T.);
#6982 = EDGE_CURVE('',#6959,#4768,#6983,.T.);
#6983 = SURFACE_CURVE('',#6984,(#6988,#6995),.PCURVE_S1.);
#6984 = LINE('',#6985,#6986);
#6985 = CARTESIAN_POINT('',(24.05,16.3,-1.));
#6986 = VECTOR('',#6987,1.);
#6987 = DIRECTION('',(0.,0.,1.));
#6988 = PCURVE('',#4810,#6989);
#6989 = DEFINITIONAL_REPRESENTATION('',(#6990),#6994);
#6990 = LINE('',#6991,#6992);
#6991 = CARTESIAN_POINT('',(1.570796326795,0.));
#6992 = VECTOR('',#6993,1.);
#6993 = DIRECTION('',(0.,1.));
#6994 = ( GEOMETRIC_REPRESENTATION_CONTEXT(2) 
PARAMETRIC_REPRESENTATION_CONTEXT() REPRESENTATION_CONTEXT('2D SPACE',''
  ) );
#6995 = PCURVE('',#4782,#6996);
#6996 = DEFINITIONAL_REPRESENTATION('',(#6997),#7001);
#6997 = LINE('',#6998,#6999);
#6998 = CARTESIAN_POINT('',(1.,0.));
#6999 = VECTOR('',#7000,1.);
#7000 = DIRECTION('',(0.,-1.));
#7001 = ( GEOMETRIC_REPRESENTATION_CONTEXT(2) 
PARAMETRIC_REPRESENTATION_CONTEXT() REPRESENTATION_CONTEXT('2D SPACE',''
  ) );
#7002 = ORIENTED_EDGE('',*,*,#4793,.F.);
#7003 = ADVANCED_FACE('',(#7004),#4727,.T.);
#7004 = FACE_BOUND('',#7005,.T.);
#7005 = EDGE_LOOP('',(#7006,#7027,#7048,#7049));
#7006 = ORIENTED_EDGE('',*,*,#7007,.T.);
#7007 = EDGE_CURVE('',#6909,#7008,#7010,.T.);
#7008 = VERTEX_POINT('',#7009);
#7009 = CARTESIAN_POINT('',(22.45,15.3,0.));
#7010 = SURFACE_CURVE('',#7011,(#7015,#7021),.PCURVE_S1.);
#7011 = LINE('',#7012,#7013);
#7012 = CARTESIAN_POINT('',(22.45,13.425,0.));
#7013 = VECTOR('',#7014,1.);
#7014 = DIRECTION('',(-0.,1.,0.));
#7015 = PCURVE('',#4727,#7016);
#7016 = DEFINITIONAL_REPRESENTATION('',(#7017),#7020);
#7017 = B_SPLINE_CURVE_WITH_KNOTS('',1,(#7018,#7019),.UNSPECIFIED.,.F.,
  .F.,(2,2),(-7.625,1.875),.PIECEWISE_BEZIER_KNOTS.);
#7018 = CARTESIAN_POINT('',(10.5,-1.));
#7019 = CARTESIAN_POINT('',(1.,-1.));
#7020 = ( GEOMETRIC_REPRESENTATION_CONTEXT(2) 
PARAMETRIC_REPRESENTATION_CONTEXT() REPRESENTATION_CONTEXT('2D SPACE',''
  ) );
#7021 = PCURVE('',#5926,#7022);
#7022 = DEFINITIONAL_REPRESENTATION('',(#7023),#7026);
#7023 = B_SPLINE_CURVE_WITH_KNOTS('',1,(#7024,#7025),.UNSPECIFIED.,.F.,
  .F.,(2,2),(-7.625,1.875),.PIECEWISE_BEZIER_KNOTS.);
#7024 = CARTESIAN_POINT('',(-1.05,-4.75));
#7025 = CARTESIAN_POINT('',(-1.05,4.75));
#7026 = ( GEOMETRIC_REPRESENTATION_CONTEXT(2) 
PARAMETRIC_REPRESENTATION_CONTEXT() REPRESENTATION_CONTEXT('2D SPACE',''
  ) );
#7027 = ORIENTED_EDGE('',*,*,#7028,.T.);
#7028 = EDGE_CURVE('',#7008,#4713,#7029,.T.);
#7029 = SURFACE_CURVE('',#7030,(#7034,#7041),.PCURVE_S1.);
#7030 = LINE('',#7031,#7032);
#7031 = CARTESIAN_POINT('',(22.45,15.3,-1.));
#7032 = VECTOR('',#7033,1.);
#7033 = DIRECTION('',(0.,0.,1.));
#7034 = PCURVE('',#4727,#7035);
#7035 = DEFINITIONAL_REPRESENTATION('',(#7036),#7040);
#7036 = LINE('',#7037,#7038);
#7037 = CARTESIAN_POINT('',(1.,0.));
#7038 = VECTOR('',#7039,1.);
#7039 = DIRECTION('',(0.,-1.));
#7040 = ( GEOMETRIC_REPRESENTATION_CONTEXT(2) 
PARAMETRIC_REPRESENTATION_CONTEXT() REPRESENTATION_CONTEXT('2D SPACE',''
  ) );
#7041 = PCURVE('',#4755,#7042);
#7042 = DEFINITIONAL_REPRESENTATION('',(#7043),#7047);
#7043 = LINE('',#7044,#7045);
#7044 = CARTESIAN_POINT('',(1.570796326795,0.));
#7045 = VECTOR('',#7046,1.);
#7046 = DIRECTION('',(0.,1.));
#7047 = ( GEOMETRIC_REPRESENTATION_CONTEXT(2) 
PARAMETRIC_REPRESENTATION_CONTEXT() REPRESENTATION_CONTEXT('2D SPACE',''
  ) );
#7048 = ORIENTED_EDGE('',*,*,#4712,.F.);
#7049 = ORIENTED_EDGE('',*,*,#6932,.F.);
#7050 = ADVANCED_FACE('',(#7051),#4782,.T.);
#7051 = FACE_BOUND('',#7052,.T.);
#7052 = EDGE_LOOP('',(#7053,#7074,#7075,#7076));
#7053 = ORIENTED_EDGE('',*,*,#7054,.T.);
#7054 = EDGE_CURVE('',#7055,#6959,#7057,.T.);
#7055 = VERTEX_POINT('',#7056);
#7056 = CARTESIAN_POINT('',(23.45,16.3,0.));
#7057 = SURFACE_CURVE('',#7058,(#7062,#7068),.PCURVE_S1.);
#7058 = LINE('',#7059,#7060);
#7059 = CARTESIAN_POINT('',(24.275,16.3,0.));
#7060 = VECTOR('',#7061,1.);
#7061 = DIRECTION('',(1.,0.,-0.));
#7062 = PCURVE('',#4782,#7063);
#7063 = DEFINITIONAL_REPRESENTATION('',(#7064),#7067);
#7064 = B_SPLINE_CURVE_WITH_KNOTS('',1,(#7065,#7066),.UNSPECIFIED.,.F.,
  .F.,(2,2),(-0.825,-0.225),.PIECEWISE_BEZIER_KNOTS.);
#7065 = CARTESIAN_POINT('',(1.6,-1.));
#7066 = CARTESIAN_POINT('',(1.,-1.));
#7067 = ( GEOMETRIC_REPRESENTATION_CONTEXT(2) 
PARAMETRIC_REPRESENTATION_CONTEXT() REPRESENTATION_CONTEXT('2D SPACE',''
  ) );
#7068 = PCURVE('',#5926,#7069);
#7069 = DEFINITIONAL_REPRESENTATION('',(#7070),#7073);
#7070 = B_SPLINE_CURVE_WITH_KNOTS('',1,(#7071,#7072),.UNSPECIFIED.,.F.,
  .F.,(2,2),(-0.825,-0.225),.PIECEWISE_BEZIER_KNOTS.);
#7071 = CARTESIAN_POINT('',(-5.E-02,5.75));
#7072 = CARTESIAN_POINT('',(0.55,5.75));
#7073 = ( GEOMETRIC_REPRESENTATION_CONTEXT(2) 
PARAMETRIC_REPRESENTATION_CONTEXT() REPRESENTATION_CONTEXT('2D SPACE',''
  ) );
#7074 = ORIENTED_EDGE('',*,*,#6982,.T.);
#7075 = ORIENTED_EDGE('',*,*,#4767,.F.);
#7076 = ORIENTED_EDGE('',*,*,#7077,.F.);
#7077 = EDGE_CURVE('',#7055,#4739,#7078,.T.);
#7078 = SURFACE_CURVE('',#7079,(#7083,#7090),.PCURVE_S1.);
#7079 = LINE('',#7080,#7081);
#7080 = CARTESIAN_POINT('',(23.45,16.3,-1.));
#7081 = VECTOR('',#7082,1.);
#7082 = DIRECTION('',(0.,0.,1.));
#7083 = PCURVE('',#4782,#7084);
#7084 = DEFINITIONAL_REPRESENTATION('',(#7085),#7089);
#7085 = LINE('',#7086,#7087);
#7086 = CARTESIAN_POINT('',(1.6,0.));
#7087 = VECTOR('',#7088,1.);
#7088 = DIRECTION('',(0.,-1.));
#7089 = ( GEOMETRIC_REPRESENTATION_CONTEXT(2) 
PARAMETRIC_REPRESENTATION_CONTEXT() REPRESENTATION_CONTEXT('2D SPACE',''
  ) );
#7090 = PCURVE('',#4755,#7091);
#7091 = DEFINITIONAL_REPRESENTATION('',(#7092),#7096);
#7092 = LINE('',#7093,#7094);
#7093 = CARTESIAN_POINT('',(0.,0.));
#7094 = VECTOR('',#7095,1.);
#7095 = DIRECTION('',(0.,1.));
#7096 = ( GEOMETRIC_REPRESENTATION_CONTEXT(2) 
PARAMETRIC_REPRESENTATION_CONTEXT() REPRESENTATION_CONTEXT('2D SPACE',''
  ) );
#7097 = ADVANCED_FACE('',(#7098),#4755,.F.);
#7098 = FACE_BOUND('',#7099,.F.);
#7099 = EDGE_LOOP('',(#7100,#7101,#7123,#7124));
#7100 = ORIENTED_EDGE('',*,*,#7077,.F.);
#7101 = ORIENTED_EDGE('',*,*,#7102,.T.);
#7102 = EDGE_CURVE('',#7055,#7008,#7103,.T.);
#7103 = SURFACE_CURVE('',#7104,(#7109,#7116),.PCURVE_S1.);
#7104 = CIRCLE('',#7105,1.);
#7105 = AXIS2_PLACEMENT_3D('',#7106,#7107,#7108);
#7106 = CARTESIAN_POINT('',(23.45,15.3,0.));
#7107 = DIRECTION('',(0.,0.,1.));
#7108 = DIRECTION('',(-0.,1.,0.));
#7109 = PCURVE('',#4755,#7110);
#7110 = DEFINITIONAL_REPRESENTATION('',(#7111),#7115);
#7111 = LINE('',#7112,#7113);
#7112 = CARTESIAN_POINT('',(0.,1.));
#7113 = VECTOR('',#7114,1.);
#7114 = DIRECTION('',(1.,0.));
#7115 = ( GEOMETRIC_REPRESENTATION_CONTEXT(2) 
PARAMETRIC_REPRESENTATION_CONTEXT() REPRESENTATION_CONTEXT('2D SPACE',''
  ) );
#7116 = PCURVE('',#5926,#7117);
#7117 = DEFINITIONAL_REPRESENTATION('',(#7118),#7122);
#7118 = CIRCLE('',#7119,1.);
#7119 = AXIS2_PLACEMENT_2D('',#7120,#7121);
#7120 = CARTESIAN_POINT('',(-5.E-02,4.75));
#7121 = DIRECTION('',(0.,1.));
#7122 = ( GEOMETRIC_REPRESENTATION_CONTEXT(2) 
PARAMETRIC_REPRESENTATION_CONTEXT() REPRESENTATION_CONTEXT('2D SPACE',''
  ) );
#7123 = ORIENTED_EDGE('',*,*,#7028,.T.);
#7124 = ORIENTED_EDGE('',*,*,#4738,.F.);
#7125 = ADVANCED_FACE('',(#7126),#4914,.F.);
#7126 = FACE_BOUND('',#7127,.F.);
#7127 = EDGE_LOOP('',(#7128,#7151,#7152,#7153));
#7128 = ORIENTED_EDGE('',*,*,#7129,.T.);
#7129 = EDGE_CURVE('',#7130,#6559,#7132,.T.);
#7130 = VERTEX_POINT('',#7131);
#7131 = CARTESIAN_POINT('',(24.75,19.05,0.8));
#7132 = SURFACE_CURVE('',#7133,(#7137,#7144),.PCURVE_S1.);
#7133 = LINE('',#7134,#7135);
#7134 = CARTESIAN_POINT('',(24.75,19.05,0.));
#7135 = VECTOR('',#7136,1.);
#7136 = DIRECTION('',(0.,0.,1.));
#7137 = PCURVE('',#4914,#7138);
#7138 = DEFINITIONAL_REPRESENTATION('',(#7139),#7143);
#7139 = LINE('',#7140,#7141);
#7140 = CARTESIAN_POINT('',(2.5,0.));
#7141 = VECTOR('',#7142,1.);
#7142 = DIRECTION('',(0.,-1.));
#7143 = ( GEOMETRIC_REPRESENTATION_CONTEXT(2) 
PARAMETRIC_REPRESENTATION_CONTEXT() REPRESENTATION_CONTEXT('2D SPACE',''
  ) );
#7144 = PCURVE('',#6643,#7145);
#7145 = DEFINITIONAL_REPRESENTATION('',(#7146),#7150);
#7146 = LINE('',#7147,#7148);
#7147 = CARTESIAN_POINT('',(1.570796326795,0.));
#7148 = VECTOR('',#7149,1.);
#7149 = DIRECTION('',(0.,1.));
#7150 = ( GEOMETRIC_REPRESENTATION_CONTEXT(2) 
PARAMETRIC_REPRESENTATION_CONTEXT() REPRESENTATION_CONTEXT('2D SPACE',''
  ) );
#7151 = ORIENTED_EDGE('',*,*,#6582,.T.);
#7152 = ORIENTED_EDGE('',*,*,#4898,.F.);
#7153 = ORIENTED_EDGE('',*,*,#7154,.F.);
#7154 = EDGE_CURVE('',#7130,#4899,#7155,.T.);
#7155 = SURFACE_CURVE('',#7156,(#7160,#7167),.PCURVE_S1.);
#7156 = LINE('',#7157,#7158);
#7157 = CARTESIAN_POINT('',(24.75,19.05,0.8));
#7158 = VECTOR('',#7159,1.);
#7159 = DIRECTION('',(-1.,0.,0.));
#7160 = PCURVE('',#4914,#7161);
#7161 = DEFINITIONAL_REPRESENTATION('',(#7162),#7166);
#7162 = LINE('',#7163,#7164);
#7163 = CARTESIAN_POINT('',(2.5,-0.8));
#7164 = VECTOR('',#7165,1.);
#7165 = DIRECTION('',(1.,0.));
#7166 = ( GEOMETRIC_REPRESENTATION_CONTEXT(2) 
PARAMETRIC_REPRESENTATION_CONTEXT() REPRESENTATION_CONTEXT('2D SPACE',''
  ) );
#7167 = PCURVE('',#6005,#7168);
#7168 = DEFINITIONAL_REPRESENTATION('',(#7169),#7173);
#7169 = LINE('',#7170,#7171);
#7170 = CARTESIAN_POINT('',(0.,0.));
#7171 = VECTOR('',#7172,1.);
#7172 = DIRECTION('',(0.,1.));
#7173 = ( GEOMETRIC_REPRESENTATION_CONTEXT(2) 
PARAMETRIC_REPRESENTATION_CONTEXT() REPRESENTATION_CONTEXT('2D SPACE',''
  ) );
#7174 = ADVANCED_FACE('',(#7175,#7310),#5020,.F.);
#7175 = FACE_BOUND('',#7176,.F.);
#7176 = EDGE_LOOP('',(#7177,#7200,#7201,#7202,#7203,#7226,#7255,#7283));
#7177 = ORIENTED_EDGE('',*,*,#7178,.T.);
#7178 = EDGE_CURVE('',#7179,#5084,#7181,.T.);
#7179 = VERTEX_POINT('',#7180);
#7180 = CARTESIAN_POINT('',(-15.35,2.85,-1.110223024625E-16));
#7181 = SURFACE_CURVE('',#7182,(#7186,#7193),.PCURVE_S1.);
#7182 = LINE('',#7183,#7184);
#7183 = CARTESIAN_POINT('',(-15.35,2.85,-1.110223024625E-16));
#7184 = VECTOR('',#7185,1.);
#7185 = DIRECTION('',(1.,0.,0.));
#7186 = PCURVE('',#5020,#7187);
#7187 = DEFINITIONAL_REPRESENTATION('',(#7188),#7192);
#7188 = LINE('',#7189,#7190);
#7189 = CARTESIAN_POINT('',(-1.25,-7.7));
#7190 = VECTOR('',#7191,1.);
#7191 = DIRECTION('',(1.,0.));
#7192 = ( GEOMETRIC_REPRESENTATION_CONTEXT(2) 
PARAMETRIC_REPRESENTATION_CONTEXT() REPRESENTATION_CONTEXT('2D SPACE',''
  ) );
#7193 = PCURVE('',#5099,#7194);
#7194 = DEFINITIONAL_REPRESENTATION('',(#7195),#7199);
#7195 = LINE('',#7196,#7197);
#7196 = CARTESIAN_POINT('',(1.570796326795,0.));
#7197 = VECTOR('',#7198,1.);
#7198 = DIRECTION('',(0.,1.));
#7199 = ( GEOMETRIC_REPRESENTATION_CONTEXT(2) 
PARAMETRIC_REPRESENTATION_CONTEXT() REPRESENTATION_CONTEXT('2D SPACE',''
  ) );
#7200 = ORIENTED_EDGE('',*,*,#5113,.T.);
#7201 = ORIENTED_EDGE('',*,*,#5058,.T.);
#7202 = ORIENTED_EDGE('',*,*,#5005,.T.);
#7203 = ORIENTED_EDGE('',*,*,#7204,.T.);
#7204 = EDGE_CURVE('',#4979,#7205,#7207,.T.);
#7205 = VERTEX_POINT('',#7206);
#7206 = CARTESIAN_POINT('',(-15.35,18.25,-1.110223024625E-16));
#7207 = SURFACE_CURVE('',#7208,(#7212,#7219),.PCURVE_S1.);
#7208 = LINE('',#7209,#7210);
#7209 = CARTESIAN_POINT('',(-12.85,18.25,-1.110223024625E-16));
#7210 = VECTOR('',#7211,1.);
#7211 = DIRECTION('',(-1.,0.,0.));
#7212 = PCURVE('',#5020,#7213);
#7213 = DEFINITIONAL_REPRESENTATION('',(#7214),#7218);
#7214 = LINE('',#7215,#7216);
#7215 = CARTESIAN_POINT('',(1.25,7.7));
#7216 = VECTOR('',#7217,1.);
#7217 = DIRECTION('',(-1.,0.));
#7218 = ( GEOMETRIC_REPRESENTATION_CONTEXT(2) 
PARAMETRIC_REPRESENTATION_CONTEXT() REPRESENTATION_CONTEXT('2D SPACE',''
  ) );
#7219 = PCURVE('',#4994,#7220);
#7220 = DEFINITIONAL_REPRESENTATION('',(#7221),#7225);
#7221 = LINE('',#7222,#7223);
#7222 = CARTESIAN_POINT('',(1.570796326795,0.));
#7223 = VECTOR('',#7224,1.);
#7224 = DIRECTION('',(0.,1.));
#7225 = ( GEOMETRIC_REPRESENTATION_CONTEXT(2) 
PARAMETRIC_REPRESENTATION_CONTEXT() REPRESENTATION_CONTEXT('2D SPACE',''
  ) );
#7226 = ORIENTED_EDGE('',*,*,#7227,.T.);
#7227 = EDGE_CURVE('',#7205,#7228,#7230,.T.);
#7228 = VERTEX_POINT('',#7229);
#7229 = CARTESIAN_POINT('',(-17.05,16.55,0.));
#7230 = SURFACE_CURVE('',#7231,(#7236,#7243),.PCURVE_S1.);
#7231 = CIRCLE('',#7232,1.7);
#7232 = AXIS2_PLACEMENT_3D('',#7233,#7234,#7235);
#7233 = CARTESIAN_POINT('',(-15.35,16.55,0.));
#7234 = DIRECTION('',(0.,0.,1.));
#7235 = DIRECTION('',(0.,1.,-0.));
#7236 = PCURVE('',#5020,#7237);
#7237 = DEFINITIONAL_REPRESENTATION('',(#7238),#7242);
#7238 = CIRCLE('',#7239,1.7);
#7239 = AXIS2_PLACEMENT_2D('',#7240,#7241);
#7240 = CARTESIAN_POINT('',(-1.25,6.));
#7241 = DIRECTION('',(0.,1.));
#7242 = ( GEOMETRIC_REPRESENTATION_CONTEXT(2) 
PARAMETRIC_REPRESENTATION_CONTEXT() REPRESENTATION_CONTEXT('2D SPACE',''
  ) );
#7243 = PCURVE('',#7244,#7249);
#7244 = TOROIDAL_SURFACE('',#7245,1.7,0.8);
#7245 = AXIS2_PLACEMENT_3D('',#7246,#7247,#7248);
#7246 = CARTESIAN_POINT('',(-15.35,16.55,0.8));
#7247 = DIRECTION('',(-0.,-0.,-1.));
#7248 = DIRECTION('',(0.,1.,-0.));
#7249 = DEFINITIONAL_REPRESENTATION('',(#7250),#7254);
#7250 = LINE('',#7251,#7252);
#7251 = CARTESIAN_POINT('',(-0.,1.570796326795));
#7252 = VECTOR('',#7253,1.);
#7253 = DIRECTION('',(-1.,0.));
#7254 = ( GEOMETRIC_REPRESENTATION_CONTEXT(2) 
PARAMETRIC_REPRESENTATION_CONTEXT() REPRESENTATION_CONTEXT('2D SPACE',''
  ) );
#7255 = ORIENTED_EDGE('',*,*,#7256,.T.);
#7256 = EDGE_CURVE('',#7228,#7257,#7259,.T.);
#7257 = VERTEX_POINT('',#7258);
#7258 = CARTESIAN_POINT('',(-17.05,4.55,-1.110223024625E-16));
#7259 = SURFACE_CURVE('',#7260,(#7264,#7271),.PCURVE_S1.);
#7260 = LINE('',#7261,#7262);
#7261 = CARTESIAN_POINT('',(-17.05,16.55,-1.110223024625E-16));
#7262 = VECTOR('',#7263,1.);
#7263 = DIRECTION('',(0.,-1.,0.));
#7264 = PCURVE('',#5020,#7265);
#7265 = DEFINITIONAL_REPRESENTATION('',(#7266),#7270);
#7266 = LINE('',#7267,#7268);
#7267 = CARTESIAN_POINT('',(-2.95,6.));
#7268 = VECTOR('',#7269,1.);
#7269 = DIRECTION('',(0.,-1.));
#7270 = ( GEOMETRIC_REPRESENTATION_CONTEXT(2) 
PARAMETRIC_REPRESENTATION_CONTEXT() REPRESENTATION_CONTEXT('2D SPACE',''
  ) );
#7271 = PCURVE('',#7272,#7277);
#7272 = CYLINDRICAL_SURFACE('',#7273,0.8);
#7273 = AXIS2_PLACEMENT_3D('',#7274,#7275,#7276);
#7274 = CARTESIAN_POINT('',(-17.05,16.55,0.8));
#7275 = DIRECTION('',(0.,-1.,0.));
#7276 = DIRECTION('',(-1.,-0.,0.));
#7277 = DEFINITIONAL_REPRESENTATION('',(#7278),#7282);
#7278 = LINE('',#7279,#7280);
#7279 = CARTESIAN_POINT('',(1.570796326795,0.));
#7280 = VECTOR('',#7281,1.);
#7281 = DIRECTION('',(0.,1.));
#7282 = ( GEOMETRIC_REPRESENTATION_CONTEXT(2) 
PARAMETRIC_REPRESENTATION_CONTEXT() REPRESENTATION_CONTEXT('2D SPACE',''
  ) );
#7283 = ORIENTED_EDGE('',*,*,#7284,.T.);
#7284 = EDGE_CURVE('',#7257,#7179,#7285,.T.);
#7285 = SURFACE_CURVE('',#7286,(#7291,#7298),.PCURVE_S1.);
#7286 = CIRCLE('',#7287,1.7);
#7287 = AXIS2_PLACEMENT_3D('',#7288,#7289,#7290);
#7288 = CARTESIAN_POINT('',(-15.35,4.55,0.));
#7289 = DIRECTION('',(0.,0.,1.));
#7290 = DIRECTION('',(-1.,0.,0.));
#7291 = PCURVE('',#5020,#7292);
#7292 = DEFINITIONAL_REPRESENTATION('',(#7293),#7297);
#7293 = CIRCLE('',#7294,1.7);
#7294 = AXIS2_PLACEMENT_2D('',#7295,#7296);
#7295 = CARTESIAN_POINT('',(-1.25,-6.));
#7296 = DIRECTION('',(-1.,0.));
#7297 = ( GEOMETRIC_REPRESENTATION_CONTEXT(2) 
PARAMETRIC_REPRESENTATION_CONTEXT() REPRESENTATION_CONTEXT('2D SPACE',''
  ) );
#7298 = PCURVE('',#7299,#7304);
#7299 = TOROIDAL_SURFACE('',#7300,1.7,0.8);
#7300 = AXIS2_PLACEMENT_3D('',#7301,#7302,#7303);
#7301 = CARTESIAN_POINT('',(-15.35,4.55,0.8));
#7302 = DIRECTION('',(-0.,-0.,-1.));
#7303 = DIRECTION('',(-1.,0.,0.));
#7304 = DEFINITIONAL_REPRESENTATION('',(#7305),#7309);
#7305 = LINE('',#7306,#7307);
#7306 = CARTESIAN_POINT('',(-0.,1.570796326795));
#7307 = VECTOR('',#7308,1.);
#7308 = DIRECTION('',(-1.,0.));
#7309 = ( GEOMETRIC_REPRESENTATION_CONTEXT(2) 
PARAMETRIC_REPRESENTATION_CONTEXT() REPRESENTATION_CONTEXT('2D SPACE',''
  ) );
#7310 = FACE_BOUND('',#7311,.F.);
#7311 = EDGE_LOOP('',(#7312,#7313,#7314,#7315,#7316,#7317,#7318,#7319));
#7312 = ORIENTED_EDGE('',*,*,#5446,.F.);
#7313 = ORIENTED_EDGE('',*,*,#5495,.T.);
#7314 = ORIENTED_EDGE('',*,*,#5590,.F.);
#7315 = ORIENTED_EDGE('',*,*,#5689,.T.);
#7316 = ORIENTED_EDGE('',*,*,#5784,.F.);
#7317 = ORIENTED_EDGE('',*,*,#5736,.T.);
#7318 = ORIENTED_EDGE('',*,*,#5640,.F.);
#7319 = ORIENTED_EDGE('',*,*,#5542,.T.);
#7320 = ADVANCED_FACE('',(#7321),#4994,.T.);
#7321 = FACE_BOUND('',#7322,.T.);
#7322 = EDGE_LOOP('',(#7323,#7324,#7325,#7345));
#7323 = ORIENTED_EDGE('',*,*,#4978,.T.);
#7324 = ORIENTED_EDGE('',*,*,#7204,.T.);
#7325 = ORIENTED_EDGE('',*,*,#7326,.F.);
#7326 = EDGE_CURVE('',#5163,#7205,#7327,.T.);
#7327 = SURFACE_CURVE('',#7328,(#7333,#7339),.PCURVE_S1.);
#7328 = CIRCLE('',#7329,0.8);
#7329 = AXIS2_PLACEMENT_3D('',#7330,#7331,#7332);
#7330 = CARTESIAN_POINT('',(-15.35,18.25,0.8));
#7331 = DIRECTION('',(-1.,0.,0.));
#7332 = DIRECTION('',(0.,1.,-0.));
#7333 = PCURVE('',#4994,#7334);
#7334 = DEFINITIONAL_REPRESENTATION('',(#7335),#7338);
#7335 = B_SPLINE_CURVE_WITH_KNOTS('',1,(#7336,#7337),.UNSPECIFIED.,.F.,
  .F.,(2,2),(0.,1.570796326795),.PIECEWISE_BEZIER_KNOTS.);
#7336 = CARTESIAN_POINT('',(0.,2.5));
#7337 = CARTESIAN_POINT('',(1.570796326795,2.5));
#7338 = ( GEOMETRIC_REPRESENTATION_CONTEXT(2) 
PARAMETRIC_REPRESENTATION_CONTEXT() REPRESENTATION_CONTEXT('2D SPACE',''
  ) );
#7339 = PCURVE('',#7244,#7340);
#7340 = DEFINITIONAL_REPRESENTATION('',(#7341),#7344);
#7341 = B_SPLINE_CURVE_WITH_KNOTS('',1,(#7342,#7343),.UNSPECIFIED.,.F.,
  .F.,(2,2),(0.,1.570796326795),.PIECEWISE_BEZIER_KNOTS.);
#7342 = CARTESIAN_POINT('',(0.,0.));
#7343 = CARTESIAN_POINT('',(0.,1.570796326795));
#7344 = ( GEOMETRIC_REPRESENTATION_CONTEXT(2) 
PARAMETRIC_REPRESENTATION_CONTEXT() REPRESENTATION_CONTEXT('2D SPACE',''
  ) );
#7345 = ORIENTED_EDGE('',*,*,#5190,.F.);
#7346 = ADVANCED_FACE('',(#7347),#5099,.T.);
#7347 = FACE_BOUND('',#7348,.T.);
#7348 = EDGE_LOOP('',(#7349,#7369,#7370,#7371));
#7349 = ORIENTED_EDGE('',*,*,#7350,.T.);
#7350 = EDGE_CURVE('',#5812,#7179,#7351,.T.);
#7351 = SURFACE_CURVE('',#7352,(#7357,#7363),.PCURVE_S1.);
#7352 = CIRCLE('',#7353,0.8);
#7353 = AXIS2_PLACEMENT_3D('',#7354,#7355,#7356);
#7354 = CARTESIAN_POINT('',(-15.35,2.85,0.8));
#7355 = DIRECTION('',(1.,0.,0.));
#7356 = DIRECTION('',(0.,-1.,-0.));
#7357 = PCURVE('',#5099,#7358);
#7358 = DEFINITIONAL_REPRESENTATION('',(#7359),#7362);
#7359 = B_SPLINE_CURVE_WITH_KNOTS('',1,(#7360,#7361),.UNSPECIFIED.,.F.,
  .F.,(2,2),(0.,1.570796326795),.PIECEWISE_BEZIER_KNOTS.);
#7360 = CARTESIAN_POINT('',(0.,0.));
#7361 = CARTESIAN_POINT('',(1.570796326795,0.));
#7362 = ( GEOMETRIC_REPRESENTATION_CONTEXT(2) 
PARAMETRIC_REPRESENTATION_CONTEXT() REPRESENTATION_CONTEXT('2D SPACE',''
  ) );
#7363 = PCURVE('',#7299,#7364);
#7364 = DEFINITIONAL_REPRESENTATION('',(#7365),#7368);
#7365 = B_SPLINE_CURVE_WITH_KNOTS('',1,(#7366,#7367),.UNSPECIFIED.,.F.,
  .F.,(2,2),(0.,1.570796326795),.PIECEWISE_BEZIER_KNOTS.);
#7366 = CARTESIAN_POINT('',(-1.570796326795,0.));
#7367 = CARTESIAN_POINT('',(-1.570796326795,1.570796326795));
#7368 = ( GEOMETRIC_REPRESENTATION_CONTEXT(2) 
PARAMETRIC_REPRESENTATION_CONTEXT() REPRESENTATION_CONTEXT('2D SPACE',''
  ) );
#7369 = ORIENTED_EDGE('',*,*,#7178,.T.);
#7370 = ORIENTED_EDGE('',*,*,#5083,.F.);
#7371 = ORIENTED_EDGE('',*,*,#5836,.F.);
#7372 = ADVANCED_FACE('',(#7373),#5178,.T.);
#7373 = FACE_BOUND('',#7374,.T.);
#7374 = EDGE_LOOP('',(#7375,#7376,#7400,#7421));
#7375 = ORIENTED_EDGE('',*,*,#5162,.F.);
#7376 = ORIENTED_EDGE('',*,*,#7377,.T.);
#7377 = EDGE_CURVE('',#5163,#7378,#7380,.T.);
#7378 = VERTEX_POINT('',#7379);
#7379 = CARTESIAN_POINT('',(-17.85,16.55,0.8));
#7380 = SURFACE_CURVE('',#7381,(#7386,#7393),.PCURVE_S1.);
#7381 = CIRCLE('',#7382,2.5);
#7382 = AXIS2_PLACEMENT_3D('',#7383,#7384,#7385);
#7383 = CARTESIAN_POINT('',(-15.35,16.55,0.8));
#7384 = DIRECTION('',(0.,0.,1.));
#7385 = DIRECTION('',(0.,1.,-0.));
#7386 = PCURVE('',#5178,#7387);
#7387 = DEFINITIONAL_REPRESENTATION('',(#7388),#7392);
#7388 = LINE('',#7389,#7390);
#7389 = CARTESIAN_POINT('',(0.,0.8));
#7390 = VECTOR('',#7391,1.);
#7391 = DIRECTION('',(1.,0.));
#7392 = ( GEOMETRIC_REPRESENTATION_CONTEXT(2) 
PARAMETRIC_REPRESENTATION_CONTEXT() REPRESENTATION_CONTEXT('2D SPACE',''
  ) );
#7393 = PCURVE('',#7244,#7394);
#7394 = DEFINITIONAL_REPRESENTATION('',(#7395),#7399);
#7395 = LINE('',#7396,#7397);
#7396 = CARTESIAN_POINT('',(-0.,0.));
#7397 = VECTOR('',#7398,1.);
#7398 = DIRECTION('',(-1.,0.));
#7399 = ( GEOMETRIC_REPRESENTATION_CONTEXT(2) 
PARAMETRIC_REPRESENTATION_CONTEXT() REPRESENTATION_CONTEXT('2D SPACE',''
  ) );
#7400 = ORIENTED_EDGE('',*,*,#7401,.T.);
#7401 = EDGE_CURVE('',#7378,#5316,#7402,.T.);
#7402 = SURFACE_CURVE('',#7403,(#7407,#7414),.PCURVE_S1.);
#7403 = LINE('',#7404,#7405);
#7404 = CARTESIAN_POINT('',(-17.85,16.55,0.));
#7405 = VECTOR('',#7406,1.);
#7406 = DIRECTION('',(0.,0.,1.));
#7407 = PCURVE('',#5178,#7408);
#7408 = DEFINITIONAL_REPRESENTATION('',(#7409),#7413);
#7409 = LINE('',#7410,#7411);
#7410 = CARTESIAN_POINT('',(1.570796326795,0.));
#7411 = VECTOR('',#7412,1.);
#7412 = DIRECTION('',(0.,1.));
#7413 = ( GEOMETRIC_REPRESENTATION_CONTEXT(2) 
PARAMETRIC_REPRESENTATION_CONTEXT() REPRESENTATION_CONTEXT('2D SPACE',''
  ) );
#7414 = PCURVE('',#5353,#7415);
#7415 = DEFINITIONAL_REPRESENTATION('',(#7416),#7420);
#7416 = LINE('',#7417,#7418);
#7417 = CARTESIAN_POINT('',(2.5,0.));
#7418 = VECTOR('',#7419,1.);
#7419 = DIRECTION('',(0.,-1.));
#7420 = ( GEOMETRIC_REPRESENTATION_CONTEXT(2) 
PARAMETRIC_REPRESENTATION_CONTEXT() REPRESENTATION_CONTEXT('2D SPACE',''
  ) );
#7421 = ORIENTED_EDGE('',*,*,#5369,.F.);
#7422 = ADVANCED_FACE('',(#7423),#5279,.T.);
#7423 = FACE_BOUND('',#7424,.F.);
#7424 = EDGE_LOOP('',(#7425,#7426,#7450,#7471));
#7425 = ORIENTED_EDGE('',*,*,#5811,.F.);
#7426 = ORIENTED_EDGE('',*,*,#7427,.F.);
#7427 = EDGE_CURVE('',#7428,#5812,#7430,.T.);
#7428 = VERTEX_POINT('',#7429);
#7429 = CARTESIAN_POINT('',(-17.85,4.55,0.8));
#7430 = SURFACE_CURVE('',#7431,(#7436,#7443),.PCURVE_S1.);
#7431 = CIRCLE('',#7432,2.5);
#7432 = AXIS2_PLACEMENT_3D('',#7433,#7434,#7435);
#7433 = CARTESIAN_POINT('',(-15.35,4.55,0.8));
#7434 = DIRECTION('',(0.,0.,1.));
#7435 = DIRECTION('',(-1.,0.,0.));
#7436 = PCURVE('',#5279,#7437);
#7437 = DEFINITIONAL_REPRESENTATION('',(#7438),#7442);
#7438 = LINE('',#7439,#7440);
#7439 = CARTESIAN_POINT('',(-1.570796326795,0.8));
#7440 = VECTOR('',#7441,1.);
#7441 = DIRECTION('',(1.,-0.));
#7442 = ( GEOMETRIC_REPRESENTATION_CONTEXT(2) 
PARAMETRIC_REPRESENTATION_CONTEXT() REPRESENTATION_CONTEXT('2D SPACE',''
  ) );
#7443 = PCURVE('',#7299,#7444);
#7444 = DEFINITIONAL_REPRESENTATION('',(#7445),#7449);
#7445 = LINE('',#7446,#7447);
#7446 = CARTESIAN_POINT('',(-0.,0.));
#7447 = VECTOR('',#7448,1.);
#7448 = DIRECTION('',(-1.,0.));
#7449 = ( GEOMETRIC_REPRESENTATION_CONTEXT(2) 
PARAMETRIC_REPRESENTATION_CONTEXT() REPRESENTATION_CONTEXT('2D SPACE',''
  ) );
#7450 = ORIENTED_EDGE('',*,*,#7451,.T.);
#7451 = EDGE_CURVE('',#7428,#5241,#7452,.T.);
#7452 = SURFACE_CURVE('',#7453,(#7457,#7464),.PCURVE_S1.);
#7453 = LINE('',#7454,#7455);
#7454 = CARTESIAN_POINT('',(-17.85,4.55,0.));
#7455 = VECTOR('',#7456,1.);
#7456 = DIRECTION('',(0.,0.,1.));
#7457 = PCURVE('',#5279,#7458);
#7458 = DEFINITIONAL_REPRESENTATION('',(#7459),#7463);
#7459 = LINE('',#7460,#7461);
#7460 = CARTESIAN_POINT('',(-1.570796326795,0.));
#7461 = VECTOR('',#7462,1.);
#7462 = DIRECTION('',(-0.,1.));
#7463 = ( GEOMETRIC_REPRESENTATION_CONTEXT(2) 
PARAMETRIC_REPRESENTATION_CONTEXT() REPRESENTATION_CONTEXT('2D SPACE',''
  ) );
#7464 = PCURVE('',#5353,#7465);
#7465 = DEFINITIONAL_REPRESENTATION('',(#7466),#7470);
#7466 = LINE('',#7467,#7468);
#7467 = CARTESIAN_POINT('',(14.5,0.));
#7468 = VECTOR('',#7469,1.);
#7469 = DIRECTION('',(0.,-1.));
#7470 = ( GEOMETRIC_REPRESENTATION_CONTEXT(2) 
PARAMETRIC_REPRESENTATION_CONTEXT() REPRESENTATION_CONTEXT('2D SPACE',''
  ) );
#7471 = ORIENTED_EDGE('',*,*,#5262,.T.);
#7472 = ADVANCED_FACE('',(#7473),#5353,.F.);
#7473 = FACE_BOUND('',#7474,.F.);
#7474 = EDGE_LOOP('',(#7475,#7476,#7477,#7478));
#7475 = ORIENTED_EDGE('',*,*,#7401,.T.);
#7476 = ORIENTED_EDGE('',*,*,#5339,.T.);
#7477 = ORIENTED_EDGE('',*,*,#7451,.F.);
#7478 = ORIENTED_EDGE('',*,*,#7479,.F.);
#7479 = EDGE_CURVE('',#7378,#7428,#7480,.T.);
#7480 = SURFACE_CURVE('',#7481,(#7485,#7492),.PCURVE_S1.);
#7481 = LINE('',#7482,#7483);
#7482 = CARTESIAN_POINT('',(-17.85,16.55,0.8));
#7483 = VECTOR('',#7484,1.);
#7484 = DIRECTION('',(0.,-1.,0.));
#7485 = PCURVE('',#5353,#7486);
#7486 = DEFINITIONAL_REPRESENTATION('',(#7487),#7491);
#7487 = LINE('',#7488,#7489);
#7488 = CARTESIAN_POINT('',(2.5,-0.8));
#7489 = VECTOR('',#7490,1.);
#7490 = DIRECTION('',(1.,0.));
#7491 = ( GEOMETRIC_REPRESENTATION_CONTEXT(2) 
PARAMETRIC_REPRESENTATION_CONTEXT() REPRESENTATION_CONTEXT('2D SPACE',''
  ) );
#7492 = PCURVE('',#7272,#7493);
#7493 = DEFINITIONAL_REPRESENTATION('',(#7494),#7498);
#7494 = LINE('',#7495,#7496);
#7495 = CARTESIAN_POINT('',(0.,0.));
#7496 = VECTOR('',#7497,1.);
#7497 = DIRECTION('',(0.,1.));
#7498 = ( GEOMETRIC_REPRESENTATION_CONTEXT(2) 
PARAMETRIC_REPRESENTATION_CONTEXT() REPRESENTATION_CONTEXT('2D SPACE',''
  ) );
#7499 = ADVANCED_FACE('',(#7500,#7635),#5926,.F.);
#7500 = FACE_BOUND('',#7501,.F.);
#7501 = EDGE_LOOP('',(#7502,#7525,#7554,#7582,#7611,#7632,#7633,#7634));
#7502 = ORIENTED_EDGE('',*,*,#7503,.T.);
#7503 = EDGE_CURVE('',#5885,#7504,#7506,.T.);
#7504 = VERTEX_POINT('',#7505);
#7505 = CARTESIAN_POINT('',(24.75,2.85,-1.110223024625E-16));
#7506 = SURFACE_CURVE('',#7507,(#7511,#7518),.PCURVE_S1.);
#7507 = LINE('',#7508,#7509);
#7508 = CARTESIAN_POINT('',(22.25,2.85,-1.110223024625E-16));
#7509 = VECTOR('',#7510,1.);
#7510 = DIRECTION('',(1.,0.,0.));
#7511 = PCURVE('',#5926,#7512);
#7512 = DEFINITIONAL_REPRESENTATION('',(#7513),#7517);
#7513 = LINE('',#7514,#7515);
#7514 = CARTESIAN_POINT('',(-1.25,-7.7));
#7515 = VECTOR('',#7516,1.);
#7516 = DIRECTION('',(1.,0.));
#7517 = ( GEOMETRIC_REPRESENTATION_CONTEXT(2) 
PARAMETRIC_REPRESENTATION_CONTEXT() REPRESENTATION_CONTEXT('2D SPACE',''
  ) );
#7518 = PCURVE('',#5900,#7519);
#7519 = DEFINITIONAL_REPRESENTATION('',(#7520),#7524);
#7520 = LINE('',#7521,#7522);
#7521 = CARTESIAN_POINT('',(1.570796326795,0.));
#7522 = VECTOR('',#7523,1.);
#7523 = DIRECTION('',(0.,1.));
#7524 = ( GEOMETRIC_REPRESENTATION_CONTEXT(2) 
PARAMETRIC_REPRESENTATION_CONTEXT() REPRESENTATION_CONTEXT('2D SPACE',''
  ) );
#7525 = ORIENTED_EDGE('',*,*,#7526,.T.);
#7526 = EDGE_CURVE('',#7504,#7527,#7529,.T.);
#7527 = VERTEX_POINT('',#7528);
#7528 = CARTESIAN_POINT('',(26.45,4.55,0.));
#7529 = SURFACE_CURVE('',#7530,(#7535,#7542),.PCURVE_S1.);
#7530 = CIRCLE('',#7531,1.7);
#7531 = AXIS2_PLACEMENT_3D('',#7532,#7533,#7534);
#7532 = CARTESIAN_POINT('',(24.75,4.55,0.));
#7533 = DIRECTION('',(0.,0.,1.));
#7534 = DIRECTION('',(0.,-1.,0.));
#7535 = PCURVE('',#5926,#7536);
#7536 = DEFINITIONAL_REPRESENTATION('',(#7537),#7541);
#7537 = CIRCLE('',#7538,1.7);
#7538 = AXIS2_PLACEMENT_2D('',#7539,#7540);
#7539 = CARTESIAN_POINT('',(1.25,-6.));
#7540 = DIRECTION('',(0.,-1.));
#7541 = ( GEOMETRIC_REPRESENTATION_CONTEXT(2) 
PARAMETRIC_REPRESENTATION_CONTEXT() REPRESENTATION_CONTEXT('2D SPACE',''
  ) );
#7542 = PCURVE('',#7543,#7548);
#7543 = TOROIDAL_SURFACE('',#7544,1.7,0.8);
#7544 = AXIS2_PLACEMENT_3D('',#7545,#7546,#7547);
#7545 = CARTESIAN_POINT('',(24.75,4.55,0.8));
#7546 = DIRECTION('',(-0.,-0.,-1.));
#7547 = DIRECTION('',(0.,-1.,0.));
#7548 = DEFINITIONAL_REPRESENTATION('',(#7549),#7553);
#7549 = LINE('',#7550,#7551);
#7550 = CARTESIAN_POINT('',(-0.,1.570796326795));
#7551 = VECTOR('',#7552,1.);
#7552 = DIRECTION('',(-1.,0.));
#7553 = ( GEOMETRIC_REPRESENTATION_CONTEXT(2) 
PARAMETRIC_REPRESENTATION_CONTEXT() REPRESENTATION_CONTEXT('2D SPACE',''
  ) );
#7554 = ORIENTED_EDGE('',*,*,#7555,.T.);
#7555 = EDGE_CURVE('',#7527,#7556,#7558,.T.);
#7556 = VERTEX_POINT('',#7557);
#7557 = CARTESIAN_POINT('',(26.45,16.55,-1.110223024625E-16));
#7558 = SURFACE_CURVE('',#7559,(#7563,#7570),.PCURVE_S1.);
#7559 = LINE('',#7560,#7561);
#7560 = CARTESIAN_POINT('',(26.45,4.55,-1.110223024625E-16));
#7561 = VECTOR('',#7562,1.);
#7562 = DIRECTION('',(0.,1.,0.));
#7563 = PCURVE('',#5926,#7564);
#7564 = DEFINITIONAL_REPRESENTATION('',(#7565),#7569);
#7565 = LINE('',#7566,#7567);
#7566 = CARTESIAN_POINT('',(2.95,-6.));
#7567 = VECTOR('',#7568,1.);
#7568 = DIRECTION('',(0.,1.));
#7569 = ( GEOMETRIC_REPRESENTATION_CONTEXT(2) 
PARAMETRIC_REPRESENTATION_CONTEXT() REPRESENTATION_CONTEXT('2D SPACE',''
  ) );
#7570 = PCURVE('',#7571,#7576);
#7571 = CYLINDRICAL_SURFACE('',#7572,0.8);
#7572 = AXIS2_PLACEMENT_3D('',#7573,#7574,#7575);
#7573 = CARTESIAN_POINT('',(26.45,4.55,0.8));
#7574 = DIRECTION('',(0.,1.,0.));
#7575 = DIRECTION('',(1.,0.,-0.));
#7576 = DEFINITIONAL_REPRESENTATION('',(#7577),#7581);
#7577 = LINE('',#7578,#7579);
#7578 = CARTESIAN_POINT('',(1.570796326795,0.));
#7579 = VECTOR('',#7580,1.);
#7580 = DIRECTION('',(0.,1.));
#7581 = ( GEOMETRIC_REPRESENTATION_CONTEXT(2) 
PARAMETRIC_REPRESENTATION_CONTEXT() REPRESENTATION_CONTEXT('2D SPACE',''
  ) );
#7582 = ORIENTED_EDGE('',*,*,#7583,.T.);
#7583 = EDGE_CURVE('',#7556,#7584,#7586,.T.);
#7584 = VERTEX_POINT('',#7585);
#7585 = CARTESIAN_POINT('',(24.75,18.25,0.));
#7586 = SURFACE_CURVE('',#7587,(#7592,#7599),.PCURVE_S1.);
#7587 = CIRCLE('',#7588,1.7);
#7588 = AXIS2_PLACEMENT_3D('',#7589,#7590,#7591);
#7589 = CARTESIAN_POINT('',(24.75,16.55,0.));
#7590 = DIRECTION('',(0.,0.,1.));
#7591 = DIRECTION('',(1.,0.,-0.));
#7592 = PCURVE('',#5926,#7593);
#7593 = DEFINITIONAL_REPRESENTATION('',(#7594),#7598);
#7594 = CIRCLE('',#7595,1.7);
#7595 = AXIS2_PLACEMENT_2D('',#7596,#7597);
#7596 = CARTESIAN_POINT('',(1.25,6.));
#7597 = DIRECTION('',(1.,0.));
#7598 = ( GEOMETRIC_REPRESENTATION_CONTEXT(2) 
PARAMETRIC_REPRESENTATION_CONTEXT() REPRESENTATION_CONTEXT('2D SPACE',''
  ) );
#7599 = PCURVE('',#7600,#7605);
#7600 = TOROIDAL_SURFACE('',#7601,1.7,0.8);
#7601 = AXIS2_PLACEMENT_3D('',#7602,#7603,#7604);
#7602 = CARTESIAN_POINT('',(24.75,16.55,0.8));
#7603 = DIRECTION('',(-0.,-0.,-1.));
#7604 = DIRECTION('',(1.,0.,-0.));
#7605 = DEFINITIONAL_REPRESENTATION('',(#7606),#7610);
#7606 = LINE('',#7607,#7608);
#7607 = CARTESIAN_POINT('',(-0.,1.570796326795));
#7608 = VECTOR('',#7609,1.);
#7609 = DIRECTION('',(-1.,0.));
#7610 = ( GEOMETRIC_REPRESENTATION_CONTEXT(2) 
PARAMETRIC_REPRESENTATION_CONTEXT() REPRESENTATION_CONTEXT('2D SPACE',''
  ) );
#7611 = ORIENTED_EDGE('',*,*,#7612,.T.);
#7612 = EDGE_CURVE('',#7584,#5990,#7613,.T.);
#7613 = SURFACE_CURVE('',#7614,(#7618,#7625),.PCURVE_S1.);
#7614 = LINE('',#7615,#7616);
#7615 = CARTESIAN_POINT('',(24.75,18.25,-1.110223024625E-16));
#7616 = VECTOR('',#7617,1.);
#7617 = DIRECTION('',(-1.,0.,0.));
#7618 = PCURVE('',#5926,#7619);
#7619 = DEFINITIONAL_REPRESENTATION('',(#7620),#7624);
#7620 = LINE('',#7621,#7622);
#7621 = CARTESIAN_POINT('',(1.25,7.7));
#7622 = VECTOR('',#7623,1.);
#7623 = DIRECTION('',(-1.,0.));
#7624 = ( GEOMETRIC_REPRESENTATION_CONTEXT(2) 
PARAMETRIC_REPRESENTATION_CONTEXT() REPRESENTATION_CONTEXT('2D SPACE',''
  ) );
#7625 = PCURVE('',#6005,#7626);
#7626 = DEFINITIONAL_REPRESENTATION('',(#7627),#7631);
#7627 = LINE('',#7628,#7629);
#7628 = CARTESIAN_POINT('',(1.570796326795,0.));
#7629 = VECTOR('',#7630,1.);
#7630 = DIRECTION('',(0.,1.));
#7631 = ( GEOMETRIC_REPRESENTATION_CONTEXT(2) 
PARAMETRIC_REPRESENTATION_CONTEXT() REPRESENTATION_CONTEXT('2D SPACE',''
  ) );
#7632 = ORIENTED_EDGE('',*,*,#6019,.T.);
#7633 = ORIENTED_EDGE('',*,*,#5964,.T.);
#7634 = ORIENTED_EDGE('',*,*,#5911,.T.);
#7635 = FACE_BOUND('',#7636,.F.);
#7636 = EDGE_LOOP('',(#7637,#7638,#7639,#7640,#7641,#7642,#7643,#7644));
#7637 = ORIENTED_EDGE('',*,*,#6764,.F.);
#7638 = ORIENTED_EDGE('',*,*,#6813,.T.);
#7639 = ORIENTED_EDGE('',*,*,#6908,.F.);
#7640 = ORIENTED_EDGE('',*,*,#7007,.T.);
#7641 = ORIENTED_EDGE('',*,*,#7102,.F.);
#7642 = ORIENTED_EDGE('',*,*,#7054,.T.);
#7643 = ORIENTED_EDGE('',*,*,#6958,.F.);
#7644 = ORIENTED_EDGE('',*,*,#6860,.T.);
#7645 = ADVANCED_FACE('',(#7646),#5900,.T.);
#7646 = FACE_BOUND('',#7647,.T.);
#7647 = EDGE_LOOP('',(#7648,#7649,#7650,#7670));
#7648 = ORIENTED_EDGE('',*,*,#5884,.T.);
#7649 = ORIENTED_EDGE('',*,*,#7503,.T.);
#7650 = ORIENTED_EDGE('',*,*,#7651,.F.);
#7651 = EDGE_CURVE('',#6481,#7504,#7652,.T.);
#7652 = SURFACE_CURVE('',#7653,(#7658,#7664),.PCURVE_S1.);
#7653 = CIRCLE('',#7654,0.8);
#7654 = AXIS2_PLACEMENT_3D('',#7655,#7656,#7657);
#7655 = CARTESIAN_POINT('',(24.75,2.85,0.8));
#7656 = DIRECTION('',(1.,0.,0.));
#7657 = DIRECTION('',(0.,-1.,-0.));
#7658 = PCURVE('',#5900,#7659);
#7659 = DEFINITIONAL_REPRESENTATION('',(#7660),#7663);
#7660 = B_SPLINE_CURVE_WITH_KNOTS('',1,(#7661,#7662),.UNSPECIFIED.,.F.,
  .F.,(2,2),(0.,1.570796326795),.PIECEWISE_BEZIER_KNOTS.);
#7661 = CARTESIAN_POINT('',(0.,2.5));
#7662 = CARTESIAN_POINT('',(1.570796326795,2.5));
#7663 = ( GEOMETRIC_REPRESENTATION_CONTEXT(2) 
PARAMETRIC_REPRESENTATION_CONTEXT() REPRESENTATION_CONTEXT('2D SPACE',''
  ) );
#7664 = PCURVE('',#7543,#7665);
#7665 = DEFINITIONAL_REPRESENTATION('',(#7666),#7669);
#7666 = B_SPLINE_CURVE_WITH_KNOTS('',1,(#7667,#7668),.UNSPECIFIED.,.F.,
  .F.,(2,2),(0.,1.570796326795),.PIECEWISE_BEZIER_KNOTS.);
#7667 = CARTESIAN_POINT('',(0.,0.));
#7668 = CARTESIAN_POINT('',(0.,1.570796326795));
#7669 = ( GEOMETRIC_REPRESENTATION_CONTEXT(2) 
PARAMETRIC_REPRESENTATION_CONTEXT() REPRESENTATION_CONTEXT('2D SPACE',''
  ) );
#7670 = ORIENTED_EDGE('',*,*,#6508,.F.);
#7671 = ADVANCED_FACE('',(#7672),#6005,.T.);
#7672 = FACE_BOUND('',#7673,.T.);
#7673 = EDGE_LOOP('',(#7674,#7694,#7695,#7696));
#7674 = ORIENTED_EDGE('',*,*,#7675,.T.);
#7675 = EDGE_CURVE('',#7130,#7584,#7676,.T.);
#7676 = SURFACE_CURVE('',#7677,(#7682,#7688),.PCURVE_S1.);
#7677 = CIRCLE('',#7678,0.8);
#7678 = AXIS2_PLACEMENT_3D('',#7679,#7680,#7681);
#7679 = CARTESIAN_POINT('',(24.75,18.25,0.8));
#7680 = DIRECTION('',(-1.,6.123233995737E-17,0.));
#7681 = DIRECTION('',(6.123233995737E-17,1.,-0.));
#7682 = PCURVE('',#6005,#7683);
#7683 = DEFINITIONAL_REPRESENTATION('',(#7684),#7687);
#7684 = B_SPLINE_CURVE_WITH_KNOTS('',1,(#7685,#7686),.UNSPECIFIED.,.F.,
  .F.,(2,2),(0.,1.570796326795),.PIECEWISE_BEZIER_KNOTS.);
#7685 = CARTESIAN_POINT('',(0.,0.));
#7686 = CARTESIAN_POINT('',(1.570796326795,0.));
#7687 = ( GEOMETRIC_REPRESENTATION_CONTEXT(2) 
PARAMETRIC_REPRESENTATION_CONTEXT() REPRESENTATION_CONTEXT('2D SPACE',''
  ) );
#7688 = PCURVE('',#7600,#7689);
#7689 = DEFINITIONAL_REPRESENTATION('',(#7690),#7693);
#7690 = B_SPLINE_CURVE_WITH_KNOTS('',1,(#7691,#7692),.UNSPECIFIED.,.F.,
  .F.,(2,2),(0.,1.570796326795),.PIECEWISE_BEZIER_KNOTS.);
#7691 = CARTESIAN_POINT('',(-1.570796326795,0.));
#7692 = CARTESIAN_POINT('',(-1.570796326795,1.570796326795));
#7693 = ( GEOMETRIC_REPRESENTATION_CONTEXT(2) 
PARAMETRIC_REPRESENTATION_CONTEXT() REPRESENTATION_CONTEXT('2D SPACE',''
  ) );
#7694 = ORIENTED_EDGE('',*,*,#7612,.T.);
#7695 = ORIENTED_EDGE('',*,*,#5989,.F.);
#7696 = ORIENTED_EDGE('',*,*,#7154,.F.);
#7697 = ADVANCED_FACE('',(#7698,#7708),#6069,.T.);
#7698 = FACE_BOUND('',#7699,.T.);
#7699 = EDGE_LOOP('',(#7700,#7701,#7702,#7703,#7704,#7705,#7706,#7707));
#7700 = ORIENTED_EDGE('',*,*,#6051,.T.);
#7701 = ORIENTED_EDGE('',*,*,#6182,.T.);
#7702 = ORIENTED_EDGE('',*,*,#6280,.T.);
#7703 = ORIENTED_EDGE('',*,*,#6380,.T.);
#7704 = ORIENTED_EDGE('',*,*,#6429,.T.);
#7705 = ORIENTED_EDGE('',*,*,#6352,.T.);
#7706 = ORIENTED_EDGE('',*,*,#6231,.T.);
#7707 = ORIENTED_EDGE('',*,*,#6128,.F.);
#7708 = FACE_BOUND('',#7709,.T.);
#7709 = EDGE_LOOP('',(#7710,#7738,#7767,#7793,#7822,#7848,#7877,#7903));
#7710 = ORIENTED_EDGE('',*,*,#7711,.F.);
#7711 = EDGE_CURVE('',#7712,#7714,#7716,.T.);
#7712 = VERTEX_POINT('',#7713);
#7713 = CARTESIAN_POINT('',(-8.1,0.35,7.));
#7714 = VERTEX_POINT('',#7715);
#7715 = CARTESIAN_POINT('',(17.5,0.35,7.));
#7716 = SURFACE_CURVE('',#7717,(#7721,#7727),.PCURVE_S1.);
#7717 = LINE('',#7718,#7719);
#7718 = CARTESIAN_POINT('',(-2.075,0.35,7.));
#7719 = VECTOR('',#7720,1.);
#7720 = DIRECTION('',(1.,0.,0.));
#7721 = PCURVE('',#6069,#7722);
#7722 = DEFINITIONAL_REPRESENTATION('',(#7723),#7726);
#7723 = B_SPLINE_CURVE_WITH_KNOTS('',1,(#7724,#7725),.UNSPECIFIED.,.F.,
  .F.,(2,2),(-6.025,19.575),.PIECEWISE_BEZIER_KNOTS.);
#7724 = CARTESIAN_POINT('',(-12.8,-10.2));
#7725 = CARTESIAN_POINT('',(12.8,-10.2));
#7726 = ( GEOMETRIC_REPRESENTATION_CONTEXT(2) 
PARAMETRIC_REPRESENTATION_CONTEXT() REPRESENTATION_CONTEXT('2D SPACE',''
  ) );
#7727 = PCURVE('',#7728,#7733);
#7728 = PLANE('',#7729);
#7729 = AXIS2_PLACEMENT_3D('',#7730,#7731,#7732);
#7730 = CARTESIAN_POINT('',(-8.85,0.35,1.6));
#7731 = DIRECTION('',(0.,1.,0.));
#7732 = DIRECTION('',(1.,0.,0.));
#7733 = DEFINITIONAL_REPRESENTATION('',(#7734),#7737);
#7734 = B_SPLINE_CURVE_WITH_KNOTS('',1,(#7735,#7736),.UNSPECIFIED.,.F.,
  .F.,(2,2),(-6.025,19.575),.PIECEWISE_BEZIER_KNOTS.);
#7735 = CARTESIAN_POINT('',(0.75,-5.4));
#7736 = CARTESIAN_POINT('',(26.35,-5.4));
#7737 = ( GEOMETRIC_REPRESENTATION_CONTEXT(2) 
PARAMETRIC_REPRESENTATION_CONTEXT() REPRESENTATION_CONTEXT('2D SPACE',''
  ) );
#7738 = ORIENTED_EDGE('',*,*,#7739,.F.);
#7739 = EDGE_CURVE('',#7740,#7712,#7742,.T.);
#7740 = VERTEX_POINT('',#7741);
#7741 = CARTESIAN_POINT('',(-8.85,1.1,7.));
#7742 = SURFACE_CURVE('',#7743,(#7748,#7755),.PCURVE_S1.);
#7743 = CIRCLE('',#7744,0.75);
#7744 = AXIS2_PLACEMENT_3D('',#7745,#7746,#7747);
#7745 = CARTESIAN_POINT('',(-8.1,1.1,7.));
#7746 = DIRECTION('',(0.,0.,1.));
#7747 = DIRECTION('',(0.,-1.,0.));
#7748 = PCURVE('',#6069,#7749);
#7749 = DEFINITIONAL_REPRESENTATION('',(#7750),#7754);
#7750 = CIRCLE('',#7751,0.75);
#7751 = AXIS2_PLACEMENT_2D('',#7752,#7753);
#7752 = CARTESIAN_POINT('',(-12.8,-9.45));
#7753 = DIRECTION('',(0.,-1.));
#7754 = ( GEOMETRIC_REPRESENTATION_CONTEXT(2) 
PARAMETRIC_REPRESENTATION_CONTEXT() REPRESENTATION_CONTEXT('2D SPACE',''
  ) );
#7755 = PCURVE('',#7756,#7761);
#7756 = CYLINDRICAL_SURFACE('',#7757,0.75);
#7757 = AXIS2_PLACEMENT_3D('',#7758,#7759,#7760);
#7758 = CARTESIAN_POINT('',(-8.1,1.1,1.6));
#7759 = DIRECTION('',(0.,0.,1.));
#7760 = DIRECTION('',(0.,-1.,0.));
#7761 = DEFINITIONAL_REPRESENTATION('',(#7762),#7766);
#7762 = LINE('',#7763,#7764);
#7763 = CARTESIAN_POINT('',(-6.28318530718,5.4));
#7764 = VECTOR('',#7765,1.);
#7765 = DIRECTION('',(1.,-0.));
#7766 = ( GEOMETRIC_REPRESENTATION_CONTEXT(2) 
PARAMETRIC_REPRESENTATION_CONTEXT() REPRESENTATION_CONTEXT('2D SPACE',''
  ) );
#7767 = ORIENTED_EDGE('',*,*,#7768,.F.);
#7768 = EDGE_CURVE('',#7769,#7740,#7771,.T.);
#7769 = VERTEX_POINT('',#7770);
#7770 = CARTESIAN_POINT('',(-8.85,20.,7.));
#7771 = SURFACE_CURVE('',#7772,(#7776,#7782),.PCURVE_S1.);
#7772 = LINE('',#7773,#7774);
#7773 = CARTESIAN_POINT('',(-8.85,15.65,7.));
#7774 = VECTOR('',#7775,1.);
#7775 = DIRECTION('',(0.,-1.,0.));
#7776 = PCURVE('',#6069,#7777);
#7777 = DEFINITIONAL_REPRESENTATION('',(#7778),#7781);
#7778 = B_SPLINE_CURVE_WITH_KNOTS('',1,(#7779,#7780),.UNSPECIFIED.,.F.,
  .F.,(2,2),(-4.35,14.55),.PIECEWISE_BEZIER_KNOTS.);
#7779 = CARTESIAN_POINT('',(-13.55,9.45));
#7780 = CARTESIAN_POINT('',(-13.55,-9.45));
#7781 = ( GEOMETRIC_REPRESENTATION_CONTEXT(2) 
PARAMETRIC_REPRESENTATION_CONTEXT() REPRESENTATION_CONTEXT('2D SPACE',''
  ) );
#7782 = PCURVE('',#7783,#7788);
#7783 = PLANE('',#7784);
#7784 = AXIS2_PLACEMENT_3D('',#7785,#7786,#7787);
#7785 = CARTESIAN_POINT('',(-8.85,20.75,1.6));
#7786 = DIRECTION('',(1.,0.,-0.));
#7787 = DIRECTION('',(0.,-1.,0.));
#7788 = DEFINITIONAL_REPRESENTATION('',(#7789),#7792);
#7789 = B_SPLINE_CURVE_WITH_KNOTS('',1,(#7790,#7791),.UNSPECIFIED.,.F.,
  .F.,(2,2),(-4.35,14.55),.PIECEWISE_BEZIER_KNOTS.);
#7790 = CARTESIAN_POINT('',(0.75,-5.4));
#7791 = CARTESIAN_POINT('',(19.65,-5.4));
#7792 = ( GEOMETRIC_REPRESENTATION_CONTEXT(2) 
PARAMETRIC_REPRESENTATION_CONTEXT() REPRESENTATION_CONTEXT('2D SPACE',''
  ) );
#7793 = ORIENTED_EDGE('',*,*,#7794,.F.);
#7794 = EDGE_CURVE('',#7795,#7769,#7797,.T.);
#7795 = VERTEX_POINT('',#7796);
#7796 = CARTESIAN_POINT('',(-8.1,20.75,7.));
#7797 = SURFACE_CURVE('',#7798,(#7803,#7810),.PCURVE_S1.);
#7798 = CIRCLE('',#7799,0.75);
#7799 = AXIS2_PLACEMENT_3D('',#7800,#7801,#7802);
#7800 = CARTESIAN_POINT('',(-8.1,20.,7.));
#7801 = DIRECTION('',(0.,0.,1.));
#7802 = DIRECTION('',(-0.,1.,0.));
#7803 = PCURVE('',#6069,#7804);
#7804 = DEFINITIONAL_REPRESENTATION('',(#7805),#7809);
#7805 = CIRCLE('',#7806,0.75);
#7806 = AXIS2_PLACEMENT_2D('',#7807,#7808);
#7807 = CARTESIAN_POINT('',(-12.8,9.45));
#7808 = DIRECTION('',(0.,1.));
#7809 = ( GEOMETRIC_REPRESENTATION_CONTEXT(2) 
PARAMETRIC_REPRESENTATION_CONTEXT() REPRESENTATION_CONTEXT('2D SPACE',''
  ) );
#7810 = PCURVE('',#7811,#7816);
#7811 = CYLINDRICAL_SURFACE('',#7812,0.75);
#7812 = AXIS2_PLACEMENT_3D('',#7813,#7814,#7815);
#7813 = CARTESIAN_POINT('',(-8.1,20.,1.6));
#7814 = DIRECTION('',(0.,0.,1.));
#7815 = DIRECTION('',(-0.,1.,0.));
#7816 = DEFINITIONAL_REPRESENTATION('',(#7817),#7821);
#7817 = LINE('',#7818,#7819);
#7818 = CARTESIAN_POINT('',(0.,5.4));
#7819 = VECTOR('',#7820,1.);
#7820 = DIRECTION('',(1.,0.));
#7821 = ( GEOMETRIC_REPRESENTATION_CONTEXT(2) 
PARAMETRIC_REPRESENTATION_CONTEXT() REPRESENTATION_CONTEXT('2D SPACE',''
  ) );
#7822 = ORIENTED_EDGE('',*,*,#7823,.F.);
#7823 = EDGE_CURVE('',#7824,#7795,#7826,.T.);
#7824 = VERTEX_POINT('',#7825);
#7825 = CARTESIAN_POINT('',(17.5,20.75,7.));
#7826 = SURFACE_CURVE('',#7827,(#7831,#7837),.PCURVE_S1.);
#7827 = LINE('',#7828,#7829);
#7828 = CARTESIAN_POINT('',(11.475,20.75,7.));
#7829 = VECTOR('',#7830,1.);
#7830 = DIRECTION('',(-1.,0.,0.));
#7831 = PCURVE('',#6069,#7832);
#7832 = DEFINITIONAL_REPRESENTATION('',(#7833),#7836);
#7833 = B_SPLINE_CURVE_WITH_KNOTS('',1,(#7834,#7835),.UNSPECIFIED.,.F.,
  .F.,(2,2),(-6.025,19.575),.PIECEWISE_BEZIER_KNOTS.);
#7834 = CARTESIAN_POINT('',(12.8,10.2));
#7835 = CARTESIAN_POINT('',(-12.8,10.2));
#7836 = ( GEOMETRIC_REPRESENTATION_CONTEXT(2) 
PARAMETRIC_REPRESENTATION_CONTEXT() REPRESENTATION_CONTEXT('2D SPACE',''
  ) );
#7837 = PCURVE('',#7838,#7843);
#7838 = PLANE('',#7839);
#7839 = AXIS2_PLACEMENT_3D('',#7840,#7841,#7842);
#7840 = CARTESIAN_POINT('',(18.25,20.75,1.6));
#7841 = DIRECTION('',(0.,-1.,0.));
#7842 = DIRECTION('',(-1.,0.,0.));
#7843 = DEFINITIONAL_REPRESENTATION('',(#7844),#7847);
#7844 = B_SPLINE_CURVE_WITH_KNOTS('',1,(#7845,#7846),.UNSPECIFIED.,.F.,
  .F.,(2,2),(-6.025,19.575),.PIECEWISE_BEZIER_KNOTS.);
#7845 = CARTESIAN_POINT('',(0.75,-5.4));
#7846 = CARTESIAN_POINT('',(26.35,-5.4));
#7847 = ( GEOMETRIC_REPRESENTATION_CONTEXT(2) 
PARAMETRIC_REPRESENTATION_CONTEXT() REPRESENTATION_CONTEXT('2D SPACE',''
  ) );
#7848 = ORIENTED_EDGE('',*,*,#7849,.F.);
#7849 = EDGE_CURVE('',#7850,#7824,#7852,.T.);
#7850 = VERTEX_POINT('',#7851);
#7851 = CARTESIAN_POINT('',(18.25,20.,7.));
#7852 = SURFACE_CURVE('',#7853,(#7858,#7865),.PCURVE_S1.);
#7853 = CIRCLE('',#7854,0.75);
#7854 = AXIS2_PLACEMENT_3D('',#7855,#7856,#7857);
#7855 = CARTESIAN_POINT('',(17.5,20.,7.));
#7856 = DIRECTION('',(0.,0.,1.));
#7857 = DIRECTION('',(1.,0.,-0.));
#7858 = PCURVE('',#6069,#7859);
#7859 = DEFINITIONAL_REPRESENTATION('',(#7860),#7864);
#7860 = CIRCLE('',#7861,0.75);
#7861 = AXIS2_PLACEMENT_2D('',#7862,#7863);
#7862 = CARTESIAN_POINT('',(12.8,9.45));
#7863 = DIRECTION('',(1.,0.));
#7864 = ( GEOMETRIC_REPRESENTATION_CONTEXT(2) 
PARAMETRIC_REPRESENTATION_CONTEXT() REPRESENTATION_CONTEXT('2D SPACE',''
  ) );
#7865 = PCURVE('',#7866,#7871);
#7866 = CYLINDRICAL_SURFACE('',#7867,0.75);
#7867 = AXIS2_PLACEMENT_3D('',#7868,#7869,#7870);
#7868 = CARTESIAN_POINT('',(17.5,20.,1.6));
#7869 = DIRECTION('',(0.,0.,1.));
#7870 = DIRECTION('',(1.,0.,-0.));
#7871 = DEFINITIONAL_REPRESENTATION('',(#7872),#7876);
#7872 = LINE('',#7873,#7874);
#7873 = CARTESIAN_POINT('',(0.,5.4));
#7874 = VECTOR('',#7875,1.);
#7875 = DIRECTION('',(1.,0.));
#7876 = ( GEOMETRIC_REPRESENTATION_CONTEXT(2) 
PARAMETRIC_REPRESENTATION_CONTEXT() REPRESENTATION_CONTEXT('2D SPACE',''
  ) );
#7877 = ORIENTED_EDGE('',*,*,#7878,.F.);
#7878 = EDGE_CURVE('',#7879,#7850,#7881,.T.);
#7879 = VERTEX_POINT('',#7880);
#7880 = CARTESIAN_POINT('',(18.25,1.1,7.));
#7881 = SURFACE_CURVE('',#7882,(#7886,#7892),.PCURVE_S1.);
#7882 = LINE('',#7883,#7884);
#7883 = CARTESIAN_POINT('',(18.25,5.45,7.));
#7884 = VECTOR('',#7885,1.);
#7885 = DIRECTION('',(0.,1.,-0.));
#7886 = PCURVE('',#6069,#7887);
#7887 = DEFINITIONAL_REPRESENTATION('',(#7888),#7891);
#7888 = B_SPLINE_CURVE_WITH_KNOTS('',1,(#7889,#7890),.UNSPECIFIED.,.F.,
  .F.,(2,2),(-4.35,14.55),.PIECEWISE_BEZIER_KNOTS.);
#7889 = CARTESIAN_POINT('',(13.55,-9.45));
#7890 = CARTESIAN_POINT('',(13.55,9.45));
#7891 = ( GEOMETRIC_REPRESENTATION_CONTEXT(2) 
PARAMETRIC_REPRESENTATION_CONTEXT() REPRESENTATION_CONTEXT('2D SPACE',''
  ) );
#7892 = PCURVE('',#7893,#7898);
#7893 = PLANE('',#7894);
#7894 = AXIS2_PLACEMENT_3D('',#7895,#7896,#7897);
#7895 = CARTESIAN_POINT('',(18.25,0.35,1.6));
#7896 = DIRECTION('',(-1.,0.,0.));
#7897 = DIRECTION('',(0.,1.,0.));
#7898 = DEFINITIONAL_REPRESENTATION('',(#7899),#7902);
#7899 = B_SPLINE_CURVE_WITH_KNOTS('',1,(#7900,#7901),.UNSPECIFIED.,.F.,
  .F.,(2,2),(-4.35,14.55),.PIECEWISE_BEZIER_KNOTS.);
#7900 = CARTESIAN_POINT('',(0.75,-5.4));
#7901 = CARTESIAN_POINT('',(19.65,-5.4));
#7902 = ( GEOMETRIC_REPRESENTATION_CONTEXT(2) 
PARAMETRIC_REPRESENTATION_CONTEXT() REPRESENTATION_CONTEXT('2D SPACE',''
  ) );
#7903 = ORIENTED_EDGE('',*,*,#7904,.F.);
#7904 = EDGE_CURVE('',#7714,#7879,#7905,.T.);
#7905 = SURFACE_CURVE('',#7906,(#7911,#7918),.PCURVE_S1.);
#7906 = CIRCLE('',#7907,0.75);
#7907 = AXIS2_PLACEMENT_3D('',#7908,#7909,#7910);
#7908 = CARTESIAN_POINT('',(17.5,1.1,7.));
#7909 = DIRECTION('',(0.,0.,1.));
#7910 = DIRECTION('',(0.,-1.,0.));
#7911 = PCURVE('',#6069,#7912);
#7912 = DEFINITIONAL_REPRESENTATION('',(#7913),#7917);
#7913 = CIRCLE('',#7914,0.75);
#7914 = AXIS2_PLACEMENT_2D('',#7915,#7916);
#7915 = CARTESIAN_POINT('',(12.8,-9.45));
#7916 = DIRECTION('',(0.,-1.));
#7917 = ( GEOMETRIC_REPRESENTATION_CONTEXT(2) 
PARAMETRIC_REPRESENTATION_CONTEXT() REPRESENTATION_CONTEXT('2D SPACE',''
  ) );
#7918 = PCURVE('',#7919,#7924);
#7919 = CYLINDRICAL_SURFACE('',#7920,0.75);
#7920 = AXIS2_PLACEMENT_3D('',#7921,#7922,#7923);
#7921 = CARTESIAN_POINT('',(17.5,1.1,1.6));
#7922 = DIRECTION('',(0.,0.,1.));
#7923 = DIRECTION('',(0.,-1.,0.));
#7924 = DEFINITIONAL_REPRESENTATION('',(#7925),#7929);
#7925 = LINE('',#7926,#7927);
#7926 = CARTESIAN_POINT('',(0.,5.4));
#7927 = VECTOR('',#7928,1.);
#7928 = DIRECTION('',(1.,0.));
#7929 = ( GEOMETRIC_REPRESENTATION_CONTEXT(2) 
PARAMETRIC_REPRESENTATION_CONTEXT() REPRESENTATION_CONTEXT('2D SPACE',''
  ) );
#7930 = ADVANCED_FACE('',(#7931),#6496,.T.);
#7931 = FACE_BOUND('',#7932,.T.);
#7932 = EDGE_LOOP('',(#7933,#7934,#7958,#7979));
#7933 = ORIENTED_EDGE('',*,*,#6480,.F.);
#7934 = ORIENTED_EDGE('',*,*,#7935,.T.);
#7935 = EDGE_CURVE('',#6481,#7936,#7938,.T.);
#7936 = VERTEX_POINT('',#7937);
#7937 = CARTESIAN_POINT('',(27.25,4.55,0.8));
#7938 = SURFACE_CURVE('',#7939,(#7944,#7951),.PCURVE_S1.);
#7939 = CIRCLE('',#7940,2.5);
#7940 = AXIS2_PLACEMENT_3D('',#7941,#7942,#7943);
#7941 = CARTESIAN_POINT('',(24.75,4.55,0.8));
#7942 = DIRECTION('',(0.,0.,1.));
#7943 = DIRECTION('',(0.,-1.,0.));
#7944 = PCURVE('',#6496,#7945);
#7945 = DEFINITIONAL_REPRESENTATION('',(#7946),#7950);
#7946 = LINE('',#7947,#7948);
#7947 = CARTESIAN_POINT('',(0.,0.8));
#7948 = VECTOR('',#7949,1.);
#7949 = DIRECTION('',(1.,0.));
#7950 = ( GEOMETRIC_REPRESENTATION_CONTEXT(2) 
PARAMETRIC_REPRESENTATION_CONTEXT() REPRESENTATION_CONTEXT('2D SPACE',''
  ) );
#7951 = PCURVE('',#7543,#7952);
#7952 = DEFINITIONAL_REPRESENTATION('',(#7953),#7957);
#7953 = LINE('',#7954,#7955);
#7954 = CARTESIAN_POINT('',(-0.,0.));
#7955 = VECTOR('',#7956,1.);
#7956 = DIRECTION('',(-1.,0.));
#7957 = ( GEOMETRIC_REPRESENTATION_CONTEXT(2) 
PARAMETRIC_REPRESENTATION_CONTEXT() REPRESENTATION_CONTEXT('2D SPACE',''
  ) );
#7958 = ORIENTED_EDGE('',*,*,#7959,.T.);
#7959 = EDGE_CURVE('',#7936,#6661,#7960,.T.);
#7960 = SURFACE_CURVE('',#7961,(#7965,#7972),.PCURVE_S1.);
#7961 = LINE('',#7962,#7963);
#7962 = CARTESIAN_POINT('',(27.25,4.55,0.));
#7963 = VECTOR('',#7964,1.);
#7964 = DIRECTION('',(0.,0.,1.));
#7965 = PCURVE('',#6496,#7966);
#7966 = DEFINITIONAL_REPRESENTATION('',(#7967),#7971);
#7967 = LINE('',#7968,#7969);
#7968 = CARTESIAN_POINT('',(1.570796326795,0.));
#7969 = VECTOR('',#7970,1.);
#7970 = DIRECTION('',(0.,1.));
#7971 = ( GEOMETRIC_REPRESENTATION_CONTEXT(2) 
PARAMETRIC_REPRESENTATION_CONTEXT() REPRESENTATION_CONTEXT('2D SPACE',''
  ) );
#7972 = PCURVE('',#6698,#7973);
#7973 = DEFINITIONAL_REPRESENTATION('',(#7974),#7978);
#7974 = LINE('',#7975,#7976);
#7975 = CARTESIAN_POINT('',(2.5,0.));
#7976 = VECTOR('',#7977,1.);
#7977 = DIRECTION('',(0.,-1.));
#7978 = ( GEOMETRIC_REPRESENTATION_CONTEXT(2) 
PARAMETRIC_REPRESENTATION_CONTEXT() REPRESENTATION_CONTEXT('2D SPACE',''
  ) );
#7979 = ORIENTED_EDGE('',*,*,#6714,.F.);
#7980 = ADVANCED_FACE('',(#7981),#6643,.T.);
#7981 = FACE_BOUND('',#7982,.T.);
#7982 = EDGE_LOOP('',(#7983,#8006,#8028,#8029));
#7983 = ORIENTED_EDGE('',*,*,#7984,.F.);
#7984 = EDGE_CURVE('',#7985,#6607,#7987,.T.);
#7985 = VERTEX_POINT('',#7986);
#7986 = CARTESIAN_POINT('',(27.25,16.55,0.8));
#7987 = SURFACE_CURVE('',#7988,(#7992,#7999),.PCURVE_S1.);
#7988 = LINE('',#7989,#7990);
#7989 = CARTESIAN_POINT('',(27.25,16.55,0.));
#7990 = VECTOR('',#7991,1.);
#7991 = DIRECTION('',(0.,0.,1.));
#7992 = PCURVE('',#6643,#7993);
#7993 = DEFINITIONAL_REPRESENTATION('',(#7994),#7998);
#7994 = LINE('',#7995,#7996);
#7995 = CARTESIAN_POINT('',(0.,0.));
#7996 = VECTOR('',#7997,1.);
#7997 = DIRECTION('',(0.,1.));
#7998 = ( GEOMETRIC_REPRESENTATION_CONTEXT(2) 
PARAMETRIC_REPRESENTATION_CONTEXT() REPRESENTATION_CONTEXT('2D SPACE',''
  ) );
#7999 = PCURVE('',#6698,#8000);
#8000 = DEFINITIONAL_REPRESENTATION('',(#8001),#8005);
#8001 = LINE('',#8002,#8003);
#8002 = CARTESIAN_POINT('',(14.5,0.));
#8003 = VECTOR('',#8004,1.);
#8004 = DIRECTION('',(0.,-1.));
#8005 = ( GEOMETRIC_REPRESENTATION_CONTEXT(2) 
PARAMETRIC_REPRESENTATION_CONTEXT() REPRESENTATION_CONTEXT('2D SPACE',''
  ) );
#8006 = ORIENTED_EDGE('',*,*,#8007,.T.);
#8007 = EDGE_CURVE('',#7985,#7130,#8008,.T.);
#8008 = SURFACE_CURVE('',#8009,(#8014,#8021),.PCURVE_S1.);
#8009 = CIRCLE('',#8010,2.5);
#8010 = AXIS2_PLACEMENT_3D('',#8011,#8012,#8013);
#8011 = CARTESIAN_POINT('',(24.75,16.55,0.8));
#8012 = DIRECTION('',(0.,0.,1.));
#8013 = DIRECTION('',(1.,0.,-0.));
#8014 = PCURVE('',#6643,#8015);
#8015 = DEFINITIONAL_REPRESENTATION('',(#8016),#8020);
#8016 = LINE('',#8017,#8018);
#8017 = CARTESIAN_POINT('',(0.,0.8));
#8018 = VECTOR('',#8019,1.);
#8019 = DIRECTION('',(1.,0.));
#8020 = ( GEOMETRIC_REPRESENTATION_CONTEXT(2) 
PARAMETRIC_REPRESENTATION_CONTEXT() REPRESENTATION_CONTEXT('2D SPACE',''
  ) );
#8021 = PCURVE('',#7600,#8022);
#8022 = DEFINITIONAL_REPRESENTATION('',(#8023),#8027);
#8023 = LINE('',#8024,#8025);
#8024 = CARTESIAN_POINT('',(-0.,0.));
#8025 = VECTOR('',#8026,1.);
#8026 = DIRECTION('',(-1.,0.));
#8027 = ( GEOMETRIC_REPRESENTATION_CONTEXT(2) 
PARAMETRIC_REPRESENTATION_CONTEXT() REPRESENTATION_CONTEXT('2D SPACE',''
  ) );
#8028 = ORIENTED_EDGE('',*,*,#7129,.T.);
#8029 = ORIENTED_EDGE('',*,*,#6628,.F.);
#8030 = ADVANCED_FACE('',(#8031),#6698,.F.);
#8031 = FACE_BOUND('',#8032,.F.);
#8032 = EDGE_LOOP('',(#8033,#8034,#8035,#8036));
#8033 = ORIENTED_EDGE('',*,*,#7959,.T.);
#8034 = ORIENTED_EDGE('',*,*,#6684,.T.);
#8035 = ORIENTED_EDGE('',*,*,#7984,.F.);
#8036 = ORIENTED_EDGE('',*,*,#8037,.F.);
#8037 = EDGE_CURVE('',#7936,#7985,#8038,.T.);
#8038 = SURFACE_CURVE('',#8039,(#8043,#8050),.PCURVE_S1.);
#8039 = LINE('',#8040,#8041);
#8040 = CARTESIAN_POINT('',(27.25,4.55,0.8));
#8041 = VECTOR('',#8042,1.);
#8042 = DIRECTION('',(0.,1.,0.));
#8043 = PCURVE('',#6698,#8044);
#8044 = DEFINITIONAL_REPRESENTATION('',(#8045),#8049);
#8045 = LINE('',#8046,#8047);
#8046 = CARTESIAN_POINT('',(2.5,-0.8));
#8047 = VECTOR('',#8048,1.);
#8048 = DIRECTION('',(1.,0.));
#8049 = ( GEOMETRIC_REPRESENTATION_CONTEXT(2) 
PARAMETRIC_REPRESENTATION_CONTEXT() REPRESENTATION_CONTEXT('2D SPACE',''
  ) );
#8050 = PCURVE('',#7571,#8051);
#8051 = DEFINITIONAL_REPRESENTATION('',(#8052),#8056);
#8052 = LINE('',#8053,#8054);
#8053 = CARTESIAN_POINT('',(0.,0.));
#8054 = VECTOR('',#8055,1.);
#8055 = DIRECTION('',(0.,1.));
#8056 = ( GEOMETRIC_REPRESENTATION_CONTEXT(2) 
PARAMETRIC_REPRESENTATION_CONTEXT() REPRESENTATION_CONTEXT('2D SPACE',''
  ) );
#8057 = ADVANCED_FACE('',(#8058),#7299,.T.);
#8058 = FACE_BOUND('',#8059,.F.);
#8059 = EDGE_LOOP('',(#8060,#8080,#8081,#8082));
#8060 = ORIENTED_EDGE('',*,*,#8061,.F.);
#8061 = EDGE_CURVE('',#7428,#7257,#8062,.T.);
#8062 = SURFACE_CURVE('',#8063,(#8068,#8074),.PCURVE_S1.);
#8063 = CIRCLE('',#8064,0.8);
#8064 = AXIS2_PLACEMENT_3D('',#8065,#8066,#8067);
#8065 = CARTESIAN_POINT('',(-17.05,4.55,0.8));
#8066 = DIRECTION('',(0.,-1.,0.));
#8067 = DIRECTION('',(-1.,0.,0.));
#8068 = PCURVE('',#7299,#8069);
#8069 = DEFINITIONAL_REPRESENTATION('',(#8070),#8073);
#8070 = B_SPLINE_CURVE_WITH_KNOTS('',1,(#8071,#8072),.UNSPECIFIED.,.F.,
  .F.,(2,2),(0.,1.570796326795),.PIECEWISE_BEZIER_KNOTS.);
#8071 = CARTESIAN_POINT('',(0.,0.));
#8072 = CARTESIAN_POINT('',(0.,1.570796326795));
#8073 = ( GEOMETRIC_REPRESENTATION_CONTEXT(2) 
PARAMETRIC_REPRESENTATION_CONTEXT() REPRESENTATION_CONTEXT('2D SPACE',''
  ) );
#8074 = PCURVE('',#7272,#8075);
#8075 = DEFINITIONAL_REPRESENTATION('',(#8076),#8079);
#8076 = B_SPLINE_CURVE_WITH_KNOTS('',1,(#8077,#8078),.UNSPECIFIED.,.F.,
  .F.,(2,2),(0.,1.570796326795),.PIECEWISE_BEZIER_KNOTS.);
#8077 = CARTESIAN_POINT('',(0.,12.));
#8078 = CARTESIAN_POINT('',(1.570796326795,12.));
#8079 = ( GEOMETRIC_REPRESENTATION_CONTEXT(2) 
PARAMETRIC_REPRESENTATION_CONTEXT() REPRESENTATION_CONTEXT('2D SPACE',''
  ) );
#8080 = ORIENTED_EDGE('',*,*,#7427,.T.);
#8081 = ORIENTED_EDGE('',*,*,#7350,.T.);
#8082 = ORIENTED_EDGE('',*,*,#7284,.F.);
#8083 = ADVANCED_FACE('',(#8084),#7272,.T.);
#8084 = FACE_BOUND('',#8085,.T.);
#8085 = EDGE_LOOP('',(#8086,#8106,#8107,#8108));
#8086 = ORIENTED_EDGE('',*,*,#8087,.T.);
#8087 = EDGE_CURVE('',#7378,#7228,#8088,.T.);
#8088 = SURFACE_CURVE('',#8089,(#8094,#8100),.PCURVE_S1.);
#8089 = CIRCLE('',#8090,0.8);
#8090 = AXIS2_PLACEMENT_3D('',#8091,#8092,#8093);
#8091 = CARTESIAN_POINT('',(-17.05,16.55,0.8));
#8092 = DIRECTION('',(-6.123233995737E-17,-1.,0.));
#8093 = DIRECTION('',(-1.,6.123233995737E-17,0.));
#8094 = PCURVE('',#7272,#8095);
#8095 = DEFINITIONAL_REPRESENTATION('',(#8096),#8099);
#8096 = B_SPLINE_CURVE_WITH_KNOTS('',1,(#8097,#8098),.UNSPECIFIED.,.F.,
  .F.,(2,2),(0.,1.570796326795),.PIECEWISE_BEZIER_KNOTS.);
#8097 = CARTESIAN_POINT('',(0.,0.));
#8098 = CARTESIAN_POINT('',(1.570796326795,0.));
#8099 = ( GEOMETRIC_REPRESENTATION_CONTEXT(2) 
PARAMETRIC_REPRESENTATION_CONTEXT() REPRESENTATION_CONTEXT('2D SPACE',''
  ) );
#8100 = PCURVE('',#7244,#8101);
#8101 = DEFINITIONAL_REPRESENTATION('',(#8102),#8105);
#8102 = B_SPLINE_CURVE_WITH_KNOTS('',1,(#8103,#8104),.UNSPECIFIED.,.F.,
  .F.,(2,2),(0.,1.570796326795),.PIECEWISE_BEZIER_KNOTS.);
#8103 = CARTESIAN_POINT('',(-1.570796326795,0.));
#8104 = CARTESIAN_POINT('',(-1.570796326795,1.570796326795));
#8105 = ( GEOMETRIC_REPRESENTATION_CONTEXT(2) 
PARAMETRIC_REPRESENTATION_CONTEXT() REPRESENTATION_CONTEXT('2D SPACE',''
  ) );
#8106 = ORIENTED_EDGE('',*,*,#7256,.T.);
#8107 = ORIENTED_EDGE('',*,*,#8061,.F.);
#8108 = ORIENTED_EDGE('',*,*,#7479,.F.);
#8109 = ADVANCED_FACE('',(#8110),#7244,.T.);
#8110 = FACE_BOUND('',#8111,.F.);
#8111 = EDGE_LOOP('',(#8112,#8113,#8114,#8115));
#8112 = ORIENTED_EDGE('',*,*,#7326,.F.);
#8113 = ORIENTED_EDGE('',*,*,#7377,.T.);
#8114 = ORIENTED_EDGE('',*,*,#8087,.T.);
#8115 = ORIENTED_EDGE('',*,*,#7227,.F.);
#8116 = ADVANCED_FACE('',(#8117),#7543,.T.);
#8117 = FACE_BOUND('',#8118,.F.);
#8118 = EDGE_LOOP('',(#8119,#8120,#8121,#8141));
#8119 = ORIENTED_EDGE('',*,*,#7651,.F.);
#8120 = ORIENTED_EDGE('',*,*,#7935,.T.);
#8121 = ORIENTED_EDGE('',*,*,#8122,.T.);
#8122 = EDGE_CURVE('',#7936,#7527,#8123,.T.);
#8123 = SURFACE_CURVE('',#8124,(#8129,#8135),.PCURVE_S1.);
#8124 = CIRCLE('',#8125,0.8);
#8125 = AXIS2_PLACEMENT_3D('',#8126,#8127,#8128);
#8126 = CARTESIAN_POINT('',(26.45,4.55,0.8));
#8127 = DIRECTION('',(6.123233995737E-17,1.,0.));
#8128 = DIRECTION('',(1.,-6.123233995737E-17,0.));
#8129 = PCURVE('',#7543,#8130);
#8130 = DEFINITIONAL_REPRESENTATION('',(#8131),#8134);
#8131 = B_SPLINE_CURVE_WITH_KNOTS('',1,(#8132,#8133),.UNSPECIFIED.,.F.,
  .F.,(2,2),(0.,1.570796326795),.PIECEWISE_BEZIER_KNOTS.);
#8132 = CARTESIAN_POINT('',(-1.570796326795,0.));
#8133 = CARTESIAN_POINT('',(-1.570796326795,1.570796326795));
#8134 = ( GEOMETRIC_REPRESENTATION_CONTEXT(2) 
PARAMETRIC_REPRESENTATION_CONTEXT() REPRESENTATION_CONTEXT('2D SPACE',''
  ) );
#8135 = PCURVE('',#7571,#8136);
#8136 = DEFINITIONAL_REPRESENTATION('',(#8137),#8140);
#8137 = B_SPLINE_CURVE_WITH_KNOTS('',1,(#8138,#8139),.UNSPECIFIED.,.F.,
  .F.,(2,2),(0.,1.570796326795),.PIECEWISE_BEZIER_KNOTS.);
#8138 = CARTESIAN_POINT('',(0.,0.));
#8139 = CARTESIAN_POINT('',(1.570796326795,0.));
#8140 = ( GEOMETRIC_REPRESENTATION_CONTEXT(2) 
PARAMETRIC_REPRESENTATION_CONTEXT() REPRESENTATION_CONTEXT('2D SPACE',''
  ) );
#8141 = ORIENTED_EDGE('',*,*,#7526,.F.);
#8142 = ADVANCED_FACE('',(#8143),#7571,.T.);
#8143 = FACE_BOUND('',#8144,.T.);
#8144 = EDGE_LOOP('',(#8145,#8146,#8147,#8167));
#8145 = ORIENTED_EDGE('',*,*,#8122,.T.);
#8146 = ORIENTED_EDGE('',*,*,#7555,.T.);
#8147 = ORIENTED_EDGE('',*,*,#8148,.F.);
#8148 = EDGE_CURVE('',#7985,#7556,#8149,.T.);
#8149 = SURFACE_CURVE('',#8150,(#8155,#8161),.PCURVE_S1.);
#8150 = CIRCLE('',#8151,0.8);
#8151 = AXIS2_PLACEMENT_3D('',#8152,#8153,#8154);
#8152 = CARTESIAN_POINT('',(26.45,16.55,0.8));
#8153 = DIRECTION('',(0.,1.,0.));
#8154 = DIRECTION('',(1.,0.,-0.));
#8155 = PCURVE('',#7571,#8156);
#8156 = DEFINITIONAL_REPRESENTATION('',(#8157),#8160);
#8157 = B_SPLINE_CURVE_WITH_KNOTS('',1,(#8158,#8159),.UNSPECIFIED.,.F.,
  .F.,(2,2),(0.,1.570796326795),.PIECEWISE_BEZIER_KNOTS.);
#8158 = CARTESIAN_POINT('',(0.,12.));
#8159 = CARTESIAN_POINT('',(1.570796326795,12.));
#8160 = ( GEOMETRIC_REPRESENTATION_CONTEXT(2) 
PARAMETRIC_REPRESENTATION_CONTEXT() REPRESENTATION_CONTEXT('2D SPACE',''
  ) );
#8161 = PCURVE('',#7600,#8162);
#8162 = DEFINITIONAL_REPRESENTATION('',(#8163),#8166);
#8163 = B_SPLINE_CURVE_WITH_KNOTS('',1,(#8164,#8165),.UNSPECIFIED.,.F.,
  .F.,(2,2),(0.,1.570796326795),.PIECEWISE_BEZIER_KNOTS.);
#8164 = CARTESIAN_POINT('',(0.,0.));
#8165 = CARTESIAN_POINT('',(0.,1.570796326795));
#8166 = ( GEOMETRIC_REPRESENTATION_CONTEXT(2) 
PARAMETRIC_REPRESENTATION_CONTEXT() REPRESENTATION_CONTEXT('2D SPACE',''
  ) );
#8167 = ORIENTED_EDGE('',*,*,#8037,.F.);
#8168 = ADVANCED_FACE('',(#8169),#7600,.T.);
#8169 = FACE_BOUND('',#8170,.F.);
#8170 = EDGE_LOOP('',(#8171,#8172,#8173,#8174));
#8171 = ORIENTED_EDGE('',*,*,#8148,.F.);
#8172 = ORIENTED_EDGE('',*,*,#8007,.T.);
#8173 = ORIENTED_EDGE('',*,*,#7675,.T.);
#8174 = ORIENTED_EDGE('',*,*,#7583,.F.);
#8175 = ADVANCED_FACE('',(#8176),#7728,.T.);
#8176 = FACE_BOUND('',#8177,.T.);
#8177 = EDGE_LOOP('',(#8178,#8208,#8229,#8230));
#8178 = ORIENTED_EDGE('',*,*,#8179,.F.);
#8179 = EDGE_CURVE('',#8180,#8182,#8184,.T.);
#8180 = VERTEX_POINT('',#8181);
#8181 = CARTESIAN_POINT('',(-8.1,0.35,1.6));
#8182 = VERTEX_POINT('',#8183);
#8183 = CARTESIAN_POINT('',(17.5,0.35,1.6));
#8184 = SURFACE_CURVE('',#8185,(#8189,#8196),.PCURVE_S1.);
#8185 = LINE('',#8186,#8187);
#8186 = CARTESIAN_POINT('',(-8.85,0.35,1.6));
#8187 = VECTOR('',#8188,1.);
#8188 = DIRECTION('',(1.,0.,0.));
#8189 = PCURVE('',#7728,#8190);
#8190 = DEFINITIONAL_REPRESENTATION('',(#8191),#8195);
#8191 = LINE('',#8192,#8193);
#8192 = CARTESIAN_POINT('',(0.,0.));
#8193 = VECTOR('',#8194,1.);
#8194 = DIRECTION('',(1.,0.));
#8195 = ( GEOMETRIC_REPRESENTATION_CONTEXT(2) 
PARAMETRIC_REPRESENTATION_CONTEXT() REPRESENTATION_CONTEXT('2D SPACE',''
  ) );
#8196 = PCURVE('',#8197,#8202);
#8197 = PLANE('',#8198);
#8198 = AXIS2_PLACEMENT_3D('',#8199,#8200,#8201);
#8199 = CARTESIAN_POINT('',(4.7,10.55,1.6));
#8200 = DIRECTION('',(0.,0.,1.));
#8201 = DIRECTION('',(1.,0.,-0.));
#8202 = DEFINITIONAL_REPRESENTATION('',(#8203),#8207);
#8203 = LINE('',#8204,#8205);
#8204 = CARTESIAN_POINT('',(-13.55,-10.2));
#8205 = VECTOR('',#8206,1.);
#8206 = DIRECTION('',(1.,0.));
#8207 = ( GEOMETRIC_REPRESENTATION_CONTEXT(2) 
PARAMETRIC_REPRESENTATION_CONTEXT() REPRESENTATION_CONTEXT('2D SPACE',''
  ) );
#8208 = ORIENTED_EDGE('',*,*,#8209,.T.);
#8209 = EDGE_CURVE('',#8180,#7712,#8210,.T.);
#8210 = SURFACE_CURVE('',#8211,(#8215,#8222),.PCURVE_S1.);
#8211 = LINE('',#8212,#8213);
#8212 = CARTESIAN_POINT('',(-8.1,0.35,1.6));
#8213 = VECTOR('',#8214,1.);
#8214 = DIRECTION('',(0.,0.,1.));
#8215 = PCURVE('',#7728,#8216);
#8216 = DEFINITIONAL_REPRESENTATION('',(#8217),#8221);
#8217 = LINE('',#8218,#8219);
#8218 = CARTESIAN_POINT('',(0.75,0.));
#8219 = VECTOR('',#8220,1.);
#8220 = DIRECTION('',(0.,-1.));
#8221 = ( GEOMETRIC_REPRESENTATION_CONTEXT(2) 
PARAMETRIC_REPRESENTATION_CONTEXT() REPRESENTATION_CONTEXT('2D SPACE',''
  ) );
#8222 = PCURVE('',#7756,#8223);
#8223 = DEFINITIONAL_REPRESENTATION('',(#8224),#8228);
#8224 = LINE('',#8225,#8226);
#8225 = CARTESIAN_POINT('',(-0.,0.));
#8226 = VECTOR('',#8227,1.);
#8227 = DIRECTION('',(-0.,1.));
#8228 = ( GEOMETRIC_REPRESENTATION_CONTEXT(2) 
PARAMETRIC_REPRESENTATION_CONTEXT() REPRESENTATION_CONTEXT('2D SPACE',''
  ) );
#8229 = ORIENTED_EDGE('',*,*,#7711,.T.);
#8230 = ORIENTED_EDGE('',*,*,#8231,.F.);
#8231 = EDGE_CURVE('',#8182,#7714,#8232,.T.);
#8232 = SURFACE_CURVE('',#8233,(#8237,#8244),.PCURVE_S1.);
#8233 = LINE('',#8234,#8235);
#8234 = CARTESIAN_POINT('',(17.5,0.35,1.6));
#8235 = VECTOR('',#8236,1.);
#8236 = DIRECTION('',(0.,0.,1.));
#8237 = PCURVE('',#7728,#8238);
#8238 = DEFINITIONAL_REPRESENTATION('',(#8239),#8243);
#8239 = LINE('',#8240,#8241);
#8240 = CARTESIAN_POINT('',(26.35,0.));
#8241 = VECTOR('',#8242,1.);
#8242 = DIRECTION('',(0.,-1.));
#8243 = ( GEOMETRIC_REPRESENTATION_CONTEXT(2) 
PARAMETRIC_REPRESENTATION_CONTEXT() REPRESENTATION_CONTEXT('2D SPACE',''
  ) );
#8244 = PCURVE('',#7919,#8245);
#8245 = DEFINITIONAL_REPRESENTATION('',(#8246),#8250);
#8246 = LINE('',#8247,#8248);
#8247 = CARTESIAN_POINT('',(0.,0.));
#8248 = VECTOR('',#8249,1.);
#8249 = DIRECTION('',(0.,1.));
#8250 = ( GEOMETRIC_REPRESENTATION_CONTEXT(2) 
PARAMETRIC_REPRESENTATION_CONTEXT() REPRESENTATION_CONTEXT('2D SPACE',''
  ) );
#8251 = ADVANCED_FACE('',(#8252),#7919,.F.);
#8252 = FACE_BOUND('',#8253,.F.);
#8253 = EDGE_LOOP('',(#8254,#8255,#8279,#8300));
#8254 = ORIENTED_EDGE('',*,*,#8231,.F.);
#8255 = ORIENTED_EDGE('',*,*,#8256,.T.);
#8256 = EDGE_CURVE('',#8182,#8257,#8259,.T.);
#8257 = VERTEX_POINT('',#8258);
#8258 = CARTESIAN_POINT('',(18.25,1.1,1.6));
#8259 = SURFACE_CURVE('',#8260,(#8265,#8272),.PCURVE_S1.);
#8260 = CIRCLE('',#8261,0.75);
#8261 = AXIS2_PLACEMENT_3D('',#8262,#8263,#8264);
#8262 = CARTESIAN_POINT('',(17.5,1.1,1.6));
#8263 = DIRECTION('',(0.,0.,1.));
#8264 = DIRECTION('',(0.,-1.,0.));
#8265 = PCURVE('',#7919,#8266);
#8266 = DEFINITIONAL_REPRESENTATION('',(#8267),#8271);
#8267 = LINE('',#8268,#8269);
#8268 = CARTESIAN_POINT('',(0.,0.));
#8269 = VECTOR('',#8270,1.);
#8270 = DIRECTION('',(1.,0.));
#8271 = ( GEOMETRIC_REPRESENTATION_CONTEXT(2) 
PARAMETRIC_REPRESENTATION_CONTEXT() REPRESENTATION_CONTEXT('2D SPACE',''
  ) );
#8272 = PCURVE('',#8197,#8273);
#8273 = DEFINITIONAL_REPRESENTATION('',(#8274),#8278);
#8274 = CIRCLE('',#8275,0.75);
#8275 = AXIS2_PLACEMENT_2D('',#8276,#8277);
#8276 = CARTESIAN_POINT('',(12.8,-9.45));
#8277 = DIRECTION('',(0.,-1.));
#8278 = ( GEOMETRIC_REPRESENTATION_CONTEXT(2) 
PARAMETRIC_REPRESENTATION_CONTEXT() REPRESENTATION_CONTEXT('2D SPACE',''
  ) );
#8279 = ORIENTED_EDGE('',*,*,#8280,.T.);
#8280 = EDGE_CURVE('',#8257,#7879,#8281,.T.);
#8281 = SURFACE_CURVE('',#8282,(#8286,#8293),.PCURVE_S1.);
#8282 = LINE('',#8283,#8284);
#8283 = CARTESIAN_POINT('',(18.25,1.1,1.6));
#8284 = VECTOR('',#8285,1.);
#8285 = DIRECTION('',(0.,0.,1.));
#8286 = PCURVE('',#7919,#8287);
#8287 = DEFINITIONAL_REPRESENTATION('',(#8288),#8292);
#8288 = LINE('',#8289,#8290);
#8289 = CARTESIAN_POINT('',(1.570796326795,0.));
#8290 = VECTOR('',#8291,1.);
#8291 = DIRECTION('',(0.,1.));
#8292 = ( GEOMETRIC_REPRESENTATION_CONTEXT(2) 
PARAMETRIC_REPRESENTATION_CONTEXT() REPRESENTATION_CONTEXT('2D SPACE',''
  ) );
#8293 = PCURVE('',#7893,#8294);
#8294 = DEFINITIONAL_REPRESENTATION('',(#8295),#8299);
#8295 = LINE('',#8296,#8297);
#8296 = CARTESIAN_POINT('',(0.75,0.));
#8297 = VECTOR('',#8298,1.);
#8298 = DIRECTION('',(0.,-1.));
#8299 = ( GEOMETRIC_REPRESENTATION_CONTEXT(2) 
PARAMETRIC_REPRESENTATION_CONTEXT() REPRESENTATION_CONTEXT('2D SPACE',''
  ) );
#8300 = ORIENTED_EDGE('',*,*,#7904,.F.);
#8301 = ADVANCED_FACE('',(#8302),#7893,.T.);
#8302 = FACE_BOUND('',#8303,.T.);
#8303 = EDGE_LOOP('',(#8304,#8327,#8328,#8329));
#8304 = ORIENTED_EDGE('',*,*,#8305,.F.);
#8305 = EDGE_CURVE('',#8257,#8306,#8308,.T.);
#8306 = VERTEX_POINT('',#8307);
#8307 = CARTESIAN_POINT('',(18.25,20.,1.6));
#8308 = SURFACE_CURVE('',#8309,(#8313,#8320),.PCURVE_S1.);
#8309 = LINE('',#8310,#8311);
#8310 = CARTESIAN_POINT('',(18.25,0.35,1.6));
#8311 = VECTOR('',#8312,1.);
#8312 = DIRECTION('',(0.,1.,0.));
#8313 = PCURVE('',#7893,#8314);
#8314 = DEFINITIONAL_REPRESENTATION('',(#8315),#8319);
#8315 = LINE('',#8316,#8317);
#8316 = CARTESIAN_POINT('',(0.,0.));
#8317 = VECTOR('',#8318,1.);
#8318 = DIRECTION('',(1.,0.));
#8319 = ( GEOMETRIC_REPRESENTATION_CONTEXT(2) 
PARAMETRIC_REPRESENTATION_CONTEXT() REPRESENTATION_CONTEXT('2D SPACE',''
  ) );
#8320 = PCURVE('',#8197,#8321);
#8321 = DEFINITIONAL_REPRESENTATION('',(#8322),#8326);
#8322 = LINE('',#8323,#8324);
#8323 = CARTESIAN_POINT('',(13.55,-10.2));
#8324 = VECTOR('',#8325,1.);
#8325 = DIRECTION('',(0.,1.));
#8326 = ( GEOMETRIC_REPRESENTATION_CONTEXT(2) 
PARAMETRIC_REPRESENTATION_CONTEXT() REPRESENTATION_CONTEXT('2D SPACE',''
  ) );
#8327 = ORIENTED_EDGE('',*,*,#8280,.T.);
#8328 = ORIENTED_EDGE('',*,*,#7878,.T.);
#8329 = ORIENTED_EDGE('',*,*,#8330,.F.);
#8330 = EDGE_CURVE('',#8306,#7850,#8331,.T.);
#8331 = SURFACE_CURVE('',#8332,(#8336,#8343),.PCURVE_S1.);
#8332 = LINE('',#8333,#8334);
#8333 = CARTESIAN_POINT('',(18.25,20.,1.6));
#8334 = VECTOR('',#8335,1.);
#8335 = DIRECTION('',(0.,0.,1.));
#8336 = PCURVE('',#7893,#8337);
#8337 = DEFINITIONAL_REPRESENTATION('',(#8338),#8342);
#8338 = LINE('',#8339,#8340);
#8339 = CARTESIAN_POINT('',(19.65,0.));
#8340 = VECTOR('',#8341,1.);
#8341 = DIRECTION('',(0.,-1.));
#8342 = ( GEOMETRIC_REPRESENTATION_CONTEXT(2) 
PARAMETRIC_REPRESENTATION_CONTEXT() REPRESENTATION_CONTEXT('2D SPACE',''
  ) );
#8343 = PCURVE('',#7866,#8344);
#8344 = DEFINITIONAL_REPRESENTATION('',(#8345),#8349);
#8345 = LINE('',#8346,#8347);
#8346 = CARTESIAN_POINT('',(0.,0.));
#8347 = VECTOR('',#8348,1.);
#8348 = DIRECTION('',(0.,1.));
#8349 = ( GEOMETRIC_REPRESENTATION_CONTEXT(2) 
PARAMETRIC_REPRESENTATION_CONTEXT() REPRESENTATION_CONTEXT('2D SPACE',''
  ) );
#8350 = ADVANCED_FACE('',(#8351),#7866,.F.);
#8351 = FACE_BOUND('',#8352,.F.);
#8352 = EDGE_LOOP('',(#8353,#8354,#8378,#8399));
#8353 = ORIENTED_EDGE('',*,*,#8330,.F.);
#8354 = ORIENTED_EDGE('',*,*,#8355,.T.);
#8355 = EDGE_CURVE('',#8306,#8356,#8358,.T.);
#8356 = VERTEX_POINT('',#8357);
#8357 = CARTESIAN_POINT('',(17.5,20.75,1.6));
#8358 = SURFACE_CURVE('',#8359,(#8364,#8371),.PCURVE_S1.);
#8359 = CIRCLE('',#8360,0.75);
#8360 = AXIS2_PLACEMENT_3D('',#8361,#8362,#8363);
#8361 = CARTESIAN_POINT('',(17.5,20.,1.6));
#8362 = DIRECTION('',(0.,0.,1.));
#8363 = DIRECTION('',(0.,-1.,0.));
#8364 = PCURVE('',#7866,#8365);
#8365 = DEFINITIONAL_REPRESENTATION('',(#8366),#8370);
#8366 = LINE('',#8367,#8368);
#8367 = CARTESIAN_POINT('',(-1.570796326795,0.));
#8368 = VECTOR('',#8369,1.);
#8369 = DIRECTION('',(1.,0.));
#8370 = ( GEOMETRIC_REPRESENTATION_CONTEXT(2) 
PARAMETRIC_REPRESENTATION_CONTEXT() REPRESENTATION_CONTEXT('2D SPACE',''
  ) );
#8371 = PCURVE('',#8197,#8372);
#8372 = DEFINITIONAL_REPRESENTATION('',(#8373),#8377);
#8373 = CIRCLE('',#8374,0.75);
#8374 = AXIS2_PLACEMENT_2D('',#8375,#8376);
#8375 = CARTESIAN_POINT('',(12.8,9.45));
#8376 = DIRECTION('',(0.,-1.));
#8377 = ( GEOMETRIC_REPRESENTATION_CONTEXT(2) 
PARAMETRIC_REPRESENTATION_CONTEXT() REPRESENTATION_CONTEXT('2D SPACE',''
  ) );
#8378 = ORIENTED_EDGE('',*,*,#8379,.T.);
#8379 = EDGE_CURVE('',#8356,#7824,#8380,.T.);
#8380 = SURFACE_CURVE('',#8381,(#8385,#8392),.PCURVE_S1.);
#8381 = LINE('',#8382,#8383);
#8382 = CARTESIAN_POINT('',(17.5,20.75,1.6));
#8383 = VECTOR('',#8384,1.);
#8384 = DIRECTION('',(0.,0.,1.));
#8385 = PCURVE('',#7866,#8386);
#8386 = DEFINITIONAL_REPRESENTATION('',(#8387),#8391);
#8387 = LINE('',#8388,#8389);
#8388 = CARTESIAN_POINT('',(1.570796326795,0.));
#8389 = VECTOR('',#8390,1.);
#8390 = DIRECTION('',(0.,1.));
#8391 = ( GEOMETRIC_REPRESENTATION_CONTEXT(2) 
PARAMETRIC_REPRESENTATION_CONTEXT() REPRESENTATION_CONTEXT('2D SPACE',''
  ) );
#8392 = PCURVE('',#7838,#8393);
#8393 = DEFINITIONAL_REPRESENTATION('',(#8394),#8398);
#8394 = LINE('',#8395,#8396);
#8395 = CARTESIAN_POINT('',(0.75,0.));
#8396 = VECTOR('',#8397,1.);
#8397 = DIRECTION('',(0.,-1.));
#8398 = ( GEOMETRIC_REPRESENTATION_CONTEXT(2) 
PARAMETRIC_REPRESENTATION_CONTEXT() REPRESENTATION_CONTEXT('2D SPACE',''
  ) );
#8399 = ORIENTED_EDGE('',*,*,#7849,.F.);
#8400 = ADVANCED_FACE('',(#8401),#7838,.T.);
#8401 = FACE_BOUND('',#8402,.T.);
#8402 = EDGE_LOOP('',(#8403,#8426,#8427,#8428));
#8403 = ORIENTED_EDGE('',*,*,#8404,.F.);
#8404 = EDGE_CURVE('',#8356,#8405,#8407,.T.);
#8405 = VERTEX_POINT('',#8406);
#8406 = CARTESIAN_POINT('',(-8.1,20.75,1.6));
#8407 = SURFACE_CURVE('',#8408,(#8412,#8419),.PCURVE_S1.);
#8408 = LINE('',#8409,#8410);
#8409 = CARTESIAN_POINT('',(18.25,20.75,1.6));
#8410 = VECTOR('',#8411,1.);
#8411 = DIRECTION('',(-1.,0.,0.));
#8412 = PCURVE('',#7838,#8413);
#8413 = DEFINITIONAL_REPRESENTATION('',(#8414),#8418);
#8414 = LINE('',#8415,#8416);
#8415 = CARTESIAN_POINT('',(0.,-0.));
#8416 = VECTOR('',#8417,1.);
#8417 = DIRECTION('',(1.,0.));
#8418 = ( GEOMETRIC_REPRESENTATION_CONTEXT(2) 
PARAMETRIC_REPRESENTATION_CONTEXT() REPRESENTATION_CONTEXT('2D SPACE',''
  ) );
#8419 = PCURVE('',#8197,#8420);
#8420 = DEFINITIONAL_REPRESENTATION('',(#8421),#8425);
#8421 = LINE('',#8422,#8423);
#8422 = CARTESIAN_POINT('',(13.55,10.2));
#8423 = VECTOR('',#8424,1.);
#8424 = DIRECTION('',(-1.,0.));
#8425 = ( GEOMETRIC_REPRESENTATION_CONTEXT(2) 
PARAMETRIC_REPRESENTATION_CONTEXT() REPRESENTATION_CONTEXT('2D SPACE',''
  ) );
#8426 = ORIENTED_EDGE('',*,*,#8379,.T.);
#8427 = ORIENTED_EDGE('',*,*,#7823,.T.);
#8428 = ORIENTED_EDGE('',*,*,#8429,.F.);
#8429 = EDGE_CURVE('',#8405,#7795,#8430,.T.);
#8430 = SURFACE_CURVE('',#8431,(#8435,#8442),.PCURVE_S1.);
#8431 = LINE('',#8432,#8433);
#8432 = CARTESIAN_POINT('',(-8.1,20.75,1.6));
#8433 = VECTOR('',#8434,1.);
#8434 = DIRECTION('',(0.,0.,1.));
#8435 = PCURVE('',#7838,#8436);
#8436 = DEFINITIONAL_REPRESENTATION('',(#8437),#8441);
#8437 = LINE('',#8438,#8439);
#8438 = CARTESIAN_POINT('',(26.35,0.));
#8439 = VECTOR('',#8440,1.);
#8440 = DIRECTION('',(0.,-1.));
#8441 = ( GEOMETRIC_REPRESENTATION_CONTEXT(2) 
PARAMETRIC_REPRESENTATION_CONTEXT() REPRESENTATION_CONTEXT('2D SPACE',''
  ) );
#8442 = PCURVE('',#7811,#8443);
#8443 = DEFINITIONAL_REPRESENTATION('',(#8444),#8448);
#8444 = LINE('',#8445,#8446);
#8445 = CARTESIAN_POINT('',(0.,0.));
#8446 = VECTOR('',#8447,1.);
#8447 = DIRECTION('',(0.,1.));
#8448 = ( GEOMETRIC_REPRESENTATION_CONTEXT(2) 
PARAMETRIC_REPRESENTATION_CONTEXT() REPRESENTATION_CONTEXT('2D SPACE',''
  ) );
#8449 = ADVANCED_FACE('',(#8450),#7811,.F.);
#8450 = FACE_BOUND('',#8451,.F.);
#8451 = EDGE_LOOP('',(#8452,#8453,#8477,#8498));
#8452 = ORIENTED_EDGE('',*,*,#8429,.F.);
#8453 = ORIENTED_EDGE('',*,*,#8454,.T.);
#8454 = EDGE_CURVE('',#8405,#8455,#8457,.T.);
#8455 = VERTEX_POINT('',#8456);
#8456 = CARTESIAN_POINT('',(-8.85,20.,1.6));
#8457 = SURFACE_CURVE('',#8458,(#8463,#8470),.PCURVE_S1.);
#8458 = CIRCLE('',#8459,0.75);
#8459 = AXIS2_PLACEMENT_3D('',#8460,#8461,#8462);
#8460 = CARTESIAN_POINT('',(-8.1,20.,1.6));
#8461 = DIRECTION('',(0.,0.,1.));
#8462 = DIRECTION('',(0.,-1.,0.));
#8463 = PCURVE('',#7811,#8464);
#8464 = DEFINITIONAL_REPRESENTATION('',(#8465),#8469);
#8465 = LINE('',#8466,#8467);
#8466 = CARTESIAN_POINT('',(-3.14159265359,0.));
#8467 = VECTOR('',#8468,1.);
#8468 = DIRECTION('',(1.,0.));
#8469 = ( GEOMETRIC_REPRESENTATION_CONTEXT(2) 
PARAMETRIC_REPRESENTATION_CONTEXT() REPRESENTATION_CONTEXT('2D SPACE',''
  ) );
#8470 = PCURVE('',#8197,#8471);
#8471 = DEFINITIONAL_REPRESENTATION('',(#8472),#8476);
#8472 = CIRCLE('',#8473,0.75);
#8473 = AXIS2_PLACEMENT_2D('',#8474,#8475);
#8474 = CARTESIAN_POINT('',(-12.8,9.45));
#8475 = DIRECTION('',(0.,-1.));
#8476 = ( GEOMETRIC_REPRESENTATION_CONTEXT(2) 
PARAMETRIC_REPRESENTATION_CONTEXT() REPRESENTATION_CONTEXT('2D SPACE',''
  ) );
#8477 = ORIENTED_EDGE('',*,*,#8478,.T.);
#8478 = EDGE_CURVE('',#8455,#7769,#8479,.T.);
#8479 = SURFACE_CURVE('',#8480,(#8484,#8491),.PCURVE_S1.);
#8480 = LINE('',#8481,#8482);
#8481 = CARTESIAN_POINT('',(-8.85,20.,1.6));
#8482 = VECTOR('',#8483,1.);
#8483 = DIRECTION('',(0.,0.,1.));
#8484 = PCURVE('',#7811,#8485);
#8485 = DEFINITIONAL_REPRESENTATION('',(#8486),#8490);
#8486 = LINE('',#8487,#8488);
#8487 = CARTESIAN_POINT('',(1.570796326795,0.));
#8488 = VECTOR('',#8489,1.);
#8489 = DIRECTION('',(0.,1.));
#8490 = ( GEOMETRIC_REPRESENTATION_CONTEXT(2) 
PARAMETRIC_REPRESENTATION_CONTEXT() REPRESENTATION_CONTEXT('2D SPACE',''
  ) );
#8491 = PCURVE('',#7783,#8492);
#8492 = DEFINITIONAL_REPRESENTATION('',(#8493),#8497);
#8493 = LINE('',#8494,#8495);
#8494 = CARTESIAN_POINT('',(0.75,0.));
#8495 = VECTOR('',#8496,1.);
#8496 = DIRECTION('',(0.,-1.));
#8497 = ( GEOMETRIC_REPRESENTATION_CONTEXT(2) 
PARAMETRIC_REPRESENTATION_CONTEXT() REPRESENTATION_CONTEXT('2D SPACE',''
  ) );
#8498 = ORIENTED_EDGE('',*,*,#7794,.F.);
#8499 = ADVANCED_FACE('',(#8500),#7783,.T.);
#8500 = FACE_BOUND('',#8501,.T.);
#8501 = EDGE_LOOP('',(#8502,#8525,#8526,#8527));
#8502 = ORIENTED_EDGE('',*,*,#8503,.F.);
#8503 = EDGE_CURVE('',#8455,#8504,#8506,.T.);
#8504 = VERTEX_POINT('',#8505);
#8505 = CARTESIAN_POINT('',(-8.85,1.1,1.6));
#8506 = SURFACE_CURVE('',#8507,(#8511,#8518),.PCURVE_S1.);
#8507 = LINE('',#8508,#8509);
#8508 = CARTESIAN_POINT('',(-8.85,20.75,1.6));
#8509 = VECTOR('',#8510,1.);
#8510 = DIRECTION('',(0.,-1.,0.));
#8511 = PCURVE('',#7783,#8512);
#8512 = DEFINITIONAL_REPRESENTATION('',(#8513),#8517);
#8513 = LINE('',#8514,#8515);
#8514 = CARTESIAN_POINT('',(0.,0.));
#8515 = VECTOR('',#8516,1.);
#8516 = DIRECTION('',(1.,0.));
#8517 = ( GEOMETRIC_REPRESENTATION_CONTEXT(2) 
PARAMETRIC_REPRESENTATION_CONTEXT() REPRESENTATION_CONTEXT('2D SPACE',''
  ) );
#8518 = PCURVE('',#8197,#8519);
#8519 = DEFINITIONAL_REPRESENTATION('',(#8520),#8524);
#8520 = LINE('',#8521,#8522);
#8521 = CARTESIAN_POINT('',(-13.55,10.2));
#8522 = VECTOR('',#8523,1.);
#8523 = DIRECTION('',(0.,-1.));
#8524 = ( GEOMETRIC_REPRESENTATION_CONTEXT(2) 
PARAMETRIC_REPRESENTATION_CONTEXT() REPRESENTATION_CONTEXT('2D SPACE',''
  ) );
#8525 = ORIENTED_EDGE('',*,*,#8478,.T.);
#8526 = ORIENTED_EDGE('',*,*,#7768,.T.);
#8527 = ORIENTED_EDGE('',*,*,#8528,.F.);
#8528 = EDGE_CURVE('',#8504,#7740,#8529,.T.);
#8529 = SURFACE_CURVE('',#8530,(#8534,#8541),.PCURVE_S1.);
#8530 = LINE('',#8531,#8532);
#8531 = CARTESIAN_POINT('',(-8.85,1.1,1.6));
#8532 = VECTOR('',#8533,1.);
#8533 = DIRECTION('',(0.,0.,1.));
#8534 = PCURVE('',#7783,#8535);
#8535 = DEFINITIONAL_REPRESENTATION('',(#8536),#8540);
#8536 = LINE('',#8537,#8538);
#8537 = CARTESIAN_POINT('',(19.65,0.));
#8538 = VECTOR('',#8539,1.);
#8539 = DIRECTION('',(0.,-1.));
#8540 = ( GEOMETRIC_REPRESENTATION_CONTEXT(2) 
PARAMETRIC_REPRESENTATION_CONTEXT() REPRESENTATION_CONTEXT('2D SPACE',''
  ) );
#8541 = PCURVE('',#7756,#8542);
#8542 = DEFINITIONAL_REPRESENTATION('',(#8543),#8547);
#8543 = LINE('',#8544,#8545);
#8544 = CARTESIAN_POINT('',(-1.570796326795,0.));
#8545 = VECTOR('',#8546,1.);
#8546 = DIRECTION('',(-0.,1.));
#8547 = ( GEOMETRIC_REPRESENTATION_CONTEXT(2) 
PARAMETRIC_REPRESENTATION_CONTEXT() REPRESENTATION_CONTEXT('2D SPACE',''
  ) );
#8548 = ADVANCED_FACE('',(#8549),#7756,.F.);
#8549 = FACE_BOUND('',#8550,.T.);
#8550 = EDGE_LOOP('',(#8551,#8552,#8578,#8579));
#8551 = ORIENTED_EDGE('',*,*,#8209,.F.);
#8552 = ORIENTED_EDGE('',*,*,#8553,.T.);
#8553 = EDGE_CURVE('',#8180,#8504,#8554,.T.);
#8554 = SURFACE_CURVE('',#8555,(#8560,#8567),.PCURVE_S1.);
#8555 = CIRCLE('',#8556,0.75);
#8556 = AXIS2_PLACEMENT_3D('',#8557,#8558,#8559);
#8557 = CARTESIAN_POINT('',(-8.1,1.1,1.6));
#8558 = DIRECTION('',(-0.,-0.,-1.));
#8559 = DIRECTION('',(0.,-1.,0.));
#8560 = PCURVE('',#7756,#8561);
#8561 = DEFINITIONAL_REPRESENTATION('',(#8562),#8566);
#8562 = LINE('',#8563,#8564);
#8563 = CARTESIAN_POINT('',(-0.,0.));
#8564 = VECTOR('',#8565,1.);
#8565 = DIRECTION('',(-1.,0.));
#8566 = ( GEOMETRIC_REPRESENTATION_CONTEXT(2) 
PARAMETRIC_REPRESENTATION_CONTEXT() REPRESENTATION_CONTEXT('2D SPACE',''
  ) );
#8567 = PCURVE('',#8197,#8568);
#8568 = DEFINITIONAL_REPRESENTATION('',(#8569),#8577);
#8569 = ( BOUNDED_CURVE() B_SPLINE_CURVE(2,(#8570,#8571,#8572,#8573,
#8574,#8575,#8576),.UNSPECIFIED.,.T.,.F.) B_SPLINE_CURVE_WITH_KNOTS((1,2
    ,2,2,2,1),(-2.094395102393,0.,2.094395102393,4.188790204786,
6.28318530718,8.377580409573),.UNSPECIFIED.) CURVE() 
GEOMETRIC_REPRESENTATION_ITEM() RATIONAL_B_SPLINE_CURVE((1.,0.5,1.,0.5,
1.,0.5,1.)) REPRESENTATION_ITEM('') );
#8570 = CARTESIAN_POINT('',(-12.8,-10.2));
#8571 = CARTESIAN_POINT('',(-14.09903810567,-10.2));
#8572 = CARTESIAN_POINT('',(-13.44951905283,-9.075));
#8573 = CARTESIAN_POINT('',(-12.8,-7.95));
#8574 = CARTESIAN_POINT('',(-12.15048094716,-9.075));
#8575 = CARTESIAN_POINT('',(-11.50096189432,-10.2));
#8576 = CARTESIAN_POINT('',(-12.8,-10.2));
#8577 = ( GEOMETRIC_REPRESENTATION_CONTEXT(2) 
PARAMETRIC_REPRESENTATION_CONTEXT() REPRESENTATION_CONTEXT('2D SPACE',''
  ) );
#8578 = ORIENTED_EDGE('',*,*,#8528,.T.);
#8579 = ORIENTED_EDGE('',*,*,#7739,.T.);
#8580 = ADVANCED_FACE('',(#8581),#8197,.T.);
#8581 = FACE_BOUND('',#8582,.T.);
#8582 = EDGE_LOOP('',(#8583,#8584,#8585,#8586,#8587,#8588,#8589,#8590));
#8583 = ORIENTED_EDGE('',*,*,#8179,.T.);
#8584 = ORIENTED_EDGE('',*,*,#8256,.T.);
#8585 = ORIENTED_EDGE('',*,*,#8305,.T.);
#8586 = ORIENTED_EDGE('',*,*,#8355,.T.);
#8587 = ORIENTED_EDGE('',*,*,#8404,.T.);
#8588 = ORIENTED_EDGE('',*,*,#8454,.T.);
#8589 = ORIENTED_EDGE('',*,*,#8503,.T.);
#8590 = ORIENTED_EDGE('',*,*,#8553,.F.);
#8591 = ( GEOMETRIC_REPRESENTATION_CONTEXT(3) 
GLOBAL_UNCERTAINTY_ASSIGNED_CONTEXT((#8595)) 
GLOBAL_UNIT_ASSIGNED_CONTEXT((#8592,#8593,#8594)) REPRESENTATION_CONTEXT
('Context #1','3D Context with UNIT and UNCERTAINTY') );
#8592 = ( LENGTH_UNIT() NAMED_UNIT(*) SI_UNIT(.MILLI.,.METRE.) );
#8593 = ( NAMED_UNIT(*) PLANE_ANGLE_UNIT() SI_UNIT($,.RADIAN.) );
#8594 = ( NAMED_UNIT(*) SI_UNIT($,.STERADIAN.) SOLID_ANGLE_UNIT() );
#8595 = UNCERTAINTY_MEASURE_WITH_UNIT(LENGTH_MEASURE(2.E-07),#8592,
  'distance_accuracy_value','confusion accuracy');
#8596 = CONTEXT_DEPENDENT_SHAPE_REPRESENTATION(#8597,#8599);
#8597 = ( REPRESENTATION_RELATIONSHIP('','',#36,#10) 
REPRESENTATION_RELATIONSHIP_WITH_TRANSFORMATION(#8598) 
SHAPE_REPRESENTATION_RELATIONSHIP() );
#8598 = ITEM_DEFINED_TRANSFORMATION('','',#11,#15);
#8599 = PRODUCT_DEFINITION_SHAPE('Placement','Placement of an item',
  #8600);
#8600 = NEXT_ASSEMBLY_USAGE_OCCURRENCE('1','base_strap','',#5,#31,$);
#8601 = PRODUCT_RELATED_PRODUCT_CATEGORY('part',$,(#33));
#8602 = SHAPE_DEFINITION_REPRESENTATION(#8603,#8609);
#8603 = PRODUCT_DEFINITION_SHAPE('','',#8604);
#8604 = PRODUCT_DEFINITION('design','',#8605,#8608);
#8605 = PRODUCT_DEFINITION_FORMATION('','',#8606);
#8606 = PRODUCT('lid','lid','',(#8607));
#8607 = PRODUCT_CONTEXT('',#2,'mechanical');
#8608 = PRODUCT_DEFINITION_CONTEXT('part definition',#2,'design');
#8609 = ADVANCED_BREP_SHAPE_REPRESENTATION('',(#11,#8610),#13468);
#8610 = MANIFOLD_SOLID_BREP('',#8611);
#8611 = CLOSED_SHELL('',(#8612,#8732,#8819,#8898,#9388,#9438,#9492,#9541
    ,#9962,#9988,#10038,#10114,#10217,#10295,#10345,#10394,#10448,#10497
    ,#10547,#10596,#10646,#10726,#10824,#10901,#10951,#10978,#11004,
    #11030,#11056,#11082,#11274,#11333,#11405,#11452,#11499,#11549,
    #11599,#11646,#11693,#11721,#11772,#11824,#12153,#12408,#12415,
    #12443,#12450,#12728,#12797,#12847,#12897,#12944,#12991,#13045,
    #13099,#13124,#13171,#13198,#13225,#13252,#13279,#13306,#13343,
    #13350,#13405,#13460,#13464));
#8612 = ADVANCED_FACE('',(#8613),#8627,.F.);
#8613 = FACE_BOUND('',#8614,.F.);
#8614 = EDGE_LOOP('',(#8615,#8650,#8678,#8706));
#8615 = ORIENTED_EDGE('',*,*,#8616,.T.);
#8616 = EDGE_CURVE('',#8617,#8619,#8621,.T.);
#8617 = VERTEX_POINT('',#8618);
#8618 = CARTESIAN_POINT('',(-8.1,-2.65,9.3));
#8619 = VERTEX_POINT('',#8620);
#8620 = CARTESIAN_POINT('',(-8.1,-2.65,12.9));
#8621 = SURFACE_CURVE('',#8622,(#8626,#8638),.PCURVE_S1.);
#8622 = LINE('',#8623,#8624);
#8623 = CARTESIAN_POINT('',(-8.1,-2.65,9.3));
#8624 = VECTOR('',#8625,1.);
#8625 = DIRECTION('',(0.,0.,1.));
#8626 = PCURVE('',#8627,#8632);
#8627 = PLANE('',#8628);
#8628 = AXIS2_PLACEMENT_3D('',#8629,#8630,#8631);
#8629 = CARTESIAN_POINT('',(-11.85,-2.65,9.3));
#8630 = DIRECTION('',(0.,1.,0.));
#8631 = DIRECTION('',(1.,0.,0.));
#8632 = DEFINITIONAL_REPRESENTATION('',(#8633),#8637);
#8633 = LINE('',#8634,#8635);
#8634 = CARTESIAN_POINT('',(3.75,0.));
#8635 = VECTOR('',#8636,1.);
#8636 = DIRECTION('',(0.,-1.));
#8637 = ( GEOMETRIC_REPRESENTATION_CONTEXT(2) 
PARAMETRIC_REPRESENTATION_CONTEXT() REPRESENTATION_CONTEXT('2D SPACE',''
  ) );
#8638 = PCURVE('',#8639,#8644);
#8639 = CYLINDRICAL_SURFACE('',#8640,3.75);
#8640 = AXIS2_PLACEMENT_3D('',#8641,#8642,#8643);
#8641 = CARTESIAN_POINT('',(-8.1,1.1,9.3));
#8642 = DIRECTION('',(0.,0.,1.));
#8643 = DIRECTION('',(0.,-1.,0.));
#8644 = DEFINITIONAL_REPRESENTATION('',(#8645),#8649);
#8645 = LINE('',#8646,#8647);
#8646 = CARTESIAN_POINT('',(-0.,0.));
#8647 = VECTOR('',#8648,1.);
#8648 = DIRECTION('',(-0.,1.));
#8649 = ( GEOMETRIC_REPRESENTATION_CONTEXT(2) 
PARAMETRIC_REPRESENTATION_CONTEXT() REPRESENTATION_CONTEXT('2D SPACE',''
  ) );
#8650 = ORIENTED_EDGE('',*,*,#8651,.T.);
#8651 = EDGE_CURVE('',#8619,#8652,#8654,.T.);
#8652 = VERTEX_POINT('',#8653);
#8653 = CARTESIAN_POINT('',(17.5,-2.65,12.9));
#8654 = SURFACE_CURVE('',#8655,(#8659,#8666),.PCURVE_S1.);
#8655 = LINE('',#8656,#8657);
#8656 = CARTESIAN_POINT('',(-8.1,-2.65,12.9));
#8657 = VECTOR('',#8658,1.);
#8658 = DIRECTION('',(1.,0.,0.));
#8659 = PCURVE('',#8627,#8660);
#8660 = DEFINITIONAL_REPRESENTATION('',(#8661),#8665);
#8661 = LINE('',#8662,#8663);
#8662 = CARTESIAN_POINT('',(3.75,-3.6));
#8663 = VECTOR('',#8664,1.);
#8664 = DIRECTION('',(1.,0.));
#8665 = ( GEOMETRIC_REPRESENTATION_CONTEXT(2) 
PARAMETRIC_REPRESENTATION_CONTEXT() REPRESENTATION_CONTEXT('2D SPACE',''
  ) );
#8666 = PCURVE('',#8667,#8672);
#8667 = CYLINDRICAL_SURFACE('',#8668,1.5);
#8668 = AXIS2_PLACEMENT_3D('',#8669,#8670,#8671);
#8669 = CARTESIAN_POINT('',(-8.1,-1.15,12.9));
#8670 = DIRECTION('',(1.,0.,0.));
#8671 = DIRECTION('',(0.,-1.,-0.));
#8672 = DEFINITIONAL_REPRESENTATION('',(#8673),#8677);
#8673 = LINE('',#8674,#8675);
#8674 = CARTESIAN_POINT('',(-0.,0.));
#8675 = VECTOR('',#8676,1.);
#8676 = DIRECTION('',(-0.,1.));
#8677 = ( GEOMETRIC_REPRESENTATION_CONTEXT(2) 
PARAMETRIC_REPRESENTATION_CONTEXT() REPRESENTATION_CONTEXT('2D SPACE',''
  ) );
#8678 = ORIENTED_EDGE('',*,*,#8679,.F.);
#8679 = EDGE_CURVE('',#8680,#8652,#8682,.T.);
#8680 = VERTEX_POINT('',#8681);
#8681 = CARTESIAN_POINT('',(17.5,-2.65,9.3));
#8682 = SURFACE_CURVE('',#8683,(#8687,#8694),.PCURVE_S1.);
#8683 = LINE('',#8684,#8685);
#8684 = CARTESIAN_POINT('',(17.5,-2.65,9.3));
#8685 = VECTOR('',#8686,1.);
#8686 = DIRECTION('',(0.,0.,1.));
#8687 = PCURVE('',#8627,#8688);
#8688 = DEFINITIONAL_REPRESENTATION('',(#8689),#8693);
#8689 = LINE('',#8690,#8691);
#8690 = CARTESIAN_POINT('',(29.35,0.));
#8691 = VECTOR('',#8692,1.);
#8692 = DIRECTION('',(0.,-1.));
#8693 = ( GEOMETRIC_REPRESENTATION_CONTEXT(2) 
PARAMETRIC_REPRESENTATION_CONTEXT() REPRESENTATION_CONTEXT('2D SPACE',''
  ) );
#8694 = PCURVE('',#8695,#8700);
#8695 = CYLINDRICAL_SURFACE('',#8696,3.75);
#8696 = AXIS2_PLACEMENT_3D('',#8697,#8698,#8699);
#8697 = CARTESIAN_POINT('',(17.5,1.1,9.3));
#8698 = DIRECTION('',(0.,0.,1.));
#8699 = DIRECTION('',(0.,-1.,0.));
#8700 = DEFINITIONAL_REPRESENTATION('',(#8701),#8705);
#8701 = LINE('',#8702,#8703);
#8702 = CARTESIAN_POINT('',(0.,0.));
#8703 = VECTOR('',#8704,1.);
#8704 = DIRECTION('',(0.,1.));
#8705 = ( GEOMETRIC_REPRESENTATION_CONTEXT(2) 
PARAMETRIC_REPRESENTATION_CONTEXT() REPRESENTATION_CONTEXT('2D SPACE',''
  ) );
#8706 = ORIENTED_EDGE('',*,*,#8707,.F.);
#8707 = EDGE_CURVE('',#8617,#8680,#8708,.T.);
#8708 = SURFACE_CURVE('',#8709,(#8713,#8720),.PCURVE_S1.);
#8709 = LINE('',#8710,#8711);
#8710 = CARTESIAN_POINT('',(-11.85,-2.65,9.3));
#8711 = VECTOR('',#8712,1.);
#8712 = DIRECTION('',(1.,0.,0.));
#8713 = PCURVE('',#8627,#8714);
#8714 = DEFINITIONAL_REPRESENTATION('',(#8715),#8719);
#8715 = LINE('',#8716,#8717);
#8716 = CARTESIAN_POINT('',(0.,0.));
#8717 = VECTOR('',#8718,1.);
#8718 = DIRECTION('',(1.,0.));
#8719 = ( GEOMETRIC_REPRESENTATION_CONTEXT(2) 
PARAMETRIC_REPRESENTATION_CONTEXT() REPRESENTATION_CONTEXT('2D SPACE',''
  ) );
#8720 = PCURVE('',#8721,#8726);
#8721 = PLANE('',#8722);
#8722 = AXIS2_PLACEMENT_3D('',#8723,#8724,#8725);
#8723 = CARTESIAN_POINT('',(4.7,10.55,9.3));
#8724 = DIRECTION('',(0.,0.,1.));
#8725 = DIRECTION('',(1.,0.,-0.));
#8726 = DEFINITIONAL_REPRESENTATION('',(#8727),#8731);
#8727 = LINE('',#8728,#8729);
#8728 = CARTESIAN_POINT('',(-16.55,-13.2));
#8729 = VECTOR('',#8730,1.);
#8730 = DIRECTION('',(1.,0.));
#8731 = ( GEOMETRIC_REPRESENTATION_CONTEXT(2) 
PARAMETRIC_REPRESENTATION_CONTEXT() REPRESENTATION_CONTEXT('2D SPACE',''
  ) );
#8732 = ADVANCED_FACE('',(#8733),#8639,.T.);
#8733 = FACE_BOUND('',#8734,.F.);
#8734 = EDGE_LOOP('',(#8735,#8736,#8764,#8792));
#8735 = ORIENTED_EDGE('',*,*,#8616,.F.);
#8736 = ORIENTED_EDGE('',*,*,#8737,.T.);
#8737 = EDGE_CURVE('',#8617,#8738,#8740,.T.);
#8738 = VERTEX_POINT('',#8739);
#8739 = CARTESIAN_POINT('',(-11.85,1.1,9.3));
#8740 = SURFACE_CURVE('',#8741,(#8746,#8753),.PCURVE_S1.);
#8741 = CIRCLE('',#8742,3.75);
#8742 = AXIS2_PLACEMENT_3D('',#8743,#8744,#8745);
#8743 = CARTESIAN_POINT('',(-8.1,1.1,9.3));
#8744 = DIRECTION('',(-0.,-0.,-1.));
#8745 = DIRECTION('',(0.,-1.,0.));
#8746 = PCURVE('',#8639,#8747);
#8747 = DEFINITIONAL_REPRESENTATION('',(#8748),#8752);
#8748 = LINE('',#8749,#8750);
#8749 = CARTESIAN_POINT('',(-0.,0.));
#8750 = VECTOR('',#8751,1.);
#8751 = DIRECTION('',(-1.,0.));
#8752 = ( GEOMETRIC_REPRESENTATION_CONTEXT(2) 
PARAMETRIC_REPRESENTATION_CONTEXT() REPRESENTATION_CONTEXT('2D SPACE',''
  ) );
#8753 = PCURVE('',#8721,#8754);
#8754 = DEFINITIONAL_REPRESENTATION('',(#8755),#8763);
#8755 = ( BOUNDED_CURVE() B_SPLINE_CURVE(2,(#8756,#8757,#8758,#8759,
#8760,#8761,#8762),.UNSPECIFIED.,.T.,.F.) B_SPLINE_CURVE_WITH_KNOTS((1,2
    ,2,2,2,1),(-2.094395102393,0.,2.094395102393,4.188790204786,
6.28318530718,8.377580409573),.UNSPECIFIED.) CURVE() 
GEOMETRIC_REPRESENTATION_ITEM() RATIONAL_B_SPLINE_CURVE((1.,0.5,1.,0.5,
1.,0.5,1.)) REPRESENTATION_ITEM('') );
#8756 = CARTESIAN_POINT('',(-12.8,-13.2));
#8757 = CARTESIAN_POINT('',(-19.29519052838,-13.2));
#8758 = CARTESIAN_POINT('',(-16.04759526419,-7.575));
#8759 = CARTESIAN_POINT('',(-12.8,-1.95));
#8760 = CARTESIAN_POINT('',(-9.552404735808,-7.575));
#8761 = CARTESIAN_POINT('',(-6.304809471617,-13.2));
#8762 = CARTESIAN_POINT('',(-12.8,-13.2));
#8763 = ( GEOMETRIC_REPRESENTATION_CONTEXT(2) 
PARAMETRIC_REPRESENTATION_CONTEXT() REPRESENTATION_CONTEXT('2D SPACE',''
  ) );
#8764 = ORIENTED_EDGE('',*,*,#8765,.T.);
#8765 = EDGE_CURVE('',#8738,#8766,#8768,.T.);
#8766 = VERTEX_POINT('',#8767);
#8767 = CARTESIAN_POINT('',(-11.85,1.1,12.9));
#8768 = SURFACE_CURVE('',#8769,(#8773,#8780),.PCURVE_S1.);
#8769 = LINE('',#8770,#8771);
#8770 = CARTESIAN_POINT('',(-11.85,1.1,9.3));
#8771 = VECTOR('',#8772,1.);
#8772 = DIRECTION('',(0.,0.,1.));
#8773 = PCURVE('',#8639,#8774);
#8774 = DEFINITIONAL_REPRESENTATION('',(#8775),#8779);
#8775 = LINE('',#8776,#8777);
#8776 = CARTESIAN_POINT('',(-1.570796326795,0.));
#8777 = VECTOR('',#8778,1.);
#8778 = DIRECTION('',(-0.,1.));
#8779 = ( GEOMETRIC_REPRESENTATION_CONTEXT(2) 
PARAMETRIC_REPRESENTATION_CONTEXT() REPRESENTATION_CONTEXT('2D SPACE',''
  ) );
#8780 = PCURVE('',#8781,#8786);
#8781 = PLANE('',#8782);
#8782 = AXIS2_PLACEMENT_3D('',#8783,#8784,#8785);
#8783 = CARTESIAN_POINT('',(-11.85,23.75,9.3));
#8784 = DIRECTION('',(1.,0.,-0.));
#8785 = DIRECTION('',(0.,-1.,0.));
#8786 = DEFINITIONAL_REPRESENTATION('',(#8787),#8791);
#8787 = LINE('',#8788,#8789);
#8788 = CARTESIAN_POINT('',(22.65,0.));
#8789 = VECTOR('',#8790,1.);
#8790 = DIRECTION('',(0.,-1.));
#8791 = ( GEOMETRIC_REPRESENTATION_CONTEXT(2) 
PARAMETRIC_REPRESENTATION_CONTEXT() REPRESENTATION_CONTEXT('2D SPACE',''
  ) );
#8792 = ORIENTED_EDGE('',*,*,#8793,.T.);
#8793 = EDGE_CURVE('',#8766,#8619,#8794,.T.);
#8794 = SURFACE_CURVE('',#8795,(#8800,#8807),.PCURVE_S1.);
#8795 = CIRCLE('',#8796,3.75);
#8796 = AXIS2_PLACEMENT_3D('',#8797,#8798,#8799);
#8797 = CARTESIAN_POINT('',(-8.1,1.1,12.9));
#8798 = DIRECTION('',(0.,0.,1.));
#8799 = DIRECTION('',(-1.,-2.960594732334E-16,0.));
#8800 = PCURVE('',#8639,#8801);
#8801 = DEFINITIONAL_REPRESENTATION('',(#8802),#8806);
#8802 = LINE('',#8803,#8804);
#8803 = CARTESIAN_POINT('',(-1.570796326795,3.6));
#8804 = VECTOR('',#8805,1.);
#8805 = DIRECTION('',(1.,-0.));
#8806 = ( GEOMETRIC_REPRESENTATION_CONTEXT(2) 
PARAMETRIC_REPRESENTATION_CONTEXT() REPRESENTATION_CONTEXT('2D SPACE',''
  ) );
#8807 = PCURVE('',#8808,#8813);
#8808 = TOROIDAL_SURFACE('',#8809,2.25,1.5);
#8809 = AXIS2_PLACEMENT_3D('',#8810,#8811,#8812);
#8810 = CARTESIAN_POINT('',(-8.1,1.1,12.9));
#8811 = DIRECTION('',(0.,0.,1.));
#8812 = DIRECTION('',(-1.,-2.960594732334E-16,0.));
#8813 = DEFINITIONAL_REPRESENTATION('',(#8814),#8818);
#8814 = LINE('',#8815,#8816);
#8815 = CARTESIAN_POINT('',(0.,0.));
#8816 = VECTOR('',#8817,1.);
#8817 = DIRECTION('',(1.,0.));
#8818 = ( GEOMETRIC_REPRESENTATION_CONTEXT(2) 
PARAMETRIC_REPRESENTATION_CONTEXT() REPRESENTATION_CONTEXT('2D SPACE',''
  ) );
#8819 = ADVANCED_FACE('',(#8820),#8667,.T.);
#8820 = FACE_BOUND('',#8821,.F.);
#8821 = EDGE_LOOP('',(#8822,#8844,#8872,#8897));
#8822 = ORIENTED_EDGE('',*,*,#8823,.T.);
#8823 = EDGE_CURVE('',#8619,#8824,#8826,.T.);
#8824 = VERTEX_POINT('',#8825);
#8825 = CARTESIAN_POINT('',(-8.1,-1.15,14.4));
#8826 = SURFACE_CURVE('',#8827,(#8832,#8838),.PCURVE_S1.);
#8827 = CIRCLE('',#8828,1.5);
#8828 = AXIS2_PLACEMENT_3D('',#8829,#8830,#8831);
#8829 = CARTESIAN_POINT('',(-8.1,-1.15,12.9));
#8830 = DIRECTION('',(-1.,-0.,0.));
#8831 = DIRECTION('',(0.,-1.,0.));
#8832 = PCURVE('',#8667,#8833);
#8833 = DEFINITIONAL_REPRESENTATION('',(#8834),#8837);
#8834 = B_SPLINE_CURVE_WITH_KNOTS('',1,(#8835,#8836),.UNSPECIFIED.,.F.,
  .F.,(2,2),(0.,1.570796326795),.PIECEWISE_BEZIER_KNOTS.);
#8835 = CARTESIAN_POINT('',(0.,1.7763568394E-15));
#8836 = CARTESIAN_POINT('',(-1.570796326795,1.7763568394E-15));
#8837 = ( GEOMETRIC_REPRESENTATION_CONTEXT(2) 
PARAMETRIC_REPRESENTATION_CONTEXT() REPRESENTATION_CONTEXT('2D SPACE',''
  ) );
#8838 = PCURVE('',#8808,#8839);
#8839 = DEFINITIONAL_REPRESENTATION('',(#8840),#8843);
#8840 = B_SPLINE_CURVE_WITH_KNOTS('',1,(#8841,#8842),.UNSPECIFIED.,.F.,
  .F.,(2,2),(0.,1.570796326795),.PIECEWISE_BEZIER_KNOTS.);
#8841 = CARTESIAN_POINT('',(1.570796326795,0.));
#8842 = CARTESIAN_POINT('',(1.570796326795,1.570796326795));
#8843 = ( GEOMETRIC_REPRESENTATION_CONTEXT(2) 
PARAMETRIC_REPRESENTATION_CONTEXT() REPRESENTATION_CONTEXT('2D SPACE',''
  ) );
#8844 = ORIENTED_EDGE('',*,*,#8845,.T.);
#8845 = EDGE_CURVE('',#8824,#8846,#8848,.T.);
#8846 = VERTEX_POINT('',#8847);
#8847 = CARTESIAN_POINT('',(17.5,-1.15,14.4));
#8848 = SURFACE_CURVE('',#8849,(#8853,#8860),.PCURVE_S1.);
#8849 = LINE('',#8850,#8851);
#8850 = CARTESIAN_POINT('',(-8.1,-1.15,14.4));
#8851 = VECTOR('',#8852,1.);
#8852 = DIRECTION('',(1.,0.,0.));
#8853 = PCURVE('',#8667,#8854);
#8854 = DEFINITIONAL_REPRESENTATION('',(#8855),#8859);
#8855 = LINE('',#8856,#8857);
#8856 = CARTESIAN_POINT('',(-1.570796326795,0.));
#8857 = VECTOR('',#8858,1.);
#8858 = DIRECTION('',(-0.,1.));
#8859 = ( GEOMETRIC_REPRESENTATION_CONTEXT(2) 
PARAMETRIC_REPRESENTATION_CONTEXT() REPRESENTATION_CONTEXT('2D SPACE',''
  ) );
#8860 = PCURVE('',#8861,#8866);
#8861 = PLANE('',#8862);
#8862 = AXIS2_PLACEMENT_3D('',#8863,#8864,#8865);
#8863 = CARTESIAN_POINT('',(4.7,10.55,14.4));
#8864 = DIRECTION('',(0.,0.,1.));
#8865 = DIRECTION('',(1.,0.,-0.));
#8866 = DEFINITIONAL_REPRESENTATION('',(#8867),#8871);
#8867 = LINE('',#8868,#8869);
#8868 = CARTESIAN_POINT('',(-12.8,-11.7));
#8869 = VECTOR('',#8870,1.);
#8870 = DIRECTION('',(1.,0.));
#8871 = ( GEOMETRIC_REPRESENTATION_CONTEXT(2) 
PARAMETRIC_REPRESENTATION_CONTEXT() REPRESENTATION_CONTEXT('2D SPACE',''
  ) );
#8872 = ORIENTED_EDGE('',*,*,#8873,.F.);
#8873 = EDGE_CURVE('',#8652,#8846,#8874,.T.);
#8874 = SURFACE_CURVE('',#8875,(#8880,#8886),.PCURVE_S1.);
#8875 = CIRCLE('',#8876,1.5);
#8876 = AXIS2_PLACEMENT_3D('',#8877,#8878,#8879);
#8877 = CARTESIAN_POINT('',(17.5,-1.15,12.9));
#8878 = DIRECTION('',(-1.,-0.,0.));
#8879 = DIRECTION('',(0.,-1.,0.));
#8880 = PCURVE('',#8667,#8881);
#8881 = DEFINITIONAL_REPRESENTATION('',(#8882),#8885);
#8882 = B_SPLINE_CURVE_WITH_KNOTS('',1,(#8883,#8884),.UNSPECIFIED.,.F.,
  .F.,(2,2),(0.,1.570796326795),.PIECEWISE_BEZIER_KNOTS.);
#8883 = CARTESIAN_POINT('',(0.,25.6));
#8884 = CARTESIAN_POINT('',(-1.570796326795,25.6));
#8885 = ( GEOMETRIC_REPRESENTATION_CONTEXT(2) 
PARAMETRIC_REPRESENTATION_CONTEXT() REPRESENTATION_CONTEXT('2D SPACE',''
  ) );
#8886 = PCURVE('',#8887,#8892);
#8887 = TOROIDAL_SURFACE('',#8888,2.25,1.5);
#8888 = AXIS2_PLACEMENT_3D('',#8889,#8890,#8891);
#8889 = CARTESIAN_POINT('',(17.5,1.1,12.9));
#8890 = DIRECTION('',(0.,0.,1.));
#8891 = DIRECTION('',(0.,-1.,0.));
#8892 = DEFINITIONAL_REPRESENTATION('',(#8893),#8896);
#8893 = B_SPLINE_CURVE_WITH_KNOTS('',1,(#8894,#8895),.UNSPECIFIED.,.F.,
  .F.,(2,2),(0.,1.570796326795),.PIECEWISE_BEZIER_KNOTS.);
#8894 = CARTESIAN_POINT('',(0.,0.));
#8895 = CARTESIAN_POINT('',(0.,1.570796326795));
#8896 = ( GEOMETRIC_REPRESENTATION_CONTEXT(2) 
PARAMETRIC_REPRESENTATION_CONTEXT() REPRESENTATION_CONTEXT('2D SPACE',''
  ) );
#8897 = ORIENTED_EDGE('',*,*,#8651,.F.);
#8898 = ADVANCED_FACE('',(#8899),#8721,.F.);
#8899 = FACE_BOUND('',#8900,.F.);
#8900 = EDGE_LOOP('',(#8901,#8902,#8903,#8927,#8955,#8984,#9012,#9038,
    #9064,#9093,#9119,#9148,#9174,#9203,#9229,#9258,#9284,#9310,#9338,
    #9367));
#8901 = ORIENTED_EDGE('',*,*,#8737,.F.);
#8902 = ORIENTED_EDGE('',*,*,#8707,.T.);
#8903 = ORIENTED_EDGE('',*,*,#8904,.T.);
#8904 = EDGE_CURVE('',#8680,#8905,#8907,.T.);
#8905 = VERTEX_POINT('',#8906);
#8906 = CARTESIAN_POINT('',(21.25,1.1,9.3));
#8907 = SURFACE_CURVE('',#8908,(#8913,#8920),.PCURVE_S1.);
#8908 = CIRCLE('',#8909,3.75);
#8909 = AXIS2_PLACEMENT_3D('',#8910,#8911,#8912);
#8910 = CARTESIAN_POINT('',(17.5,1.1,9.3));
#8911 = DIRECTION('',(0.,0.,1.));
#8912 = DIRECTION('',(0.,-1.,0.));
#8913 = PCURVE('',#8721,#8914);
#8914 = DEFINITIONAL_REPRESENTATION('',(#8915),#8919);
#8915 = CIRCLE('',#8916,3.75);
#8916 = AXIS2_PLACEMENT_2D('',#8917,#8918);
#8917 = CARTESIAN_POINT('',(12.8,-9.45));
#8918 = DIRECTION('',(0.,-1.));
#8919 = ( GEOMETRIC_REPRESENTATION_CONTEXT(2) 
PARAMETRIC_REPRESENTATION_CONTEXT() REPRESENTATION_CONTEXT('2D SPACE',''
  ) );
#8920 = PCURVE('',#8695,#8921);
#8921 = DEFINITIONAL_REPRESENTATION('',(#8922),#8926);
#8922 = LINE('',#8923,#8924);
#8923 = CARTESIAN_POINT('',(0.,0.));
#8924 = VECTOR('',#8925,1.);
#8925 = DIRECTION('',(1.,0.));
#8926 = ( GEOMETRIC_REPRESENTATION_CONTEXT(2) 
PARAMETRIC_REPRESENTATION_CONTEXT() REPRESENTATION_CONTEXT('2D SPACE',''
  ) );
#8927 = ORIENTED_EDGE('',*,*,#8928,.T.);
#8928 = EDGE_CURVE('',#8905,#8929,#8931,.T.);
#8929 = VERTEX_POINT('',#8930);
#8930 = CARTESIAN_POINT('',(21.25,20.,9.3));
#8931 = SURFACE_CURVE('',#8932,(#8936,#8943),.PCURVE_S1.);
#8932 = LINE('',#8933,#8934);
#8933 = CARTESIAN_POINT('',(21.25,-2.65,9.3));
#8934 = VECTOR('',#8935,1.);
#8935 = DIRECTION('',(0.,1.,0.));
#8936 = PCURVE('',#8721,#8937);
#8937 = DEFINITIONAL_REPRESENTATION('',(#8938),#8942);
#8938 = LINE('',#8939,#8940);
#8939 = CARTESIAN_POINT('',(16.55,-13.2));
#8940 = VECTOR('',#8941,1.);
#8941 = DIRECTION('',(0.,1.));
#8942 = ( GEOMETRIC_REPRESENTATION_CONTEXT(2) 
PARAMETRIC_REPRESENTATION_CONTEXT() REPRESENTATION_CONTEXT('2D SPACE',''
  ) );
#8943 = PCURVE('',#8944,#8949);
#8944 = PLANE('',#8945);
#8945 = AXIS2_PLACEMENT_3D('',#8946,#8947,#8948);
#8946 = CARTESIAN_POINT('',(21.25,-2.65,9.3));
#8947 = DIRECTION('',(-1.,0.,0.));
#8948 = DIRECTION('',(0.,1.,0.));
#8949 = DEFINITIONAL_REPRESENTATION('',(#8950),#8954);
#8950 = LINE('',#8951,#8952);
#8951 = CARTESIAN_POINT('',(0.,0.));
#8952 = VECTOR('',#8953,1.);
#8953 = DIRECTION('',(1.,0.));
#8954 = ( GEOMETRIC_REPRESENTATION_CONTEXT(2) 
PARAMETRIC_REPRESENTATION_CONTEXT() REPRESENTATION_CONTEXT('2D SPACE',''
  ) );
#8955 = ORIENTED_EDGE('',*,*,#8956,.T.);
#8956 = EDGE_CURVE('',#8929,#8957,#8959,.T.);
#8957 = VERTEX_POINT('',#8958);
#8958 = CARTESIAN_POINT('',(17.5,23.75,9.3));
#8959 = SURFACE_CURVE('',#8960,(#8965,#8972),.PCURVE_S1.);
#8960 = CIRCLE('',#8961,3.75);
#8961 = AXIS2_PLACEMENT_3D('',#8962,#8963,#8964);
#8962 = CARTESIAN_POINT('',(17.5,20.,9.3));
#8963 = DIRECTION('',(0.,0.,1.));
#8964 = DIRECTION('',(0.,-1.,0.));
#8965 = PCURVE('',#8721,#8966);
#8966 = DEFINITIONAL_REPRESENTATION('',(#8967),#8971);
#8967 = CIRCLE('',#8968,3.75);
#8968 = AXIS2_PLACEMENT_2D('',#8969,#8970);
#8969 = CARTESIAN_POINT('',(12.8,9.45));
#8970 = DIRECTION('',(0.,-1.));
#8971 = ( GEOMETRIC_REPRESENTATION_CONTEXT(2) 
PARAMETRIC_REPRESENTATION_CONTEXT() REPRESENTATION_CONTEXT('2D SPACE',''
  ) );
#8972 = PCURVE('',#8973,#8978);
#8973 = CYLINDRICAL_SURFACE('',#8974,3.75);
#8974 = AXIS2_PLACEMENT_3D('',#8975,#8976,#8977);
#8975 = CARTESIAN_POINT('',(17.5,20.,9.3));
#8976 = DIRECTION('',(0.,0.,1.));
#8977 = DIRECTION('',(1.,0.,-0.));
#8978 = DEFINITIONAL_REPRESENTATION('',(#8979),#8983);
#8979 = LINE('',#8980,#8981);
#8980 = CARTESIAN_POINT('',(-1.570796326795,0.));
#8981 = VECTOR('',#8982,1.);
#8982 = DIRECTION('',(1.,0.));
#8983 = ( GEOMETRIC_REPRESENTATION_CONTEXT(2) 
PARAMETRIC_REPRESENTATION_CONTEXT() REPRESENTATION_CONTEXT('2D SPACE',''
  ) );
#8984 = ORIENTED_EDGE('',*,*,#8985,.T.);
#8985 = EDGE_CURVE('',#8957,#8986,#8988,.T.);
#8986 = VERTEX_POINT('',#8987);
#8987 = CARTESIAN_POINT('',(15.4,23.75,9.3));
#8988 = SURFACE_CURVE('',#8989,(#8993,#9000),.PCURVE_S1.);
#8989 = LINE('',#8990,#8991);
#8990 = CARTESIAN_POINT('',(21.25,23.75,9.3));
#8991 = VECTOR('',#8992,1.);
#8992 = DIRECTION('',(-1.,0.,0.));
#8993 = PCURVE('',#8721,#8994);
#8994 = DEFINITIONAL_REPRESENTATION('',(#8995),#8999);
#8995 = LINE('',#8996,#8997);
#8996 = CARTESIAN_POINT('',(16.55,13.2));
#8997 = VECTOR('',#8998,1.);
#8998 = DIRECTION('',(-1.,0.));
#8999 = ( GEOMETRIC_REPRESENTATION_CONTEXT(2) 
PARAMETRIC_REPRESENTATION_CONTEXT() REPRESENTATION_CONTEXT('2D SPACE',''
  ) );
#9000 = PCURVE('',#9001,#9006);
#9001 = PLANE('',#9002);
#9002 = AXIS2_PLACEMENT_3D('',#9003,#9004,#9005);
#9003 = CARTESIAN_POINT('',(21.25,23.75,9.3));
#9004 = DIRECTION('',(0.,-1.,0.));
#9005 = DIRECTION('',(-1.,0.,0.));
#9006 = DEFINITIONAL_REPRESENTATION('',(#9007),#9011);
#9007 = LINE('',#9008,#9009);
#9008 = CARTESIAN_POINT('',(0.,-0.));
#9009 = VECTOR('',#9010,1.);
#9010 = DIRECTION('',(1.,0.));
#9011 = ( GEOMETRIC_REPRESENTATION_CONTEXT(2) 
PARAMETRIC_REPRESENTATION_CONTEXT() REPRESENTATION_CONTEXT('2D SPACE',''
  ) );
#9012 = ORIENTED_EDGE('',*,*,#9013,.T.);
#9013 = EDGE_CURVE('',#8986,#9014,#9016,.T.);
#9014 = VERTEX_POINT('',#9015);
#9015 = CARTESIAN_POINT('',(15.4,22.6,9.3));
#9016 = SURFACE_CURVE('',#9017,(#9021,#9027),.PCURVE_S1.);
#9017 = LINE('',#9018,#9019);
#9018 = CARTESIAN_POINT('',(15.4,16.55,9.3));
#9019 = VECTOR('',#9020,1.);
#9020 = DIRECTION('',(0.,-1.,0.));
#9021 = PCURVE('',#8721,#9022);
#9022 = DEFINITIONAL_REPRESENTATION('',(#9023),#9026);
#9023 = B_SPLINE_CURVE_WITH_KNOTS('',1,(#9024,#9025),.UNSPECIFIED.,.F.,
  .F.,(2,2),(-7.2,-6.),.PIECEWISE_BEZIER_KNOTS.);
#9024 = CARTESIAN_POINT('',(10.7,13.2));
#9025 = CARTESIAN_POINT('',(10.7,12.));
#9026 = ( GEOMETRIC_REPRESENTATION_CONTEXT(2) 
PARAMETRIC_REPRESENTATION_CONTEXT() REPRESENTATION_CONTEXT('2D SPACE',''
  ) );
#9027 = PCURVE('',#9028,#9033);
#9028 = PLANE('',#9029);
#9029 = AXIS2_PLACEMENT_3D('',#9030,#9031,#9032);
#9030 = CARTESIAN_POINT('',(15.4,22.55,6.9));
#9031 = DIRECTION('',(-1.,0.,0.));
#9032 = DIRECTION('',(0.,1.,0.));
#9033 = DEFINITIONAL_REPRESENTATION('',(#9034),#9037);
#9034 = B_SPLINE_CURVE_WITH_KNOTS('',1,(#9035,#9036),.UNSPECIFIED.,.F.,
  .F.,(2,2),(-7.2,-6.),.PIECEWISE_BEZIER_KNOTS.);
#9035 = CARTESIAN_POINT('',(1.2,-2.4));
#9036 = CARTESIAN_POINT('',(0.,-2.4));
#9037 = ( GEOMETRIC_REPRESENTATION_CONTEXT(2) 
PARAMETRIC_REPRESENTATION_CONTEXT() REPRESENTATION_CONTEXT('2D SPACE',''
  ) );
#9038 = ORIENTED_EDGE('',*,*,#9039,.T.);
#9039 = EDGE_CURVE('',#9014,#9040,#9042,.T.);
#9040 = VERTEX_POINT('',#9041);
#9041 = CARTESIAN_POINT('',(17.5,22.6,9.3));
#9042 = SURFACE_CURVE('',#9043,(#9047,#9053),.PCURVE_S1.);
#9043 = LINE('',#9044,#9045);
#9044 = CARTESIAN_POINT('',(12.4,22.6,9.3));
#9045 = VECTOR('',#9046,1.);
#9046 = DIRECTION('',(1.,0.,-0.));
#9047 = PCURVE('',#8721,#9048);
#9048 = DEFINITIONAL_REPRESENTATION('',(#9049),#9052);
#9049 = B_SPLINE_CURVE_WITH_KNOTS('',1,(#9050,#9051),.UNSPECIFIED.,.F.,
  .F.,(2,2),(-20.5,5.1),.PIECEWISE_BEZIER_KNOTS.);
#9050 = CARTESIAN_POINT('',(-12.8,12.05));
#9051 = CARTESIAN_POINT('',(12.8,12.05));
#9052 = ( GEOMETRIC_REPRESENTATION_CONTEXT(2) 
PARAMETRIC_REPRESENTATION_CONTEXT() REPRESENTATION_CONTEXT('2D SPACE',''
  ) );
#9053 = PCURVE('',#9054,#9059);
#9054 = PLANE('',#9055);
#9055 = AXIS2_PLACEMENT_3D('',#9056,#9057,#9058);
#9056 = CARTESIAN_POINT('',(20.1,22.6,7.9));
#9057 = DIRECTION('',(0.,-1.,0.));
#9058 = DIRECTION('',(-1.,0.,0.));
#9059 = DEFINITIONAL_REPRESENTATION('',(#9060),#9063);
#9060 = B_SPLINE_CURVE_WITH_KNOTS('',1,(#9061,#9062),.UNSPECIFIED.,.F.,
  .F.,(2,2),(-20.5,5.1),.PIECEWISE_BEZIER_KNOTS.);
#9061 = CARTESIAN_POINT('',(28.2,-1.4));
#9062 = CARTESIAN_POINT('',(2.6,-1.4));
#9063 = ( GEOMETRIC_REPRESENTATION_CONTEXT(2) 
PARAMETRIC_REPRESENTATION_CONTEXT() REPRESENTATION_CONTEXT('2D SPACE',''
  ) );
#9064 = ORIENTED_EDGE('',*,*,#9065,.F.);
#9065 = EDGE_CURVE('',#9066,#9040,#9068,.T.);
#9066 = VERTEX_POINT('',#9067);
#9067 = CARTESIAN_POINT('',(20.1,20.,9.3));
#9068 = SURFACE_CURVE('',#9069,(#9074,#9081),.PCURVE_S1.);
#9069 = CIRCLE('',#9070,2.6);
#9070 = AXIS2_PLACEMENT_3D('',#9071,#9072,#9073);
#9071 = CARTESIAN_POINT('',(17.5,20.,9.3));
#9072 = DIRECTION('',(0.,0.,1.));
#9073 = DIRECTION('',(1.,0.,-0.));
#9074 = PCURVE('',#8721,#9075);
#9075 = DEFINITIONAL_REPRESENTATION('',(#9076),#9080);
#9076 = CIRCLE('',#9077,2.6);
#9077 = AXIS2_PLACEMENT_2D('',#9078,#9079);
#9078 = CARTESIAN_POINT('',(12.8,9.45));
#9079 = DIRECTION('',(1.,0.));
#9080 = ( GEOMETRIC_REPRESENTATION_CONTEXT(2) 
PARAMETRIC_REPRESENTATION_CONTEXT() REPRESENTATION_CONTEXT('2D SPACE',''
  ) );
#9081 = PCURVE('',#9082,#9087);
#9082 = CYLINDRICAL_SURFACE('',#9083,2.6);
#9083 = AXIS2_PLACEMENT_3D('',#9084,#9085,#9086);
#9084 = CARTESIAN_POINT('',(17.5,20.,7.9));
#9085 = DIRECTION('',(0.,0.,1.));
#9086 = DIRECTION('',(1.,0.,-0.));
#9087 = DEFINITIONAL_REPRESENTATION('',(#9088),#9092);
#9088 = LINE('',#9089,#9090);
#9089 = CARTESIAN_POINT('',(0.,1.4));
#9090 = VECTOR('',#9091,1.);
#9091 = DIRECTION('',(1.,0.));
#9092 = ( GEOMETRIC_REPRESENTATION_CONTEXT(2) 
PARAMETRIC_REPRESENTATION_CONTEXT() REPRESENTATION_CONTEXT('2D SPACE',''
  ) );
#9093 = ORIENTED_EDGE('',*,*,#9094,.T.);
#9094 = EDGE_CURVE('',#9066,#9095,#9097,.T.);
#9095 = VERTEX_POINT('',#9096);
#9096 = CARTESIAN_POINT('',(20.1,1.1,9.3));
#9097 = SURFACE_CURVE('',#9098,(#9102,#9108),.PCURVE_S1.);
#9098 = LINE('',#9099,#9100);
#9099 = CARTESIAN_POINT('',(20.1,4.525,9.3));
#9100 = VECTOR('',#9101,1.);
#9101 = DIRECTION('',(0.,-1.,0.));
#9102 = PCURVE('',#8721,#9103);
#9103 = DEFINITIONAL_REPRESENTATION('',(#9104),#9107);
#9104 = B_SPLINE_CURVE_WITH_KNOTS('',1,(#9105,#9106),.UNSPECIFIED.,.F.,
  .F.,(2,2),(-15.475,3.425),.PIECEWISE_BEZIER_KNOTS.);
#9105 = CARTESIAN_POINT('',(15.4,9.45));
#9106 = CARTESIAN_POINT('',(15.4,-9.45));
#9107 = ( GEOMETRIC_REPRESENTATION_CONTEXT(2) 
PARAMETRIC_REPRESENTATION_CONTEXT() REPRESENTATION_CONTEXT('2D SPACE',''
  ) );
#9108 = PCURVE('',#9109,#9114);
#9109 = PLANE('',#9110);
#9110 = AXIS2_PLACEMENT_3D('',#9111,#9112,#9113);
#9111 = CARTESIAN_POINT('',(20.1,-1.5,7.9));
#9112 = DIRECTION('',(-1.,0.,0.));
#9113 = DIRECTION('',(0.,1.,0.));
#9114 = DEFINITIONAL_REPRESENTATION('',(#9115),#9118);
#9115 = B_SPLINE_CURVE_WITH_KNOTS('',1,(#9116,#9117),.UNSPECIFIED.,.F.,
  .F.,(2,2),(-15.475,3.425),.PIECEWISE_BEZIER_KNOTS.);
#9116 = CARTESIAN_POINT('',(21.5,-1.4));
#9117 = CARTESIAN_POINT('',(2.6,-1.4));
#9118 = ( GEOMETRIC_REPRESENTATION_CONTEXT(2) 
PARAMETRIC_REPRESENTATION_CONTEXT() REPRESENTATION_CONTEXT('2D SPACE',''
  ) );
#9119 = ORIENTED_EDGE('',*,*,#9120,.F.);
#9120 = EDGE_CURVE('',#9121,#9095,#9123,.T.);
#9121 = VERTEX_POINT('',#9122);
#9122 = CARTESIAN_POINT('',(17.5,-1.5,9.3));
#9123 = SURFACE_CURVE('',#9124,(#9129,#9136),.PCURVE_S1.);
#9124 = CIRCLE('',#9125,2.6);
#9125 = AXIS2_PLACEMENT_3D('',#9126,#9127,#9128);
#9126 = CARTESIAN_POINT('',(17.5,1.1,9.3));
#9127 = DIRECTION('',(0.,0.,1.));
#9128 = DIRECTION('',(0.,-1.,0.));
#9129 = PCURVE('',#8721,#9130);
#9130 = DEFINITIONAL_REPRESENTATION('',(#9131),#9135);
#9131 = CIRCLE('',#9132,2.6);
#9132 = AXIS2_PLACEMENT_2D('',#9133,#9134);
#9133 = CARTESIAN_POINT('',(12.8,-9.45));
#9134 = DIRECTION('',(0.,-1.));
#9135 = ( GEOMETRIC_REPRESENTATION_CONTEXT(2) 
PARAMETRIC_REPRESENTATION_CONTEXT() REPRESENTATION_CONTEXT('2D SPACE',''
  ) );
#9136 = PCURVE('',#9137,#9142);
#9137 = CYLINDRICAL_SURFACE('',#9138,2.6);
#9138 = AXIS2_PLACEMENT_3D('',#9139,#9140,#9141);
#9139 = CARTESIAN_POINT('',(17.5,1.1,7.9));
#9140 = DIRECTION('',(0.,0.,1.));
#9141 = DIRECTION('',(0.,-1.,0.));
#9142 = DEFINITIONAL_REPRESENTATION('',(#9143),#9147);
#9143 = LINE('',#9144,#9145);
#9144 = CARTESIAN_POINT('',(0.,1.4));
#9145 = VECTOR('',#9146,1.);
#9146 = DIRECTION('',(1.,0.));
#9147 = ( GEOMETRIC_REPRESENTATION_CONTEXT(2) 
PARAMETRIC_REPRESENTATION_CONTEXT() REPRESENTATION_CONTEXT('2D SPACE',''
  ) );
#9148 = ORIENTED_EDGE('',*,*,#9149,.T.);
#9149 = EDGE_CURVE('',#9121,#9150,#9152,.T.);
#9150 = VERTEX_POINT('',#9151);
#9151 = CARTESIAN_POINT('',(-8.1,-1.5,9.3));
#9152 = SURFACE_CURVE('',#9153,(#9157,#9163),.PCURVE_S1.);
#9153 = LINE('',#9154,#9155);
#9154 = CARTESIAN_POINT('',(-3.,-1.5,9.3));
#9155 = VECTOR('',#9156,1.);
#9156 = DIRECTION('',(-1.,0.,0.));
#9157 = PCURVE('',#8721,#9158);
#9158 = DEFINITIONAL_REPRESENTATION('',(#9159),#9162);
#9159 = B_SPLINE_CURVE_WITH_KNOTS('',1,(#9160,#9161),.UNSPECIFIED.,.F.,
  .F.,(2,2),(-20.5,5.1),.PIECEWISE_BEZIER_KNOTS.);
#9160 = CARTESIAN_POINT('',(12.8,-12.05));
#9161 = CARTESIAN_POINT('',(-12.8,-12.05));
#9162 = ( GEOMETRIC_REPRESENTATION_CONTEXT(2) 
PARAMETRIC_REPRESENTATION_CONTEXT() REPRESENTATION_CONTEXT('2D SPACE',''
  ) );
#9163 = PCURVE('',#9164,#9169);
#9164 = PLANE('',#9165);
#9165 = AXIS2_PLACEMENT_3D('',#9166,#9167,#9168);
#9166 = CARTESIAN_POINT('',(-10.7,-1.5,7.9));
#9167 = DIRECTION('',(0.,1.,0.));
#9168 = DIRECTION('',(1.,0.,0.));
#9169 = DEFINITIONAL_REPRESENTATION('',(#9170),#9173);
#9170 = B_SPLINE_CURVE_WITH_KNOTS('',1,(#9171,#9172),.UNSPECIFIED.,.F.,
  .F.,(2,2),(-20.5,5.1),.PIECEWISE_BEZIER_KNOTS.);
#9171 = CARTESIAN_POINT('',(28.2,-1.4));
#9172 = CARTESIAN_POINT('',(2.6,-1.4));
#9173 = ( GEOMETRIC_REPRESENTATION_CONTEXT(2) 
PARAMETRIC_REPRESENTATION_CONTEXT() REPRESENTATION_CONTEXT('2D SPACE',''
  ) );
#9174 = ORIENTED_EDGE('',*,*,#9175,.F.);
#9175 = EDGE_CURVE('',#9176,#9150,#9178,.T.);
#9176 = VERTEX_POINT('',#9177);
#9177 = CARTESIAN_POINT('',(-10.7,1.1,9.3));
#9178 = SURFACE_CURVE('',#9179,(#9184,#9191),.PCURVE_S1.);
#9179 = CIRCLE('',#9180,2.6);
#9180 = AXIS2_PLACEMENT_3D('',#9181,#9182,#9183);
#9181 = CARTESIAN_POINT('',(-8.1,1.1,9.3));
#9182 = DIRECTION('',(0.,0.,1.));
#9183 = DIRECTION('',(0.,-1.,0.));
#9184 = PCURVE('',#8721,#9185);
#9185 = DEFINITIONAL_REPRESENTATION('',(#9186),#9190);
#9186 = CIRCLE('',#9187,2.6);
#9187 = AXIS2_PLACEMENT_2D('',#9188,#9189);
#9188 = CARTESIAN_POINT('',(-12.8,-9.45));
#9189 = DIRECTION('',(0.,-1.));
#9190 = ( GEOMETRIC_REPRESENTATION_CONTEXT(2) 
PARAMETRIC_REPRESENTATION_CONTEXT() REPRESENTATION_CONTEXT('2D SPACE',''
  ) );
#9191 = PCURVE('',#9192,#9197);
#9192 = CYLINDRICAL_SURFACE('',#9193,2.6);
#9193 = AXIS2_PLACEMENT_3D('',#9194,#9195,#9196);
#9194 = CARTESIAN_POINT('',(-8.1,1.1,7.9));
#9195 = DIRECTION('',(0.,0.,1.));
#9196 = DIRECTION('',(0.,-1.,0.));
#9197 = DEFINITIONAL_REPRESENTATION('',(#9198),#9202);
#9198 = LINE('',#9199,#9200);
#9199 = CARTESIAN_POINT('',(-6.28318530718,1.4));
#9200 = VECTOR('',#9201,1.);
#9201 = DIRECTION('',(1.,-0.));
#9202 = ( GEOMETRIC_REPRESENTATION_CONTEXT(2) 
PARAMETRIC_REPRESENTATION_CONTEXT() REPRESENTATION_CONTEXT('2D SPACE',''
  ) );
#9203 = ORIENTED_EDGE('',*,*,#9204,.T.);
#9204 = EDGE_CURVE('',#9176,#9205,#9207,.T.);
#9205 = VERTEX_POINT('',#9206);
#9206 = CARTESIAN_POINT('',(-10.7,20.,9.3));
#9207 = SURFACE_CURVE('',#9208,(#9212,#9218),.PCURVE_S1.);
#9208 = LINE('',#9209,#9210);
#9209 = CARTESIAN_POINT('',(-10.7,16.575,9.3));
#9210 = VECTOR('',#9211,1.);
#9211 = DIRECTION('',(-0.,1.,0.));
#9212 = PCURVE('',#8721,#9213);
#9213 = DEFINITIONAL_REPRESENTATION('',(#9214),#9217);
#9214 = B_SPLINE_CURVE_WITH_KNOTS('',1,(#9215,#9216),.UNSPECIFIED.,.F.,
  .F.,(2,2),(-15.475,3.425),.PIECEWISE_BEZIER_KNOTS.);
#9215 = CARTESIAN_POINT('',(-15.4,-9.45));
#9216 = CARTESIAN_POINT('',(-15.4,9.45));
#9217 = ( GEOMETRIC_REPRESENTATION_CONTEXT(2) 
PARAMETRIC_REPRESENTATION_CONTEXT() REPRESENTATION_CONTEXT('2D SPACE',''
  ) );
#9218 = PCURVE('',#9219,#9224);
#9219 = PLANE('',#9220);
#9220 = AXIS2_PLACEMENT_3D('',#9221,#9222,#9223);
#9221 = CARTESIAN_POINT('',(-10.7,22.6,7.9));
#9222 = DIRECTION('',(1.,0.,-0.));
#9223 = DIRECTION('',(0.,-1.,0.));
#9224 = DEFINITIONAL_REPRESENTATION('',(#9225),#9228);
#9225 = B_SPLINE_CURVE_WITH_KNOTS('',1,(#9226,#9227),.UNSPECIFIED.,.F.,
  .F.,(2,2),(-15.475,3.425),.PIECEWISE_BEZIER_KNOTS.);
#9226 = CARTESIAN_POINT('',(21.5,-1.4));
#9227 = CARTESIAN_POINT('',(2.6,-1.4));
#9228 = ( GEOMETRIC_REPRESENTATION_CONTEXT(2) 
PARAMETRIC_REPRESENTATION_CONTEXT() REPRESENTATION_CONTEXT('2D SPACE',''
  ) );
#9229 = ORIENTED_EDGE('',*,*,#9230,.F.);
#9230 = EDGE_CURVE('',#9231,#9205,#9233,.T.);
#9231 = VERTEX_POINT('',#9232);
#9232 = CARTESIAN_POINT('',(-8.1,22.6,9.3));
#9233 = SURFACE_CURVE('',#9234,(#9239,#9246),.PCURVE_S1.);
#9234 = CIRCLE('',#9235,2.6);
#9235 = AXIS2_PLACEMENT_3D('',#9236,#9237,#9238);
#9236 = CARTESIAN_POINT('',(-8.1,20.,9.3));
#9237 = DIRECTION('',(0.,0.,1.));
#9238 = DIRECTION('',(-0.,1.,0.));
#9239 = PCURVE('',#8721,#9240);
#9240 = DEFINITIONAL_REPRESENTATION('',(#9241),#9245);
#9241 = CIRCLE('',#9242,2.6);
#9242 = AXIS2_PLACEMENT_2D('',#9243,#9244);
#9243 = CARTESIAN_POINT('',(-12.8,9.45));
#9244 = DIRECTION('',(0.,1.));
#9245 = ( GEOMETRIC_REPRESENTATION_CONTEXT(2) 
PARAMETRIC_REPRESENTATION_CONTEXT() REPRESENTATION_CONTEXT('2D SPACE',''
  ) );
#9246 = PCURVE('',#9247,#9252);
#9247 = CYLINDRICAL_SURFACE('',#9248,2.6);
#9248 = AXIS2_PLACEMENT_3D('',#9249,#9250,#9251);
#9249 = CARTESIAN_POINT('',(-8.1,20.,7.9));
#9250 = DIRECTION('',(0.,0.,1.));
#9251 = DIRECTION('',(-0.,1.,0.));
#9252 = DEFINITIONAL_REPRESENTATION('',(#9253),#9257);
#9253 = LINE('',#9254,#9255);
#9254 = CARTESIAN_POINT('',(0.,1.4));
#9255 = VECTOR('',#9256,1.);
#9256 = DIRECTION('',(1.,0.));
#9257 = ( GEOMETRIC_REPRESENTATION_CONTEXT(2) 
PARAMETRIC_REPRESENTATION_CONTEXT() REPRESENTATION_CONTEXT('2D SPACE',''
  ) );
#9258 = ORIENTED_EDGE('',*,*,#9259,.T.);
#9259 = EDGE_CURVE('',#9231,#9260,#9262,.T.);
#9260 = VERTEX_POINT('',#9261);
#9261 = CARTESIAN_POINT('',(2.4,22.6,9.3));
#9262 = SURFACE_CURVE('',#9263,(#9267,#9273),.PCURVE_S1.);
#9263 = LINE('',#9264,#9265);
#9264 = CARTESIAN_POINT('',(12.4,22.6,9.3));
#9265 = VECTOR('',#9266,1.);
#9266 = DIRECTION('',(1.,0.,-0.));
#9267 = PCURVE('',#8721,#9268);
#9268 = DEFINITIONAL_REPRESENTATION('',(#9269),#9272);
#9269 = B_SPLINE_CURVE_WITH_KNOTS('',1,(#9270,#9271),.UNSPECIFIED.,.F.,
  .F.,(2,2),(-20.5,5.1),.PIECEWISE_BEZIER_KNOTS.);
#9270 = CARTESIAN_POINT('',(-12.8,12.05));
#9271 = CARTESIAN_POINT('',(12.8,12.05));
#9272 = ( GEOMETRIC_REPRESENTATION_CONTEXT(2) 
PARAMETRIC_REPRESENTATION_CONTEXT() REPRESENTATION_CONTEXT('2D SPACE',''
  ) );
#9273 = PCURVE('',#9274,#9279);
#9274 = PLANE('',#9275);
#9275 = AXIS2_PLACEMENT_3D('',#9276,#9277,#9278);
#9276 = CARTESIAN_POINT('',(20.1,22.6,7.9));
#9277 = DIRECTION('',(0.,-1.,0.));
#9278 = DIRECTION('',(-1.,0.,0.));
#9279 = DEFINITIONAL_REPRESENTATION('',(#9280),#9283);
#9280 = B_SPLINE_CURVE_WITH_KNOTS('',1,(#9281,#9282),.UNSPECIFIED.,.F.,
  .F.,(2,2),(-20.5,5.1),.PIECEWISE_BEZIER_KNOTS.);
#9281 = CARTESIAN_POINT('',(28.2,-1.4));
#9282 = CARTESIAN_POINT('',(2.6,-1.4));
#9283 = ( GEOMETRIC_REPRESENTATION_CONTEXT(2) 
PARAMETRIC_REPRESENTATION_CONTEXT() REPRESENTATION_CONTEXT('2D SPACE',''
  ) );
#9284 = ORIENTED_EDGE('',*,*,#9285,.T.);
#9285 = EDGE_CURVE('',#9260,#9286,#9288,.T.);
#9286 = VERTEX_POINT('',#9287);
#9287 = CARTESIAN_POINT('',(2.4,23.75,9.3));
#9288 = SURFACE_CURVE('',#9289,(#9293,#9299),.PCURVE_S1.);
#9289 = LINE('',#9290,#9291);
#9290 = CARTESIAN_POINT('',(2.4,17.65,9.3));
#9291 = VECTOR('',#9292,1.);
#9292 = DIRECTION('',(-0.,1.,0.));
#9293 = PCURVE('',#8721,#9294);
#9294 = DEFINITIONAL_REPRESENTATION('',(#9295),#9298);
#9295 = B_SPLINE_CURVE_WITH_KNOTS('',1,(#9296,#9297),.UNSPECIFIED.,.F.,
  .F.,(2,2),(4.9,6.1),.PIECEWISE_BEZIER_KNOTS.);
#9296 = CARTESIAN_POINT('',(-2.3,12.));
#9297 = CARTESIAN_POINT('',(-2.3,13.2));
#9298 = ( GEOMETRIC_REPRESENTATION_CONTEXT(2) 
PARAMETRIC_REPRESENTATION_CONTEXT() REPRESENTATION_CONTEXT('2D SPACE',''
  ) );
#9299 = PCURVE('',#9300,#9305);
#9300 = PLANE('',#9301);
#9301 = AXIS2_PLACEMENT_3D('',#9302,#9303,#9304);
#9302 = CARTESIAN_POINT('',(2.4,24.75,6.9));
#9303 = DIRECTION('',(1.,0.,-0.));
#9304 = DIRECTION('',(0.,-1.,0.));
#9305 = DEFINITIONAL_REPRESENTATION('',(#9306),#9309);
#9306 = B_SPLINE_CURVE_WITH_KNOTS('',1,(#9307,#9308),.UNSPECIFIED.,.F.,
  .F.,(2,2),(4.9,6.1),.PIECEWISE_BEZIER_KNOTS.);
#9307 = CARTESIAN_POINT('',(2.2,-2.4));
#9308 = CARTESIAN_POINT('',(1.,-2.4));
#9309 = ( GEOMETRIC_REPRESENTATION_CONTEXT(2) 
PARAMETRIC_REPRESENTATION_CONTEXT() REPRESENTATION_CONTEXT('2D SPACE',''
  ) );
#9310 = ORIENTED_EDGE('',*,*,#9311,.T.);
#9311 = EDGE_CURVE('',#9286,#9312,#9314,.T.);
#9312 = VERTEX_POINT('',#9313);
#9313 = CARTESIAN_POINT('',(-8.1,23.75,9.3));
#9314 = SURFACE_CURVE('',#9315,(#9319,#9326),.PCURVE_S1.);
#9315 = LINE('',#9316,#9317);
#9316 = CARTESIAN_POINT('',(21.25,23.75,9.3));
#9317 = VECTOR('',#9318,1.);
#9318 = DIRECTION('',(-1.,0.,0.));
#9319 = PCURVE('',#8721,#9320);
#9320 = DEFINITIONAL_REPRESENTATION('',(#9321),#9325);
#9321 = LINE('',#9322,#9323);
#9322 = CARTESIAN_POINT('',(16.55,13.2));
#9323 = VECTOR('',#9324,1.);
#9324 = DIRECTION('',(-1.,0.));
#9325 = ( GEOMETRIC_REPRESENTATION_CONTEXT(2) 
PARAMETRIC_REPRESENTATION_CONTEXT() REPRESENTATION_CONTEXT('2D SPACE',''
  ) );
#9326 = PCURVE('',#9327,#9332);
#9327 = PLANE('',#9328);
#9328 = AXIS2_PLACEMENT_3D('',#9329,#9330,#9331);
#9329 = CARTESIAN_POINT('',(21.25,23.75,9.3));
#9330 = DIRECTION('',(0.,-1.,0.));
#9331 = DIRECTION('',(-1.,0.,0.));
#9332 = DEFINITIONAL_REPRESENTATION('',(#9333),#9337);
#9333 = LINE('',#9334,#9335);
#9334 = CARTESIAN_POINT('',(0.,-0.));
#9335 = VECTOR('',#9336,1.);
#9336 = DIRECTION('',(1.,0.));
#9337 = ( GEOMETRIC_REPRESENTATION_CONTEXT(2) 
PARAMETRIC_REPRESENTATION_CONTEXT() REPRESENTATION_CONTEXT('2D SPACE',''
  ) );
#9338 = ORIENTED_EDGE('',*,*,#9339,.T.);
#9339 = EDGE_CURVE('',#9312,#9340,#9342,.T.);
#9340 = VERTEX_POINT('',#9341);
#9341 = CARTESIAN_POINT('',(-11.85,20.,9.3));
#9342 = SURFACE_CURVE('',#9343,(#9348,#9355),.PCURVE_S1.);
#9343 = CIRCLE('',#9344,3.75);
#9344 = AXIS2_PLACEMENT_3D('',#9345,#9346,#9347);
#9345 = CARTESIAN_POINT('',(-8.1,20.,9.3));
#9346 = DIRECTION('',(0.,0.,1.));
#9347 = DIRECTION('',(0.,-1.,0.));
#9348 = PCURVE('',#8721,#9349);
#9349 = DEFINITIONAL_REPRESENTATION('',(#9350),#9354);
#9350 = CIRCLE('',#9351,3.75);
#9351 = AXIS2_PLACEMENT_2D('',#9352,#9353);
#9352 = CARTESIAN_POINT('',(-12.8,9.45));
#9353 = DIRECTION('',(0.,-1.));
#9354 = ( GEOMETRIC_REPRESENTATION_CONTEXT(2) 
PARAMETRIC_REPRESENTATION_CONTEXT() REPRESENTATION_CONTEXT('2D SPACE',''
  ) );
#9355 = PCURVE('',#9356,#9361);
#9356 = CYLINDRICAL_SURFACE('',#9357,3.75);
#9357 = AXIS2_PLACEMENT_3D('',#9358,#9359,#9360);
#9358 = CARTESIAN_POINT('',(-8.1,20.,9.3));
#9359 = DIRECTION('',(0.,0.,1.));
#9360 = DIRECTION('',(-0.,1.,0.));
#9361 = DEFINITIONAL_REPRESENTATION('',(#9362),#9366);
#9362 = LINE('',#9363,#9364);
#9363 = CARTESIAN_POINT('',(-3.14159265359,0.));
#9364 = VECTOR('',#9365,1.);
#9365 = DIRECTION('',(1.,0.));
#9366 = ( GEOMETRIC_REPRESENTATION_CONTEXT(2) 
PARAMETRIC_REPRESENTATION_CONTEXT() REPRESENTATION_CONTEXT('2D SPACE',''
  ) );
#9367 = ORIENTED_EDGE('',*,*,#9368,.T.);
#9368 = EDGE_CURVE('',#9340,#8738,#9369,.T.);
#9369 = SURFACE_CURVE('',#9370,(#9374,#9381),.PCURVE_S1.);
#9370 = LINE('',#9371,#9372);
#9371 = CARTESIAN_POINT('',(-11.85,23.75,9.3));
#9372 = VECTOR('',#9373,1.);
#9373 = DIRECTION('',(0.,-1.,0.));
#9374 = PCURVE('',#8721,#9375);
#9375 = DEFINITIONAL_REPRESENTATION('',(#9376),#9380);
#9376 = LINE('',#9377,#9378);
#9377 = CARTESIAN_POINT('',(-16.55,13.2));
#9378 = VECTOR('',#9379,1.);
#9379 = DIRECTION('',(0.,-1.));
#9380 = ( GEOMETRIC_REPRESENTATION_CONTEXT(2) 
PARAMETRIC_REPRESENTATION_CONTEXT() REPRESENTATION_CONTEXT('2D SPACE',''
  ) );
#9381 = PCURVE('',#8781,#9382);
#9382 = DEFINITIONAL_REPRESENTATION('',(#9383),#9387);
#9383 = LINE('',#9384,#9385);
#9384 = CARTESIAN_POINT('',(0.,0.));
#9385 = VECTOR('',#9386,1.);
#9386 = DIRECTION('',(1.,0.));
#9387 = ( GEOMETRIC_REPRESENTATION_CONTEXT(2) 
PARAMETRIC_REPRESENTATION_CONTEXT() REPRESENTATION_CONTEXT('2D SPACE',''
  ) );
#9388 = ADVANCED_FACE('',(#9389),#8695,.T.);
#9389 = FACE_BOUND('',#9390,.T.);
#9390 = EDGE_LOOP('',(#9391,#9392,#9393,#9416));
#9391 = ORIENTED_EDGE('',*,*,#8679,.F.);
#9392 = ORIENTED_EDGE('',*,*,#8904,.T.);
#9393 = ORIENTED_EDGE('',*,*,#9394,.T.);
#9394 = EDGE_CURVE('',#8905,#9395,#9397,.T.);
#9395 = VERTEX_POINT('',#9396);
#9396 = CARTESIAN_POINT('',(21.25,1.1,12.9));
#9397 = SURFACE_CURVE('',#9398,(#9402,#9409),.PCURVE_S1.);
#9398 = LINE('',#9399,#9400);
#9399 = CARTESIAN_POINT('',(21.25,1.1,9.3));
#9400 = VECTOR('',#9401,1.);
#9401 = DIRECTION('',(0.,0.,1.));
#9402 = PCURVE('',#8695,#9403);
#9403 = DEFINITIONAL_REPRESENTATION('',(#9404),#9408);
#9404 = LINE('',#9405,#9406);
#9405 = CARTESIAN_POINT('',(1.570796326795,0.));
#9406 = VECTOR('',#9407,1.);
#9407 = DIRECTION('',(0.,1.));
#9408 = ( GEOMETRIC_REPRESENTATION_CONTEXT(2) 
PARAMETRIC_REPRESENTATION_CONTEXT() REPRESENTATION_CONTEXT('2D SPACE',''
  ) );
#9409 = PCURVE('',#8944,#9410);
#9410 = DEFINITIONAL_REPRESENTATION('',(#9411),#9415);
#9411 = LINE('',#9412,#9413);
#9412 = CARTESIAN_POINT('',(3.75,0.));
#9413 = VECTOR('',#9414,1.);
#9414 = DIRECTION('',(0.,-1.));
#9415 = ( GEOMETRIC_REPRESENTATION_CONTEXT(2) 
PARAMETRIC_REPRESENTATION_CONTEXT() REPRESENTATION_CONTEXT('2D SPACE',''
  ) );
#9416 = ORIENTED_EDGE('',*,*,#9417,.F.);
#9417 = EDGE_CURVE('',#8652,#9395,#9418,.T.);
#9418 = SURFACE_CURVE('',#9419,(#9424,#9431),.PCURVE_S1.);
#9419 = CIRCLE('',#9420,3.75);
#9420 = AXIS2_PLACEMENT_3D('',#9421,#9422,#9423);
#9421 = CARTESIAN_POINT('',(17.5,1.1,12.9));
#9422 = DIRECTION('',(0.,0.,1.));
#9423 = DIRECTION('',(0.,-1.,0.));
#9424 = PCURVE('',#8695,#9425);
#9425 = DEFINITIONAL_REPRESENTATION('',(#9426),#9430);
#9426 = LINE('',#9427,#9428);
#9427 = CARTESIAN_POINT('',(0.,3.6));
#9428 = VECTOR('',#9429,1.);
#9429 = DIRECTION('',(1.,0.));
#9430 = ( GEOMETRIC_REPRESENTATION_CONTEXT(2) 
PARAMETRIC_REPRESENTATION_CONTEXT() REPRESENTATION_CONTEXT('2D SPACE',''
  ) );
#9431 = PCURVE('',#8887,#9432);
#9432 = DEFINITIONAL_REPRESENTATION('',(#9433),#9437);
#9433 = LINE('',#9434,#9435);
#9434 = CARTESIAN_POINT('',(0.,0.));
#9435 = VECTOR('',#9436,1.);
#9436 = DIRECTION('',(1.,0.));
#9437 = ( GEOMETRIC_REPRESENTATION_CONTEXT(2) 
PARAMETRIC_REPRESENTATION_CONTEXT() REPRESENTATION_CONTEXT('2D SPACE',''
  ) );
#9438 = ADVANCED_FACE('',(#9439),#8808,.T.);
#9439 = FACE_BOUND('',#9440,.T.);
#9440 = EDGE_LOOP('',(#9441,#9468,#9469,#9470));
#9441 = ORIENTED_EDGE('',*,*,#9442,.F.);
#9442 = EDGE_CURVE('',#8766,#9443,#9445,.T.);
#9443 = VERTEX_POINT('',#9444);
#9444 = CARTESIAN_POINT('',(-10.35,1.1,14.4));
#9445 = SURFACE_CURVE('',#9446,(#9451,#9457),.PCURVE_S1.);
#9446 = CIRCLE('',#9447,1.5);
#9447 = AXIS2_PLACEMENT_3D('',#9448,#9449,#9450);
#9448 = CARTESIAN_POINT('',(-10.35,1.1,12.9));
#9449 = DIRECTION('',(-0.,1.,0.));
#9450 = DIRECTION('',(-1.,-0.,0.));
#9451 = PCURVE('',#8808,#9452);
#9452 = DEFINITIONAL_REPRESENTATION('',(#9453),#9456);
#9453 = B_SPLINE_CURVE_WITH_KNOTS('',1,(#9454,#9455),.UNSPECIFIED.,.F.,
  .F.,(2,2),(0.,1.570796326795),.PIECEWISE_BEZIER_KNOTS.);
#9454 = CARTESIAN_POINT('',(0.,0.));
#9455 = CARTESIAN_POINT('',(0.,1.570796326795));
#9456 = ( GEOMETRIC_REPRESENTATION_CONTEXT(2) 
PARAMETRIC_REPRESENTATION_CONTEXT() REPRESENTATION_CONTEXT('2D SPACE',''
  ) );
#9457 = PCURVE('',#9458,#9463);
#9458 = CYLINDRICAL_SURFACE('',#9459,1.5);
#9459 = AXIS2_PLACEMENT_3D('',#9460,#9461,#9462);
#9460 = CARTESIAN_POINT('',(-10.35,20.,12.9));
#9461 = DIRECTION('',(0.,-1.,0.));
#9462 = DIRECTION('',(-1.,-0.,0.));
#9463 = DEFINITIONAL_REPRESENTATION('',(#9464),#9467);
#9464 = B_SPLINE_CURVE_WITH_KNOTS('',1,(#9465,#9466),.UNSPECIFIED.,.F.,
  .F.,(2,2),(0.,1.570796326795),.PIECEWISE_BEZIER_KNOTS.);
#9465 = CARTESIAN_POINT('',(0.,18.9));
#9466 = CARTESIAN_POINT('',(-1.570796326795,18.9));
#9467 = ( GEOMETRIC_REPRESENTATION_CONTEXT(2) 
PARAMETRIC_REPRESENTATION_CONTEXT() REPRESENTATION_CONTEXT('2D SPACE',''
  ) );
#9468 = ORIENTED_EDGE('',*,*,#8793,.T.);
#9469 = ORIENTED_EDGE('',*,*,#8823,.T.);
#9470 = ORIENTED_EDGE('',*,*,#9471,.F.);
#9471 = EDGE_CURVE('',#9443,#8824,#9472,.T.);
#9472 = SURFACE_CURVE('',#9473,(#9478,#9485),.PCURVE_S1.);
#9473 = CIRCLE('',#9474,2.25);
#9474 = AXIS2_PLACEMENT_3D('',#9475,#9476,#9477);
#9475 = CARTESIAN_POINT('',(-8.1,1.1,14.4));
#9476 = DIRECTION('',(0.,0.,1.));
#9477 = DIRECTION('',(-1.,-2.960594732334E-16,0.));
#9478 = PCURVE('',#8808,#9479);
#9479 = DEFINITIONAL_REPRESENTATION('',(#9480),#9484);
#9480 = LINE('',#9481,#9482);
#9481 = CARTESIAN_POINT('',(0.,1.570796326795));
#9482 = VECTOR('',#9483,1.);
#9483 = DIRECTION('',(1.,0.));
#9484 = ( GEOMETRIC_REPRESENTATION_CONTEXT(2) 
PARAMETRIC_REPRESENTATION_CONTEXT() REPRESENTATION_CONTEXT('2D SPACE',''
  ) );
#9485 = PCURVE('',#8861,#9486);
#9486 = DEFINITIONAL_REPRESENTATION('',(#9487),#9491);
#9487 = CIRCLE('',#9488,2.25);
#9488 = AXIS2_PLACEMENT_2D('',#9489,#9490);
#9489 = CARTESIAN_POINT('',(-12.8,-9.45));
#9490 = DIRECTION('',(-1.,0.));
#9491 = ( GEOMETRIC_REPRESENTATION_CONTEXT(2) 
PARAMETRIC_REPRESENTATION_CONTEXT() REPRESENTATION_CONTEXT('2D SPACE',''
  ) );
#9492 = ADVANCED_FACE('',(#9493),#8781,.F.);
#9493 = FACE_BOUND('',#9494,.F.);
#9494 = EDGE_LOOP('',(#9495,#9518,#9539,#9540));
#9495 = ORIENTED_EDGE('',*,*,#9496,.T.);
#9496 = EDGE_CURVE('',#9340,#9497,#9499,.T.);
#9497 = VERTEX_POINT('',#9498);
#9498 = CARTESIAN_POINT('',(-11.85,20.,12.9));
#9499 = SURFACE_CURVE('',#9500,(#9504,#9511),.PCURVE_S1.);
#9500 = LINE('',#9501,#9502);
#9501 = CARTESIAN_POINT('',(-11.85,20.,9.3));
#9502 = VECTOR('',#9503,1.);
#9503 = DIRECTION('',(0.,0.,1.));
#9504 = PCURVE('',#8781,#9505);
#9505 = DEFINITIONAL_REPRESENTATION('',(#9506),#9510);
#9506 = LINE('',#9507,#9508);
#9507 = CARTESIAN_POINT('',(3.75,0.));
#9508 = VECTOR('',#9509,1.);
#9509 = DIRECTION('',(0.,-1.));
#9510 = ( GEOMETRIC_REPRESENTATION_CONTEXT(2) 
PARAMETRIC_REPRESENTATION_CONTEXT() REPRESENTATION_CONTEXT('2D SPACE',''
  ) );
#9511 = PCURVE('',#9356,#9512);
#9512 = DEFINITIONAL_REPRESENTATION('',(#9513),#9517);
#9513 = LINE('',#9514,#9515);
#9514 = CARTESIAN_POINT('',(1.570796326795,0.));
#9515 = VECTOR('',#9516,1.);
#9516 = DIRECTION('',(0.,1.));
#9517 = ( GEOMETRIC_REPRESENTATION_CONTEXT(2) 
PARAMETRIC_REPRESENTATION_CONTEXT() REPRESENTATION_CONTEXT('2D SPACE',''
  ) );
#9518 = ORIENTED_EDGE('',*,*,#9519,.T.);
#9519 = EDGE_CURVE('',#9497,#8766,#9520,.T.);
#9520 = SURFACE_CURVE('',#9521,(#9525,#9532),.PCURVE_S1.);
#9521 = LINE('',#9522,#9523);
#9522 = CARTESIAN_POINT('',(-11.85,20.,12.9));
#9523 = VECTOR('',#9524,1.);
#9524 = DIRECTION('',(0.,-1.,0.));
#9525 = PCURVE('',#8781,#9526);
#9526 = DEFINITIONAL_REPRESENTATION('',(#9527),#9531);
#9527 = LINE('',#9528,#9529);
#9528 = CARTESIAN_POINT('',(3.75,-3.6));
#9529 = VECTOR('',#9530,1.);
#9530 = DIRECTION('',(1.,0.));
#9531 = ( GEOMETRIC_REPRESENTATION_CONTEXT(2) 
PARAMETRIC_REPRESENTATION_CONTEXT() REPRESENTATION_CONTEXT('2D SPACE',''
  ) );
#9532 = PCURVE('',#9458,#9533);
#9533 = DEFINITIONAL_REPRESENTATION('',(#9534),#9538);
#9534 = LINE('',#9535,#9536);
#9535 = CARTESIAN_POINT('',(-0.,0.));
#9536 = VECTOR('',#9537,1.);
#9537 = DIRECTION('',(-0.,1.));
#9538 = ( GEOMETRIC_REPRESENTATION_CONTEXT(2) 
PARAMETRIC_REPRESENTATION_CONTEXT() REPRESENTATION_CONTEXT('2D SPACE',''
  ) );
#9539 = ORIENTED_EDGE('',*,*,#8765,.F.);
#9540 = ORIENTED_EDGE('',*,*,#9368,.F.);
#9541 = ADVANCED_FACE('',(#9542,#9705,#9740),#8861,.T.);
#9542 = FACE_BOUND('',#9543,.T.);
#9543 = EDGE_LOOP('',(#9544,#9545,#9569,#9597,#9626,#9654,#9683,#9704));
#9544 = ORIENTED_EDGE('',*,*,#8845,.T.);
#9545 = ORIENTED_EDGE('',*,*,#9546,.T.);
#9546 = EDGE_CURVE('',#8846,#9547,#9549,.T.);
#9547 = VERTEX_POINT('',#9548);
#9548 = CARTESIAN_POINT('',(19.75,1.1,14.4));
#9549 = SURFACE_CURVE('',#9550,(#9555,#9562),.PCURVE_S1.);
#9550 = CIRCLE('',#9551,2.25);
#9551 = AXIS2_PLACEMENT_3D('',#9552,#9553,#9554);
#9552 = CARTESIAN_POINT('',(17.5,1.1,14.4));
#9553 = DIRECTION('',(0.,0.,1.));
#9554 = DIRECTION('',(0.,-1.,0.));
#9555 = PCURVE('',#8861,#9556);
#9556 = DEFINITIONAL_REPRESENTATION('',(#9557),#9561);
#9557 = CIRCLE('',#9558,2.25);
#9558 = AXIS2_PLACEMENT_2D('',#9559,#9560);
#9559 = CARTESIAN_POINT('',(12.8,-9.45));
#9560 = DIRECTION('',(0.,-1.));
#9561 = ( GEOMETRIC_REPRESENTATION_CONTEXT(2) 
PARAMETRIC_REPRESENTATION_CONTEXT() REPRESENTATION_CONTEXT('2D SPACE',''
  ) );
#9562 = PCURVE('',#8887,#9563);
#9563 = DEFINITIONAL_REPRESENTATION('',(#9564),#9568);
#9564 = LINE('',#9565,#9566);
#9565 = CARTESIAN_POINT('',(0.,1.570796326795));
#9566 = VECTOR('',#9567,1.);
#9567 = DIRECTION('',(1.,0.));
#9568 = ( GEOMETRIC_REPRESENTATION_CONTEXT(2) 
PARAMETRIC_REPRESENTATION_CONTEXT() REPRESENTATION_CONTEXT('2D SPACE',''
  ) );
#9569 = ORIENTED_EDGE('',*,*,#9570,.T.);
#9570 = EDGE_CURVE('',#9547,#9571,#9573,.T.);
#9571 = VERTEX_POINT('',#9572);
#9572 = CARTESIAN_POINT('',(19.75,20.,14.4));
#9573 = SURFACE_CURVE('',#9574,(#9578,#9585),.PCURVE_S1.);
#9574 = LINE('',#9575,#9576);
#9575 = CARTESIAN_POINT('',(19.75,1.1,14.4));
#9576 = VECTOR('',#9577,1.);
#9577 = DIRECTION('',(0.,1.,0.));
#9578 = PCURVE('',#8861,#9579);
#9579 = DEFINITIONAL_REPRESENTATION('',(#9580),#9584);
#9580 = LINE('',#9581,#9582);
#9581 = CARTESIAN_POINT('',(15.05,-9.45));
#9582 = VECTOR('',#9583,1.);
#9583 = DIRECTION('',(0.,1.));
#9584 = ( GEOMETRIC_REPRESENTATION_CONTEXT(2) 
PARAMETRIC_REPRESENTATION_CONTEXT() REPRESENTATION_CONTEXT('2D SPACE',''
  ) );
#9585 = PCURVE('',#9586,#9591);
#9586 = CYLINDRICAL_SURFACE('',#9587,1.5);
#9587 = AXIS2_PLACEMENT_3D('',#9588,#9589,#9590);
#9588 = CARTESIAN_POINT('',(19.75,1.1,12.9));
#9589 = DIRECTION('',(0.,1.,0.));
#9590 = DIRECTION('',(1.,0.,-0.));
#9591 = DEFINITIONAL_REPRESENTATION('',(#9592),#9596);
#9592 = LINE('',#9593,#9594);
#9593 = CARTESIAN_POINT('',(-1.570796326795,0.));
#9594 = VECTOR('',#9595,1.);
#9595 = DIRECTION('',(-0.,1.));
#9596 = ( GEOMETRIC_REPRESENTATION_CONTEXT(2) 
PARAMETRIC_REPRESENTATION_CONTEXT() REPRESENTATION_CONTEXT('2D SPACE',''
  ) );
#9597 = ORIENTED_EDGE('',*,*,#9598,.T.);
#9598 = EDGE_CURVE('',#9571,#9599,#9601,.T.);
#9599 = VERTEX_POINT('',#9600);
#9600 = CARTESIAN_POINT('',(17.5,22.25,14.4));
#9601 = SURFACE_CURVE('',#9602,(#9607,#9614),.PCURVE_S1.);
#9602 = CIRCLE('',#9603,2.25);
#9603 = AXIS2_PLACEMENT_3D('',#9604,#9605,#9606);
#9604 = CARTESIAN_POINT('',(17.5,20.,14.4));
#9605 = DIRECTION('',(0.,0.,1.));
#9606 = DIRECTION('',(1.,0.,-0.));
#9607 = PCURVE('',#8861,#9608);
#9608 = DEFINITIONAL_REPRESENTATION('',(#9609),#9613);
#9609 = CIRCLE('',#9610,2.25);
#9610 = AXIS2_PLACEMENT_2D('',#9611,#9612);
#9611 = CARTESIAN_POINT('',(12.8,9.45));
#9612 = DIRECTION('',(1.,0.));
#9613 = ( GEOMETRIC_REPRESENTATION_CONTEXT(2) 
PARAMETRIC_REPRESENTATION_CONTEXT() REPRESENTATION_CONTEXT('2D SPACE',''
  ) );
#9614 = PCURVE('',#9615,#9620);
#9615 = TOROIDAL_SURFACE('',#9616,2.25,1.5);
#9616 = AXIS2_PLACEMENT_3D('',#9617,#9618,#9619);
#9617 = CARTESIAN_POINT('',(17.5,20.,12.9));
#9618 = DIRECTION('',(0.,0.,1.));
#9619 = DIRECTION('',(1.,0.,-0.));
#9620 = DEFINITIONAL_REPRESENTATION('',(#9621),#9625);
#9621 = LINE('',#9622,#9623);
#9622 = CARTESIAN_POINT('',(0.,1.570796326795));
#9623 = VECTOR('',#9624,1.);
#9624 = DIRECTION('',(1.,0.));
#9625 = ( GEOMETRIC_REPRESENTATION_CONTEXT(2) 
PARAMETRIC_REPRESENTATION_CONTEXT() REPRESENTATION_CONTEXT('2D SPACE',''
  ) );
#9626 = ORIENTED_EDGE('',*,*,#9627,.T.);
#9627 = EDGE_CURVE('',#9599,#9628,#9630,.T.);
#9628 = VERTEX_POINT('',#9629);
#9629 = CARTESIAN_POINT('',(-8.1,22.25,14.4));
#9630 = SURFACE_CURVE('',#9631,(#9635,#9642),.PCURVE_S1.);
#9631 = LINE('',#9632,#9633);
#9632 = CARTESIAN_POINT('',(17.5,22.25,14.4));
#9633 = VECTOR('',#9634,1.);
#9634 = DIRECTION('',(-1.,0.,0.));
#9635 = PCURVE('',#8861,#9636);
#9636 = DEFINITIONAL_REPRESENTATION('',(#9637),#9641);
#9637 = LINE('',#9638,#9639);
#9638 = CARTESIAN_POINT('',(12.8,11.7));
#9639 = VECTOR('',#9640,1.);
#9640 = DIRECTION('',(-1.,0.));
#9641 = ( GEOMETRIC_REPRESENTATION_CONTEXT(2) 
PARAMETRIC_REPRESENTATION_CONTEXT() REPRESENTATION_CONTEXT('2D SPACE',''
  ) );
#9642 = PCURVE('',#9643,#9648);
#9643 = CYLINDRICAL_SURFACE('',#9644,1.5);
#9644 = AXIS2_PLACEMENT_3D('',#9645,#9646,#9647);
#9645 = CARTESIAN_POINT('',(17.5,22.25,12.9));
#9646 = DIRECTION('',(-1.,0.,0.));
#9647 = DIRECTION('',(0.,1.,-0.));
#9648 = DEFINITIONAL_REPRESENTATION('',(#9649),#9653);
#9649 = LINE('',#9650,#9651);
#9650 = CARTESIAN_POINT('',(-1.570796326795,0.));
#9651 = VECTOR('',#9652,1.);
#9652 = DIRECTION('',(-0.,1.));
#9653 = ( GEOMETRIC_REPRESENTATION_CONTEXT(2) 
PARAMETRIC_REPRESENTATION_CONTEXT() REPRESENTATION_CONTEXT('2D SPACE',''
  ) );
#9654 = ORIENTED_EDGE('',*,*,#9655,.T.);
#9655 = EDGE_CURVE('',#9628,#9656,#9658,.T.);
#9656 = VERTEX_POINT('',#9657);
#9657 = CARTESIAN_POINT('',(-10.35,20.,14.4));
#9658 = SURFACE_CURVE('',#9659,(#9664,#9671),.PCURVE_S1.);
#9659 = CIRCLE('',#9660,2.25);
#9660 = AXIS2_PLACEMENT_3D('',#9661,#9662,#9663);
#9661 = CARTESIAN_POINT('',(-8.1,20.,14.4));
#9662 = DIRECTION('',(0.,0.,1.));
#9663 = DIRECTION('',(0.,1.,-0.));
#9664 = PCURVE('',#8861,#9665);
#9665 = DEFINITIONAL_REPRESENTATION('',(#9666),#9670);
#9666 = CIRCLE('',#9667,2.25);
#9667 = AXIS2_PLACEMENT_2D('',#9668,#9669);
#9668 = CARTESIAN_POINT('',(-12.8,9.45));
#9669 = DIRECTION('',(0.,1.));
#9670 = ( GEOMETRIC_REPRESENTATION_CONTEXT(2) 
PARAMETRIC_REPRESENTATION_CONTEXT() REPRESENTATION_CONTEXT('2D SPACE',''
  ) );
#9671 = PCURVE('',#9672,#9677);
#9672 = TOROIDAL_SURFACE('',#9673,2.25,1.5);
#9673 = AXIS2_PLACEMENT_3D('',#9674,#9675,#9676);
#9674 = CARTESIAN_POINT('',(-8.1,20.,12.9));
#9675 = DIRECTION('',(0.,0.,1.));
#9676 = DIRECTION('',(0.,1.,-0.));
#9677 = DEFINITIONAL_REPRESENTATION('',(#9678),#9682);
#9678 = LINE('',#9679,#9680);
#9679 = CARTESIAN_POINT('',(0.,1.570796326795));
#9680 = VECTOR('',#9681,1.);
#9681 = DIRECTION('',(1.,0.));
#9682 = ( GEOMETRIC_REPRESENTATION_CONTEXT(2) 
PARAMETRIC_REPRESENTATION_CONTEXT() REPRESENTATION_CONTEXT('2D SPACE',''
  ) );
#9683 = ORIENTED_EDGE('',*,*,#9684,.T.);
#9684 = EDGE_CURVE('',#9656,#9443,#9685,.T.);
#9685 = SURFACE_CURVE('',#9686,(#9690,#9697),.PCURVE_S1.);
#9686 = LINE('',#9687,#9688);
#9687 = CARTESIAN_POINT('',(-10.35,20.,14.4));
#9688 = VECTOR('',#9689,1.);
#9689 = DIRECTION('',(0.,-1.,0.));
#9690 = PCURVE('',#8861,#9691);
#9691 = DEFINITIONAL_REPRESENTATION('',(#9692),#9696);
#9692 = LINE('',#9693,#9694);
#9693 = CARTESIAN_POINT('',(-15.05,9.45));
#9694 = VECTOR('',#9695,1.);
#9695 = DIRECTION('',(0.,-1.));
#9696 = ( GEOMETRIC_REPRESENTATION_CONTEXT(2) 
PARAMETRIC_REPRESENTATION_CONTEXT() REPRESENTATION_CONTEXT('2D SPACE',''
  ) );
#9697 = PCURVE('',#9458,#9698);
#9698 = DEFINITIONAL_REPRESENTATION('',(#9699),#9703);
#9699 = LINE('',#9700,#9701);
#9700 = CARTESIAN_POINT('',(-1.570796326795,0.));
#9701 = VECTOR('',#9702,1.);
#9702 = DIRECTION('',(-0.,1.));
#9703 = ( GEOMETRIC_REPRESENTATION_CONTEXT(2) 
PARAMETRIC_REPRESENTATION_CONTEXT() REPRESENTATION_CONTEXT('2D SPACE',''
  ) );
#9704 = ORIENTED_EDGE('',*,*,#9471,.T.);
#9705 = FACE_BOUND('',#9706,.T.);
#9706 = EDGE_LOOP('',(#9707));
#9707 = ORIENTED_EDGE('',*,*,#9708,.T.);
#9708 = EDGE_CURVE('',#9709,#9709,#9711,.T.);
#9709 = VERTEX_POINT('',#9710);
#9710 = CARTESIAN_POINT('',(3.85,2.4,14.4));
#9711 = SURFACE_CURVE('',#9712,(#9717,#9728),.PCURVE_S1.);
#9712 = CIRCLE('',#9713,0.75);
#9713 = AXIS2_PLACEMENT_3D('',#9714,#9715,#9716);
#9714 = CARTESIAN_POINT('',(3.1,2.4,14.4));
#9715 = DIRECTION('',(0.,0.,-1.));
#9716 = DIRECTION('',(1.,0.,0.));
#9717 = PCURVE('',#8861,#9718);
#9718 = DEFINITIONAL_REPRESENTATION('',(#9719),#9727);
#9719 = ( BOUNDED_CURVE() B_SPLINE_CURVE(2,(#9720,#9721,#9722,#9723,
#9724,#9725,#9726),.UNSPECIFIED.,.T.,.F.) B_SPLINE_CURVE_WITH_KNOTS((1,2
    ,2,2,2,1),(-2.094395102393,0.,2.094395102393,4.188790204786,
6.28318530718,8.377580409573),.UNSPECIFIED.) CURVE() 
GEOMETRIC_REPRESENTATION_ITEM() RATIONAL_B_SPLINE_CURVE((1.,0.5,1.,0.5,
1.,0.5,1.)) REPRESENTATION_ITEM('') );
#9720 = CARTESIAN_POINT('',(-0.85,-8.15));
#9721 = CARTESIAN_POINT('',(-0.85,-9.449038105677));
#9722 = CARTESIAN_POINT('',(-1.975,-8.799519052838));
#9723 = CARTESIAN_POINT('',(-3.1,-8.15));
#9724 = CARTESIAN_POINT('',(-1.975,-7.500480947162));
#9725 = CARTESIAN_POINT('',(-0.85,-6.850961894323));
#9726 = CARTESIAN_POINT('',(-0.85,-8.15));
#9727 = ( GEOMETRIC_REPRESENTATION_CONTEXT(2) 
PARAMETRIC_REPRESENTATION_CONTEXT() REPRESENTATION_CONTEXT('2D SPACE',''
  ) );
#9728 = PCURVE('',#9729,#9734);
#9729 = CYLINDRICAL_SURFACE('',#9730,0.75);
#9730 = AXIS2_PLACEMENT_3D('',#9731,#9732,#9733);
#9731 = CARTESIAN_POINT('',(3.1,2.4,11.8));
#9732 = DIRECTION('',(-0.,-0.,-1.));
#9733 = DIRECTION('',(1.,0.,0.));
#9734 = DEFINITIONAL_REPRESENTATION('',(#9735),#9739);
#9735 = LINE('',#9736,#9737);
#9736 = CARTESIAN_POINT('',(-6.28318530718,-2.6));
#9737 = VECTOR('',#9738,1.);
#9738 = DIRECTION('',(1.,-0.));
#9739 = ( GEOMETRIC_REPRESENTATION_CONTEXT(2) 
PARAMETRIC_REPRESENTATION_CONTEXT() REPRESENTATION_CONTEXT('2D SPACE',''
  ) );
#9740 = FACE_BOUND('',#9741,.T.);
#9741 = EDGE_LOOP('',(#9742,#9773,#9799,#9828,#9854,#9883,#9909,#9938));
#9742 = ORIENTED_EDGE('',*,*,#9743,.F.);
#9743 = EDGE_CURVE('',#9744,#9746,#9748,.T.);
#9744 = VERTEX_POINT('',#9745);
#9745 = CARTESIAN_POINT('',(-4.75,10.7,14.4));
#9746 = VERTEX_POINT('',#9747);
#9747 = CARTESIAN_POINT('',(-3.55,11.9,14.4));
#9748 = SURFACE_CURVE('',#9749,(#9754,#9761),.PCURVE_S1.);
#9749 = CIRCLE('',#9750,1.2);
#9750 = AXIS2_PLACEMENT_3D('',#9751,#9752,#9753);
#9751 = CARTESIAN_POINT('',(-4.75,11.9,14.4));
#9752 = DIRECTION('',(0.,0.,1.));
#9753 = DIRECTION('',(0.,-1.,0.));
#9754 = PCURVE('',#8861,#9755);
#9755 = DEFINITIONAL_REPRESENTATION('',(#9756),#9760);
#9756 = CIRCLE('',#9757,1.2);
#9757 = AXIS2_PLACEMENT_2D('',#9758,#9759);
#9758 = CARTESIAN_POINT('',(-9.45,1.35));
#9759 = DIRECTION('',(0.,-1.));
#9760 = ( GEOMETRIC_REPRESENTATION_CONTEXT(2) 
PARAMETRIC_REPRESENTATION_CONTEXT() REPRESENTATION_CONTEXT('2D SPACE',''
  ) );
#9761 = PCURVE('',#9762,#9767);
#9762 = CYLINDRICAL_SURFACE('',#9763,1.2);
#9763 = AXIS2_PLACEMENT_3D('',#9764,#9765,#9766);
#9764 = CARTESIAN_POINT('',(-4.75,11.9,11.8));
#9765 = DIRECTION('',(0.,0.,1.));
#9766 = DIRECTION('',(0.,-1.,0.));
#9767 = DEFINITIONAL_REPRESENTATION('',(#9768),#9772);
#9768 = LINE('',#9769,#9770);
#9769 = CARTESIAN_POINT('',(0.,2.6));
#9770 = VECTOR('',#9771,1.);
#9771 = DIRECTION('',(1.,0.));
#9772 = ( GEOMETRIC_REPRESENTATION_CONTEXT(2) 
PARAMETRIC_REPRESENTATION_CONTEXT() REPRESENTATION_CONTEXT('2D SPACE',''
  ) );
#9773 = ORIENTED_EDGE('',*,*,#9774,.T.);
#9774 = EDGE_CURVE('',#9744,#9775,#9777,.T.);
#9775 = VERTEX_POINT('',#9776);
#9776 = CARTESIAN_POINT('',(-5.55,10.7,14.4));
#9777 = SURFACE_CURVE('',#9778,(#9782,#9788),.PCURVE_S1.);
#9778 = LINE('',#9779,#9780);
#9779 = CARTESIAN_POINT('',(-1.025,10.7,14.4));
#9780 = VECTOR('',#9781,1.);
#9781 = DIRECTION('',(-1.,0.,0.));
#9782 = PCURVE('',#8861,#9783);
#9783 = DEFINITIONAL_REPRESENTATION('',(#9784),#9787);
#9784 = B_SPLINE_CURVE_WITH_KNOTS('',1,(#9785,#9786),.UNSPECIFIED.,.F.,
  .F.,(2,2),(3.725,4.525),.PIECEWISE_BEZIER_KNOTS.);
#9785 = CARTESIAN_POINT('',(-9.45,0.15));
#9786 = CARTESIAN_POINT('',(-10.25,0.15));
#9787 = ( GEOMETRIC_REPRESENTATION_CONTEXT(2) 
PARAMETRIC_REPRESENTATION_CONTEXT() REPRESENTATION_CONTEXT('2D SPACE',''
  ) );
#9788 = PCURVE('',#9789,#9794);
#9789 = PLANE('',#9790);
#9790 = AXIS2_PLACEMENT_3D('',#9791,#9792,#9793);
#9791 = CARTESIAN_POINT('',(-6.75,10.7,11.8));
#9792 = DIRECTION('',(0.,1.,0.));
#9793 = DIRECTION('',(1.,0.,0.));
#9794 = DEFINITIONAL_REPRESENTATION('',(#9795),#9798);
#9795 = B_SPLINE_CURVE_WITH_KNOTS('',1,(#9796,#9797),.UNSPECIFIED.,.F.,
  .F.,(2,2),(3.725,4.525),.PIECEWISE_BEZIER_KNOTS.);
#9796 = CARTESIAN_POINT('',(2.,-2.6));
#9797 = CARTESIAN_POINT('',(1.2,-2.6));
#9798 = ( GEOMETRIC_REPRESENTATION_CONTEXT(2) 
PARAMETRIC_REPRESENTATION_CONTEXT() REPRESENTATION_CONTEXT('2D SPACE',''
  ) );
#9799 = ORIENTED_EDGE('',*,*,#9800,.F.);
#9800 = EDGE_CURVE('',#9801,#9775,#9803,.T.);
#9801 = VERTEX_POINT('',#9802);
#9802 = CARTESIAN_POINT('',(-6.75,11.9,14.4));
#9803 = SURFACE_CURVE('',#9804,(#9809,#9816),.PCURVE_S1.);
#9804 = CIRCLE('',#9805,1.2);
#9805 = AXIS2_PLACEMENT_3D('',#9806,#9807,#9808);
#9806 = CARTESIAN_POINT('',(-5.55,11.9,14.4));
#9807 = DIRECTION('',(0.,0.,1.));
#9808 = DIRECTION('',(0.,-1.,0.));
#9809 = PCURVE('',#8861,#9810);
#9810 = DEFINITIONAL_REPRESENTATION('',(#9811),#9815);
#9811 = CIRCLE('',#9812,1.2);
#9812 = AXIS2_PLACEMENT_2D('',#9813,#9814);
#9813 = CARTESIAN_POINT('',(-10.25,1.35));
#9814 = DIRECTION('',(0.,-1.));
#9815 = ( GEOMETRIC_REPRESENTATION_CONTEXT(2) 
PARAMETRIC_REPRESENTATION_CONTEXT() REPRESENTATION_CONTEXT('2D SPACE',''
  ) );
#9816 = PCURVE('',#9817,#9822);
#9817 = CYLINDRICAL_SURFACE('',#9818,1.2);
#9818 = AXIS2_PLACEMENT_3D('',#9819,#9820,#9821);
#9819 = CARTESIAN_POINT('',(-5.55,11.9,11.8));
#9820 = DIRECTION('',(0.,0.,1.));
#9821 = DIRECTION('',(0.,-1.,0.));
#9822 = DEFINITIONAL_REPRESENTATION('',(#9823),#9827);
#9823 = LINE('',#9824,#9825);
#9824 = CARTESIAN_POINT('',(-6.28318530718,2.6));
#9825 = VECTOR('',#9826,1.);
#9826 = DIRECTION('',(1.,-0.));
#9827 = ( GEOMETRIC_REPRESENTATION_CONTEXT(2) 
PARAMETRIC_REPRESENTATION_CONTEXT() REPRESENTATION_CONTEXT('2D SPACE',''
  ) );
#9828 = ORIENTED_EDGE('',*,*,#9829,.T.);
#9829 = EDGE_CURVE('',#9801,#9830,#9832,.T.);
#9830 = VERTEX_POINT('',#9831);
#9831 = CARTESIAN_POINT('',(-6.75,16.2,14.4));
#9832 = SURFACE_CURVE('',#9833,(#9837,#9843),.PCURVE_S1.);
#9833 = LINE('',#9834,#9835);
#9834 = CARTESIAN_POINT('',(-6.75,13.975,14.4));
#9835 = VECTOR('',#9836,1.);
#9836 = DIRECTION('',(-0.,1.,0.));
#9837 = PCURVE('',#8861,#9838);
#9838 = DEFINITIONAL_REPRESENTATION('',(#9839),#9842);
#9839 = B_SPLINE_CURVE_WITH_KNOTS('',1,(#9840,#9841),.UNSPECIFIED.,.F.,
  .F.,(2,2),(-2.075,2.225),.PIECEWISE_BEZIER_KNOTS.);
#9840 = CARTESIAN_POINT('',(-11.45,1.35));
#9841 = CARTESIAN_POINT('',(-11.45,5.65));
#9842 = ( GEOMETRIC_REPRESENTATION_CONTEXT(2) 
PARAMETRIC_REPRESENTATION_CONTEXT() REPRESENTATION_CONTEXT('2D SPACE',''
  ) );
#9843 = PCURVE('',#9844,#9849);
#9844 = PLANE('',#9845);
#9845 = AXIS2_PLACEMENT_3D('',#9846,#9847,#9848);
#9846 = CARTESIAN_POINT('',(-6.75,17.4,11.8));
#9847 = DIRECTION('',(1.,0.,-0.));
#9848 = DIRECTION('',(0.,-1.,0.));
#9849 = DEFINITIONAL_REPRESENTATION('',(#9850),#9853);
#9850 = B_SPLINE_CURVE_WITH_KNOTS('',1,(#9851,#9852),.UNSPECIFIED.,.F.,
  .F.,(2,2),(-2.075,2.225),.PIECEWISE_BEZIER_KNOTS.);
#9851 = CARTESIAN_POINT('',(5.5,-2.6));
#9852 = CARTESIAN_POINT('',(1.2,-2.6));
#9853 = ( GEOMETRIC_REPRESENTATION_CONTEXT(2) 
PARAMETRIC_REPRESENTATION_CONTEXT() REPRESENTATION_CONTEXT('2D SPACE',''
  ) );
#9854 = ORIENTED_EDGE('',*,*,#9855,.F.);
#9855 = EDGE_CURVE('',#9856,#9830,#9858,.T.);
#9856 = VERTEX_POINT('',#9857);
#9857 = CARTESIAN_POINT('',(-5.55,17.4,14.4));
#9858 = SURFACE_CURVE('',#9859,(#9864,#9871),.PCURVE_S1.);
#9859 = CIRCLE('',#9860,1.2);
#9860 = AXIS2_PLACEMENT_3D('',#9861,#9862,#9863);
#9861 = CARTESIAN_POINT('',(-5.55,16.2,14.4));
#9862 = DIRECTION('',(0.,0.,1.));
#9863 = DIRECTION('',(-0.,1.,0.));
#9864 = PCURVE('',#8861,#9865);
#9865 = DEFINITIONAL_REPRESENTATION('',(#9866),#9870);
#9866 = CIRCLE('',#9867,1.2);
#9867 = AXIS2_PLACEMENT_2D('',#9868,#9869);
#9868 = CARTESIAN_POINT('',(-10.25,5.65));
#9869 = DIRECTION('',(0.,1.));
#9870 = ( GEOMETRIC_REPRESENTATION_CONTEXT(2) 
PARAMETRIC_REPRESENTATION_CONTEXT() REPRESENTATION_CONTEXT('2D SPACE',''
  ) );
#9871 = PCURVE('',#9872,#9877);
#9872 = CYLINDRICAL_SURFACE('',#9873,1.2);
#9873 = AXIS2_PLACEMENT_3D('',#9874,#9875,#9876);
#9874 = CARTESIAN_POINT('',(-5.55,16.2,11.8));
#9875 = DIRECTION('',(0.,0.,1.));
#9876 = DIRECTION('',(-0.,1.,0.));
#9877 = DEFINITIONAL_REPRESENTATION('',(#9878),#9882);
#9878 = LINE('',#9879,#9880);
#9879 = CARTESIAN_POINT('',(0.,2.6));
#9880 = VECTOR('',#9881,1.);
#9881 = DIRECTION('',(1.,0.));
#9882 = ( GEOMETRIC_REPRESENTATION_CONTEXT(2) 
PARAMETRIC_REPRESENTATION_CONTEXT() REPRESENTATION_CONTEXT('2D SPACE',''
  ) );
#9883 = ORIENTED_EDGE('',*,*,#9884,.T.);
#9884 = EDGE_CURVE('',#9856,#9885,#9887,.T.);
#9885 = VERTEX_POINT('',#9886);
#9886 = CARTESIAN_POINT('',(-4.75,17.4,14.4));
#9887 = SURFACE_CURVE('',#9888,(#9892,#9898),.PCURVE_S1.);
#9888 = LINE('',#9889,#9890);
#9889 = CARTESIAN_POINT('',(0.575,17.4,14.4));
#9890 = VECTOR('',#9891,1.);
#9891 = DIRECTION('',(1.,0.,-0.));
#9892 = PCURVE('',#8861,#9893);
#9893 = DEFINITIONAL_REPRESENTATION('',(#9894),#9897);
#9894 = B_SPLINE_CURVE_WITH_KNOTS('',1,(#9895,#9896),.UNSPECIFIED.,.F.,
  .F.,(2,2),(-6.125,-5.325),.PIECEWISE_BEZIER_KNOTS.);
#9895 = CARTESIAN_POINT('',(-10.25,6.85));
#9896 = CARTESIAN_POINT('',(-9.45,6.85));
#9897 = ( GEOMETRIC_REPRESENTATION_CONTEXT(2) 
PARAMETRIC_REPRESENTATION_CONTEXT() REPRESENTATION_CONTEXT('2D SPACE',''
  ) );
#9898 = PCURVE('',#9899,#9904);
#9899 = PLANE('',#9900);
#9900 = AXIS2_PLACEMENT_3D('',#9901,#9902,#9903);
#9901 = CARTESIAN_POINT('',(-3.55,17.4,11.8));
#9902 = DIRECTION('',(0.,-1.,0.));
#9903 = DIRECTION('',(-1.,0.,0.));
#9904 = DEFINITIONAL_REPRESENTATION('',(#9905),#9908);
#9905 = B_SPLINE_CURVE_WITH_KNOTS('',1,(#9906,#9907),.UNSPECIFIED.,.F.,
  .F.,(2,2),(-6.125,-5.325),.PIECEWISE_BEZIER_KNOTS.);
#9906 = CARTESIAN_POINT('',(2.,-2.6));
#9907 = CARTESIAN_POINT('',(1.2,-2.6));
#9908 = ( GEOMETRIC_REPRESENTATION_CONTEXT(2) 
PARAMETRIC_REPRESENTATION_CONTEXT() REPRESENTATION_CONTEXT('2D SPACE',''
  ) );
#9909 = ORIENTED_EDGE('',*,*,#9910,.F.);
#9910 = EDGE_CURVE('',#9911,#9885,#9913,.T.);
#9911 = VERTEX_POINT('',#9912);
#9912 = CARTESIAN_POINT('',(-3.55,16.2,14.4));
#9913 = SURFACE_CURVE('',#9914,(#9919,#9926),.PCURVE_S1.);
#9914 = CIRCLE('',#9915,1.2);
#9915 = AXIS2_PLACEMENT_3D('',#9916,#9917,#9918);
#9916 = CARTESIAN_POINT('',(-4.75,16.2,14.4));
#9917 = DIRECTION('',(0.,0.,1.));
#9918 = DIRECTION('',(1.,0.,-0.));
#9919 = PCURVE('',#8861,#9920);
#9920 = DEFINITIONAL_REPRESENTATION('',(#9921),#9925);
#9921 = CIRCLE('',#9922,1.2);
#9922 = AXIS2_PLACEMENT_2D('',#9923,#9924);
#9923 = CARTESIAN_POINT('',(-9.45,5.65));
#9924 = DIRECTION('',(1.,0.));
#9925 = ( GEOMETRIC_REPRESENTATION_CONTEXT(2) 
PARAMETRIC_REPRESENTATION_CONTEXT() REPRESENTATION_CONTEXT('2D SPACE',''
  ) );
#9926 = PCURVE('',#9927,#9932);
#9927 = CYLINDRICAL_SURFACE('',#9928,1.2);
#9928 = AXIS2_PLACEMENT_3D('',#9929,#9930,#9931);
#9929 = CARTESIAN_POINT('',(-4.75,16.2,11.8));
#9930 = DIRECTION('',(0.,0.,1.));
#9931 = DIRECTION('',(1.,0.,-0.));
#9932 = DEFINITIONAL_REPRESENTATION('',(#9933),#9937);
#9933 = LINE('',#9934,#9935);
#9934 = CARTESIAN_POINT('',(0.,2.6));
#9935 = VECTOR('',#9936,1.);
#9936 = DIRECTION('',(1.,0.));
#9937 = ( GEOMETRIC_REPRESENTATION_CONTEXT(2) 
PARAMETRIC_REPRESENTATION_CONTEXT() REPRESENTATION_CONTEXT('2D SPACE',''
  ) );
#9938 = ORIENTED_EDGE('',*,*,#9939,.T.);
#9939 = EDGE_CURVE('',#9911,#9746,#9940,.T.);
#9940 = SURFACE_CURVE('',#9941,(#9945,#9951),.PCURVE_S1.);
#9941 = LINE('',#9942,#9943);
#9942 = CARTESIAN_POINT('',(-3.55,10.625,14.4));
#9943 = VECTOR('',#9944,1.);
#9944 = DIRECTION('',(0.,-1.,0.));
#9945 = PCURVE('',#8861,#9946);
#9946 = DEFINITIONAL_REPRESENTATION('',(#9947),#9950);
#9947 = B_SPLINE_CURVE_WITH_KNOTS('',1,(#9948,#9949),.UNSPECIFIED.,.F.,
  .F.,(2,2),(-5.575,-1.275),.PIECEWISE_BEZIER_KNOTS.);
#9948 = CARTESIAN_POINT('',(-8.25,5.65));
#9949 = CARTESIAN_POINT('',(-8.25,1.35));
#9950 = ( GEOMETRIC_REPRESENTATION_CONTEXT(2) 
PARAMETRIC_REPRESENTATION_CONTEXT() REPRESENTATION_CONTEXT('2D SPACE',''
  ) );
#9951 = PCURVE('',#9952,#9957);
#9952 = PLANE('',#9953);
#9953 = AXIS2_PLACEMENT_3D('',#9954,#9955,#9956);
#9954 = CARTESIAN_POINT('',(-3.55,10.7,11.8));
#9955 = DIRECTION('',(-1.,0.,0.));
#9956 = DIRECTION('',(0.,1.,0.));
#9957 = DEFINITIONAL_REPRESENTATION('',(#9958),#9961);
#9958 = B_SPLINE_CURVE_WITH_KNOTS('',1,(#9959,#9960),.UNSPECIFIED.,.F.,
  .F.,(2,2),(-5.575,-1.275),.PIECEWISE_BEZIER_KNOTS.);
#9959 = CARTESIAN_POINT('',(5.5,-2.6));
#9960 = CARTESIAN_POINT('',(1.2,-2.6));
#9961 = ( GEOMETRIC_REPRESENTATION_CONTEXT(2) 
PARAMETRIC_REPRESENTATION_CONTEXT() REPRESENTATION_CONTEXT('2D SPACE',''
  ) );
#9962 = ADVANCED_FACE('',(#9963),#8887,.T.);
#9963 = FACE_BOUND('',#9964,.T.);
#9964 = EDGE_LOOP('',(#9965,#9966,#9967,#9987));
#9965 = ORIENTED_EDGE('',*,*,#8873,.F.);
#9966 = ORIENTED_EDGE('',*,*,#9417,.T.);
#9967 = ORIENTED_EDGE('',*,*,#9968,.T.);
#9968 = EDGE_CURVE('',#9395,#9547,#9969,.T.);
#9969 = SURFACE_CURVE('',#9970,(#9975,#9981),.PCURVE_S1.);
#9970 = CIRCLE('',#9971,1.5);
#9971 = AXIS2_PLACEMENT_3D('',#9972,#9973,#9974);
#9972 = CARTESIAN_POINT('',(19.75,1.1,12.9));
#9973 = DIRECTION('',(-6.123233995737E-17,-1.,0.));
#9974 = DIRECTION('',(1.,-6.123233995737E-17,0.));
#9975 = PCURVE('',#8887,#9976);
#9976 = DEFINITIONAL_REPRESENTATION('',(#9977),#9980);
#9977 = B_SPLINE_CURVE_WITH_KNOTS('',1,(#9978,#9979),.UNSPECIFIED.,.F.,
  .F.,(2,2),(0.,1.570796326795),.PIECEWISE_BEZIER_KNOTS.);
#9978 = CARTESIAN_POINT('',(1.570796326795,0.));
#9979 = CARTESIAN_POINT('',(1.570796326795,1.570796326795));
#9980 = ( GEOMETRIC_REPRESENTATION_CONTEXT(2) 
PARAMETRIC_REPRESENTATION_CONTEXT() REPRESENTATION_CONTEXT('2D SPACE',''
  ) );
#9981 = PCURVE('',#9586,#9982);
#9982 = DEFINITIONAL_REPRESENTATION('',(#9983),#9986);
#9983 = B_SPLINE_CURVE_WITH_KNOTS('',1,(#9984,#9985),.UNSPECIFIED.,.F.,
  .F.,(2,2),(0.,1.570796326795),.PIECEWISE_BEZIER_KNOTS.);
#9984 = CARTESIAN_POINT('',(0.,0.));
#9985 = CARTESIAN_POINT('',(-1.570796326795,0.));
#9986 = ( GEOMETRIC_REPRESENTATION_CONTEXT(2) 
PARAMETRIC_REPRESENTATION_CONTEXT() REPRESENTATION_CONTEXT('2D SPACE',''
  ) );
#9987 = ORIENTED_EDGE('',*,*,#9546,.F.);
#9988 = ADVANCED_FACE('',(#9989),#9356,.T.);
#9989 = FACE_BOUND('',#9990,.T.);
#9990 = EDGE_LOOP('',(#9991,#10014,#10015,#10016));
#9991 = ORIENTED_EDGE('',*,*,#9992,.F.);
#9992 = EDGE_CURVE('',#9312,#9993,#9995,.T.);
#9993 = VERTEX_POINT('',#9994);
#9994 = CARTESIAN_POINT('',(-8.1,23.75,12.9));
#9995 = SURFACE_CURVE('',#9996,(#10000,#10007),.PCURVE_S1.);
#9996 = LINE('',#9997,#9998);
#9997 = CARTESIAN_POINT('',(-8.1,23.75,9.3));
#9998 = VECTOR('',#9999,1.);
#9999 = DIRECTION('',(0.,0.,1.));
#10000 = PCURVE('',#9356,#10001);
#10001 = DEFINITIONAL_REPRESENTATION('',(#10002),#10006);
#10002 = LINE('',#10003,#10004);
#10003 = CARTESIAN_POINT('',(0.,0.));
#10004 = VECTOR('',#10005,1.);
#10005 = DIRECTION('',(0.,1.));
#10006 = ( GEOMETRIC_REPRESENTATION_CONTEXT(2) 
PARAMETRIC_REPRESENTATION_CONTEXT() REPRESENTATION_CONTEXT('2D SPACE',''
  ) );
#10007 = PCURVE('',#9327,#10008);
#10008 = DEFINITIONAL_REPRESENTATION('',(#10009),#10013);
#10009 = LINE('',#10010,#10011);
#10010 = CARTESIAN_POINT('',(29.35,0.));
#10011 = VECTOR('',#10012,1.);
#10012 = DIRECTION('',(0.,-1.));
#10013 = ( GEOMETRIC_REPRESENTATION_CONTEXT(2) 
PARAMETRIC_REPRESENTATION_CONTEXT() REPRESENTATION_CONTEXT('2D SPACE',''
  ) );
#10014 = ORIENTED_EDGE('',*,*,#9339,.T.);
#10015 = ORIENTED_EDGE('',*,*,#9496,.T.);
#10016 = ORIENTED_EDGE('',*,*,#10017,.F.);
#10017 = EDGE_CURVE('',#9993,#9497,#10018,.T.);
#10018 = SURFACE_CURVE('',#10019,(#10024,#10031),.PCURVE_S1.);
#10019 = CIRCLE('',#10020,3.75);
#10020 = AXIS2_PLACEMENT_3D('',#10021,#10022,#10023);
#10021 = CARTESIAN_POINT('',(-8.1,20.,12.9));
#10022 = DIRECTION('',(0.,0.,1.));
#10023 = DIRECTION('',(0.,1.,-0.));
#10024 = PCURVE('',#9356,#10025);
#10025 = DEFINITIONAL_REPRESENTATION('',(#10026),#10030);
#10026 = LINE('',#10027,#10028);
#10027 = CARTESIAN_POINT('',(0.,3.6));
#10028 = VECTOR('',#10029,1.);
#10029 = DIRECTION('',(1.,0.));
#10030 = ( GEOMETRIC_REPRESENTATION_CONTEXT(2) 
PARAMETRIC_REPRESENTATION_CONTEXT() REPRESENTATION_CONTEXT('2D SPACE',''
  ) );
#10031 = PCURVE('',#9672,#10032);
#10032 = DEFINITIONAL_REPRESENTATION('',(#10033),#10037);
#10033 = LINE('',#10034,#10035);
#10034 = CARTESIAN_POINT('',(0.,0.));
#10035 = VECTOR('',#10036,1.);
#10036 = DIRECTION('',(1.,0.));
#10037 = ( GEOMETRIC_REPRESENTATION_CONTEXT(2) 
PARAMETRIC_REPRESENTATION_CONTEXT() REPRESENTATION_CONTEXT('2D SPACE',''
  ) );
#10038 = ADVANCED_FACE('',(#10039),#9327,.F.);
#10039 = FACE_BOUND('',#10040,.F.);
#10040 = EDGE_LOOP('',(#10041,#10072,#10093,#10094,#10095));
#10041 = ORIENTED_EDGE('',*,*,#10042,.F.);
#10042 = EDGE_CURVE('',#10043,#10045,#10047,.T.);
#10043 = VERTEX_POINT('',#10044);
#10044 = CARTESIAN_POINT('',(2.667949192431,23.75,12.9));
#10045 = VERTEX_POINT('',#10046);
#10046 = CARTESIAN_POINT('',(2.4,23.75,11.9));
#10047 = SURFACE_CURVE('',#10048,(#10053,#10060),.PCURVE_S1.);
#10048 = CIRCLE('',#10049,2.);
#10049 = AXIS2_PLACEMENT_3D('',#10050,#10051,#10052);
#10050 = CARTESIAN_POINT('',(4.4,23.75,11.9));
#10051 = DIRECTION('',(0.,-1.,0.));
#10052 = DIRECTION('',(-1.,0.,0.));
#10053 = PCURVE('',#9327,#10054);
#10054 = DEFINITIONAL_REPRESENTATION('',(#10055),#10059);
#10055 = CIRCLE('',#10056,2.);
#10056 = AXIS2_PLACEMENT_2D('',#10057,#10058);
#10057 = CARTESIAN_POINT('',(16.85,-2.6));
#10058 = DIRECTION('',(1.,0.));
#10059 = ( GEOMETRIC_REPRESENTATION_CONTEXT(2) 
PARAMETRIC_REPRESENTATION_CONTEXT() REPRESENTATION_CONTEXT('2D SPACE',''
  ) );
#10060 = PCURVE('',#10061,#10066);
#10061 = CYLINDRICAL_SURFACE('',#10062,2.);
#10062 = AXIS2_PLACEMENT_3D('',#10063,#10064,#10065);
#10063 = CARTESIAN_POINT('',(4.4,24.75,11.9));
#10064 = DIRECTION('',(0.,-1.,0.));
#10065 = DIRECTION('',(-1.,-0.,0.));
#10066 = DEFINITIONAL_REPRESENTATION('',(#10067),#10071);
#10067 = LINE('',#10068,#10069);
#10068 = CARTESIAN_POINT('',(-6.28318530718,1.));
#10069 = VECTOR('',#10070,1.);
#10070 = DIRECTION('',(1.,-0.));
#10071 = ( GEOMETRIC_REPRESENTATION_CONTEXT(2) 
PARAMETRIC_REPRESENTATION_CONTEXT() REPRESENTATION_CONTEXT('2D SPACE',''
  ) );
#10072 = ORIENTED_EDGE('',*,*,#10073,.T.);
#10073 = EDGE_CURVE('',#10043,#9993,#10074,.T.);
#10074 = SURFACE_CURVE('',#10075,(#10079,#10086),.PCURVE_S1.);
#10075 = LINE('',#10076,#10077);
#10076 = CARTESIAN_POINT('',(17.5,23.75,12.9));
#10077 = VECTOR('',#10078,1.);
#10078 = DIRECTION('',(-1.,0.,0.));
#10079 = PCURVE('',#9327,#10080);
#10080 = DEFINITIONAL_REPRESENTATION('',(#10081),#10085);
#10081 = LINE('',#10082,#10083);
#10082 = CARTESIAN_POINT('',(3.75,-3.6));
#10083 = VECTOR('',#10084,1.);
#10084 = DIRECTION('',(1.,0.));
#10085 = ( GEOMETRIC_REPRESENTATION_CONTEXT(2) 
PARAMETRIC_REPRESENTATION_CONTEXT() REPRESENTATION_CONTEXT('2D SPACE',''
  ) );
#10086 = PCURVE('',#9643,#10087);
#10087 = DEFINITIONAL_REPRESENTATION('',(#10088),#10092);
#10088 = LINE('',#10089,#10090);
#10089 = CARTESIAN_POINT('',(-0.,0.));
#10090 = VECTOR('',#10091,1.);
#10091 = DIRECTION('',(-0.,1.));
#10092 = ( GEOMETRIC_REPRESENTATION_CONTEXT(2) 
PARAMETRIC_REPRESENTATION_CONTEXT() REPRESENTATION_CONTEXT('2D SPACE',''
  ) );
#10093 = ORIENTED_EDGE('',*,*,#9992,.F.);
#10094 = ORIENTED_EDGE('',*,*,#9311,.F.);
#10095 = ORIENTED_EDGE('',*,*,#10096,.T.);
#10096 = EDGE_CURVE('',#9286,#10045,#10097,.T.);
#10097 = SURFACE_CURVE('',#10098,(#10102,#10108),.PCURVE_S1.);
#10098 = LINE('',#10099,#10100);
#10099 = CARTESIAN_POINT('',(2.4,23.75,8.1));
#10100 = VECTOR('',#10101,1.);
#10101 = DIRECTION('',(0.,0.,1.));
#10102 = PCURVE('',#9327,#10103);
#10103 = DEFINITIONAL_REPRESENTATION('',(#10104),#10107);
#10104 = B_SPLINE_CURVE_WITH_KNOTS('',1,(#10105,#10106),.UNSPECIFIED.,
  .F.,.F.,(2,2),(1.2,3.8),.PIECEWISE_BEZIER_KNOTS.);
#10105 = CARTESIAN_POINT('',(18.85,0.));
#10106 = CARTESIAN_POINT('',(18.85,-2.6));
#10107 = ( GEOMETRIC_REPRESENTATION_CONTEXT(2) 
PARAMETRIC_REPRESENTATION_CONTEXT() REPRESENTATION_CONTEXT('2D SPACE',''
  ) );
#10108 = PCURVE('',#9300,#10109);
#10109 = DEFINITIONAL_REPRESENTATION('',(#10110),#10113);
#10110 = B_SPLINE_CURVE_WITH_KNOTS('',1,(#10111,#10112),.UNSPECIFIED.,
  .F.,.F.,(2,2),(1.2,3.8),.PIECEWISE_BEZIER_KNOTS.);
#10111 = CARTESIAN_POINT('',(1.,-2.4));
#10112 = CARTESIAN_POINT('',(1.,-5.));
#10113 = ( GEOMETRIC_REPRESENTATION_CONTEXT(2) 
PARAMETRIC_REPRESENTATION_CONTEXT() REPRESENTATION_CONTEXT('2D SPACE',''
  ) );
#10114 = ADVANCED_FACE('',(#10115),#9300,.T.);
#10115 = FACE_BOUND('',#10116,.T.);
#10116 = EDGE_LOOP('',(#10117,#10147,#10166,#10167,#10168,#10191));
#10117 = ORIENTED_EDGE('',*,*,#10118,.F.);
#10118 = EDGE_CURVE('',#10119,#10121,#10123,.T.);
#10119 = VERTEX_POINT('',#10120);
#10120 = CARTESIAN_POINT('',(2.4,22.6,8.9));
#10121 = VERTEX_POINT('',#10122);
#10122 = CARTESIAN_POINT('',(2.4,22.55,8.9));
#10123 = SURFACE_CURVE('',#10124,(#10128,#10135),.PCURVE_S1.);
#10124 = LINE('',#10125,#10126);
#10125 = CARTESIAN_POINT('',(2.4,24.75,8.9));
#10126 = VECTOR('',#10127,1.);
#10127 = DIRECTION('',(0.,-1.,0.));
#10128 = PCURVE('',#9300,#10129);
#10129 = DEFINITIONAL_REPRESENTATION('',(#10130),#10134);
#10130 = LINE('',#10131,#10132);
#10131 = CARTESIAN_POINT('',(0.,-2.));
#10132 = VECTOR('',#10133,1.);
#10133 = DIRECTION('',(1.,0.));
#10134 = ( GEOMETRIC_REPRESENTATION_CONTEXT(2) 
PARAMETRIC_REPRESENTATION_CONTEXT() REPRESENTATION_CONTEXT('2D SPACE',''
  ) );
#10135 = PCURVE('',#10136,#10141);
#10136 = CYLINDRICAL_SURFACE('',#10137,2.);
#10137 = AXIS2_PLACEMENT_3D('',#10138,#10139,#10140);
#10138 = CARTESIAN_POINT('',(4.4,24.75,8.9));
#10139 = DIRECTION('',(0.,-1.,0.));
#10140 = DIRECTION('',(-1.,-0.,0.));
#10141 = DEFINITIONAL_REPRESENTATION('',(#10142),#10146);
#10142 = LINE('',#10143,#10144);
#10143 = CARTESIAN_POINT('',(0.,0.));
#10144 = VECTOR('',#10145,1.);
#10145 = DIRECTION('',(0.,1.));
#10146 = ( GEOMETRIC_REPRESENTATION_CONTEXT(2) 
PARAMETRIC_REPRESENTATION_CONTEXT() REPRESENTATION_CONTEXT('2D SPACE',''
  ) );
#10147 = ORIENTED_EDGE('',*,*,#10148,.T.);
#10148 = EDGE_CURVE('',#10119,#9260,#10149,.T.);
#10149 = SURFACE_CURVE('',#10150,(#10154,#10160),.PCURVE_S1.);
#10150 = LINE('',#10151,#10152);
#10151 = CARTESIAN_POINT('',(2.4,22.6,7.4));
#10152 = VECTOR('',#10153,1.);
#10153 = DIRECTION('',(0.,0.,1.));
#10154 = PCURVE('',#9300,#10155);
#10155 = DEFINITIONAL_REPRESENTATION('',(#10156),#10159);
#10156 = B_SPLINE_CURVE_WITH_KNOTS('',1,(#10157,#10158),.UNSPECIFIED.,
  .F.,.F.,(2,2),(1.5,1.9),.PIECEWISE_BEZIER_KNOTS.);
#10157 = CARTESIAN_POINT('',(2.15,-2.));
#10158 = CARTESIAN_POINT('',(2.15,-2.4));
#10159 = ( GEOMETRIC_REPRESENTATION_CONTEXT(2) 
PARAMETRIC_REPRESENTATION_CONTEXT() REPRESENTATION_CONTEXT('2D SPACE',''
  ) );
#10160 = PCURVE('',#9274,#10161);
#10161 = DEFINITIONAL_REPRESENTATION('',(#10162),#10165);
#10162 = B_SPLINE_CURVE_WITH_KNOTS('',1,(#10163,#10164),.UNSPECIFIED.,
  .F.,.F.,(2,2),(1.5,1.9),.PIECEWISE_BEZIER_KNOTS.);
#10163 = CARTESIAN_POINT('',(17.7,-1.));
#10164 = CARTESIAN_POINT('',(17.7,-1.4));
#10165 = ( GEOMETRIC_REPRESENTATION_CONTEXT(2) 
PARAMETRIC_REPRESENTATION_CONTEXT() REPRESENTATION_CONTEXT('2D SPACE',''
  ) );
#10166 = ORIENTED_EDGE('',*,*,#9285,.T.);
#10167 = ORIENTED_EDGE('',*,*,#10096,.T.);
#10168 = ORIENTED_EDGE('',*,*,#10169,.T.);
#10169 = EDGE_CURVE('',#10045,#10170,#10172,.T.);
#10170 = VERTEX_POINT('',#10171);
#10171 = CARTESIAN_POINT('',(2.4,22.55,11.9));
#10172 = SURFACE_CURVE('',#10173,(#10177,#10184),.PCURVE_S1.);
#10173 = LINE('',#10174,#10175);
#10174 = CARTESIAN_POINT('',(2.4,24.75,11.9));
#10175 = VECTOR('',#10176,1.);
#10176 = DIRECTION('',(0.,-1.,0.));
#10177 = PCURVE('',#9300,#10178);
#10178 = DEFINITIONAL_REPRESENTATION('',(#10179),#10183);
#10179 = LINE('',#10180,#10181);
#10180 = CARTESIAN_POINT('',(0.,-5.));
#10181 = VECTOR('',#10182,1.);
#10182 = DIRECTION('',(1.,0.));
#10183 = ( GEOMETRIC_REPRESENTATION_CONTEXT(2) 
PARAMETRIC_REPRESENTATION_CONTEXT() REPRESENTATION_CONTEXT('2D SPACE',''
  ) );
#10184 = PCURVE('',#10061,#10185);
#10185 = DEFINITIONAL_REPRESENTATION('',(#10186),#10190);
#10186 = LINE('',#10187,#10188);
#10187 = CARTESIAN_POINT('',(-0.,0.));
#10188 = VECTOR('',#10189,1.);
#10189 = DIRECTION('',(-0.,1.));
#10190 = ( GEOMETRIC_REPRESENTATION_CONTEXT(2) 
PARAMETRIC_REPRESENTATION_CONTEXT() REPRESENTATION_CONTEXT('2D SPACE',''
  ) );
#10191 = ORIENTED_EDGE('',*,*,#10192,.F.);
#10192 = EDGE_CURVE('',#10121,#10170,#10193,.T.);
#10193 = SURFACE_CURVE('',#10194,(#10198,#10205),.PCURVE_S1.);
#10194 = LINE('',#10195,#10196);
#10195 = CARTESIAN_POINT('',(2.4,22.55,6.9));
#10196 = VECTOR('',#10197,1.);
#10197 = DIRECTION('',(0.,0.,1.));
#10198 = PCURVE('',#9300,#10199);
#10199 = DEFINITIONAL_REPRESENTATION('',(#10200),#10204);
#10200 = LINE('',#10201,#10202);
#10201 = CARTESIAN_POINT('',(2.2,0.));
#10202 = VECTOR('',#10203,1.);
#10203 = DIRECTION('',(0.,-1.));
#10204 = ( GEOMETRIC_REPRESENTATION_CONTEXT(2) 
PARAMETRIC_REPRESENTATION_CONTEXT() REPRESENTATION_CONTEXT('2D SPACE',''
  ) );
#10205 = PCURVE('',#10206,#10211);
#10206 = PLANE('',#10207);
#10207 = AXIS2_PLACEMENT_3D('',#10208,#10209,#10210);
#10208 = CARTESIAN_POINT('',(2.4,22.55,6.9));
#10209 = DIRECTION('',(0.,1.,0.));
#10210 = DIRECTION('',(1.,0.,0.));
#10211 = DEFINITIONAL_REPRESENTATION('',(#10212),#10216);
#10212 = LINE('',#10213,#10214);
#10213 = CARTESIAN_POINT('',(0.,0.));
#10214 = VECTOR('',#10215,1.);
#10215 = DIRECTION('',(0.,-1.));
#10216 = ( GEOMETRIC_REPRESENTATION_CONTEXT(2) 
PARAMETRIC_REPRESENTATION_CONTEXT() REPRESENTATION_CONTEXT('2D SPACE',''
  ) );
#10217 = ADVANCED_FACE('',(#10218),#9274,.F.);
#10218 = FACE_BOUND('',#10219,.F.);
#10219 = EDGE_LOOP('',(#10220,#10250,#10272,#10273,#10274));
#10220 = ORIENTED_EDGE('',*,*,#10221,.F.);
#10221 = EDGE_CURVE('',#10222,#10224,#10226,.T.);
#10222 = VERTEX_POINT('',#10223);
#10223 = CARTESIAN_POINT('',(2.667949192431,22.6,7.9));
#10224 = VERTEX_POINT('',#10225);
#10225 = CARTESIAN_POINT('',(-8.1,22.6,7.9));
#10226 = SURFACE_CURVE('',#10227,(#10231,#10238),.PCURVE_S1.);
#10227 = LINE('',#10228,#10229);
#10228 = CARTESIAN_POINT('',(20.1,22.6,7.9));
#10229 = VECTOR('',#10230,1.);
#10230 = DIRECTION('',(-1.,0.,0.));
#10231 = PCURVE('',#9274,#10232);
#10232 = DEFINITIONAL_REPRESENTATION('',(#10233),#10237);
#10233 = LINE('',#10234,#10235);
#10234 = CARTESIAN_POINT('',(0.,-0.));
#10235 = VECTOR('',#10236,1.);
#10236 = DIRECTION('',(1.,0.));
#10237 = ( GEOMETRIC_REPRESENTATION_CONTEXT(2) 
PARAMETRIC_REPRESENTATION_CONTEXT() REPRESENTATION_CONTEXT('2D SPACE',''
  ) );
#10238 = PCURVE('',#10239,#10244);
#10239 = PLANE('',#10240);
#10240 = AXIS2_PLACEMENT_3D('',#10241,#10242,#10243);
#10241 = CARTESIAN_POINT('',(4.7,10.55,7.9));
#10242 = DIRECTION('',(0.,0.,1.));
#10243 = DIRECTION('',(1.,0.,-0.));
#10244 = DEFINITIONAL_REPRESENTATION('',(#10245),#10249);
#10245 = LINE('',#10246,#10247);
#10246 = CARTESIAN_POINT('',(15.4,12.05));
#10247 = VECTOR('',#10248,1.);
#10248 = DIRECTION('',(-1.,0.));
#10249 = ( GEOMETRIC_REPRESENTATION_CONTEXT(2) 
PARAMETRIC_REPRESENTATION_CONTEXT() REPRESENTATION_CONTEXT('2D SPACE',''
  ) );
#10250 = ORIENTED_EDGE('',*,*,#10251,.F.);
#10251 = EDGE_CURVE('',#10119,#10222,#10252,.T.);
#10252 = SURFACE_CURVE('',#10253,(#10258,#10265),.PCURVE_S1.);
#10253 = CIRCLE('',#10254,2.);
#10254 = AXIS2_PLACEMENT_3D('',#10255,#10256,#10257);
#10255 = CARTESIAN_POINT('',(4.4,22.6,8.9));
#10256 = DIRECTION('',(0.,-1.,0.));
#10257 = DIRECTION('',(-1.,0.,0.));
#10258 = PCURVE('',#9274,#10259);
#10259 = DEFINITIONAL_REPRESENTATION('',(#10260),#10264);
#10260 = CIRCLE('',#10261,2.);
#10261 = AXIS2_PLACEMENT_2D('',#10262,#10263);
#10262 = CARTESIAN_POINT('',(15.7,-1.));
#10263 = DIRECTION('',(1.,0.));
#10264 = ( GEOMETRIC_REPRESENTATION_CONTEXT(2) 
PARAMETRIC_REPRESENTATION_CONTEXT() REPRESENTATION_CONTEXT('2D SPACE',''
  ) );
#10265 = PCURVE('',#10136,#10266);
#10266 = DEFINITIONAL_REPRESENTATION('',(#10267),#10271);
#10267 = LINE('',#10268,#10269);
#10268 = CARTESIAN_POINT('',(0.,2.15));
#10269 = VECTOR('',#10270,1.);
#10270 = DIRECTION('',(1.,0.));
#10271 = ( GEOMETRIC_REPRESENTATION_CONTEXT(2) 
PARAMETRIC_REPRESENTATION_CONTEXT() REPRESENTATION_CONTEXT('2D SPACE',''
  ) );
#10272 = ORIENTED_EDGE('',*,*,#10148,.T.);
#10273 = ORIENTED_EDGE('',*,*,#9259,.F.);
#10274 = ORIENTED_EDGE('',*,*,#10275,.F.);
#10275 = EDGE_CURVE('',#10224,#9231,#10276,.T.);
#10276 = SURFACE_CURVE('',#10277,(#10281,#10288),.PCURVE_S1.);
#10277 = LINE('',#10278,#10279);
#10278 = CARTESIAN_POINT('',(-8.1,22.6,7.9));
#10279 = VECTOR('',#10280,1.);
#10280 = DIRECTION('',(0.,0.,1.));
#10281 = PCURVE('',#9274,#10282);
#10282 = DEFINITIONAL_REPRESENTATION('',(#10283),#10287);
#10283 = LINE('',#10284,#10285);
#10284 = CARTESIAN_POINT('',(28.2,0.));
#10285 = VECTOR('',#10286,1.);
#10286 = DIRECTION('',(0.,-1.));
#10287 = ( GEOMETRIC_REPRESENTATION_CONTEXT(2) 
PARAMETRIC_REPRESENTATION_CONTEXT() REPRESENTATION_CONTEXT('2D SPACE',''
  ) );
#10288 = PCURVE('',#9247,#10289);
#10289 = DEFINITIONAL_REPRESENTATION('',(#10290),#10294);
#10290 = LINE('',#10291,#10292);
#10291 = CARTESIAN_POINT('',(0.,0.));
#10292 = VECTOR('',#10293,1.);
#10293 = DIRECTION('',(0.,1.));
#10294 = ( GEOMETRIC_REPRESENTATION_CONTEXT(2) 
PARAMETRIC_REPRESENTATION_CONTEXT() REPRESENTATION_CONTEXT('2D SPACE',''
  ) );
#10295 = ADVANCED_FACE('',(#10296),#9247,.T.);
#10296 = FACE_BOUND('',#10297,.T.);
#10297 = EDGE_LOOP('',(#10298,#10299,#10323,#10344));
#10298 = ORIENTED_EDGE('',*,*,#10275,.F.);
#10299 = ORIENTED_EDGE('',*,*,#10300,.T.);
#10300 = EDGE_CURVE('',#10224,#10301,#10303,.T.);
#10301 = VERTEX_POINT('',#10302);
#10302 = CARTESIAN_POINT('',(-10.7,20.,7.9));
#10303 = SURFACE_CURVE('',#10304,(#10309,#10316),.PCURVE_S1.);
#10304 = CIRCLE('',#10305,2.6);
#10305 = AXIS2_PLACEMENT_3D('',#10306,#10307,#10308);
#10306 = CARTESIAN_POINT('',(-8.1,20.,7.9));
#10307 = DIRECTION('',(0.,0.,1.));
#10308 = DIRECTION('',(0.,-1.,0.));
#10309 = PCURVE('',#9247,#10310);
#10310 = DEFINITIONAL_REPRESENTATION('',(#10311),#10315);
#10311 = LINE('',#10312,#10313);
#10312 = CARTESIAN_POINT('',(-3.14159265359,-8.881784197001E-16));
#10313 = VECTOR('',#10314,1.);
#10314 = DIRECTION('',(1.,0.));
#10315 = ( GEOMETRIC_REPRESENTATION_CONTEXT(2) 
PARAMETRIC_REPRESENTATION_CONTEXT() REPRESENTATION_CONTEXT('2D SPACE',''
  ) );
#10316 = PCURVE('',#10239,#10317);
#10317 = DEFINITIONAL_REPRESENTATION('',(#10318),#10322);
#10318 = CIRCLE('',#10319,2.6);
#10319 = AXIS2_PLACEMENT_2D('',#10320,#10321);
#10320 = CARTESIAN_POINT('',(-12.8,9.45));
#10321 = DIRECTION('',(0.,-1.));
#10322 = ( GEOMETRIC_REPRESENTATION_CONTEXT(2) 
PARAMETRIC_REPRESENTATION_CONTEXT() REPRESENTATION_CONTEXT('2D SPACE',''
  ) );
#10323 = ORIENTED_EDGE('',*,*,#10324,.T.);
#10324 = EDGE_CURVE('',#10301,#9205,#10325,.T.);
#10325 = SURFACE_CURVE('',#10326,(#10330,#10337),.PCURVE_S1.);
#10326 = LINE('',#10327,#10328);
#10327 = CARTESIAN_POINT('',(-10.7,20.,7.9));
#10328 = VECTOR('',#10329,1.);
#10329 = DIRECTION('',(0.,0.,1.));
#10330 = PCURVE('',#9247,#10331);
#10331 = DEFINITIONAL_REPRESENTATION('',(#10332),#10336);
#10332 = LINE('',#10333,#10334);
#10333 = CARTESIAN_POINT('',(1.570796326795,0.));
#10334 = VECTOR('',#10335,1.);
#10335 = DIRECTION('',(0.,1.));
#10336 = ( GEOMETRIC_REPRESENTATION_CONTEXT(2) 
PARAMETRIC_REPRESENTATION_CONTEXT() REPRESENTATION_CONTEXT('2D SPACE',''
  ) );
#10337 = PCURVE('',#9219,#10338);
#10338 = DEFINITIONAL_REPRESENTATION('',(#10339),#10343);
#10339 = LINE('',#10340,#10341);
#10340 = CARTESIAN_POINT('',(2.6,0.));
#10341 = VECTOR('',#10342,1.);
#10342 = DIRECTION('',(0.,-1.));
#10343 = ( GEOMETRIC_REPRESENTATION_CONTEXT(2) 
PARAMETRIC_REPRESENTATION_CONTEXT() REPRESENTATION_CONTEXT('2D SPACE',''
  ) );
#10344 = ORIENTED_EDGE('',*,*,#9230,.F.);
#10345 = ADVANCED_FACE('',(#10346),#9219,.F.);
#10346 = FACE_BOUND('',#10347,.F.);
#10347 = EDGE_LOOP('',(#10348,#10371,#10372,#10373));
#10348 = ORIENTED_EDGE('',*,*,#10349,.F.);
#10349 = EDGE_CURVE('',#10301,#10350,#10352,.T.);
#10350 = VERTEX_POINT('',#10351);
#10351 = CARTESIAN_POINT('',(-10.7,1.1,7.9));
#10352 = SURFACE_CURVE('',#10353,(#10357,#10364),.PCURVE_S1.);
#10353 = LINE('',#10354,#10355);
#10354 = CARTESIAN_POINT('',(-10.7,22.6,7.9));
#10355 = VECTOR('',#10356,1.);
#10356 = DIRECTION('',(0.,-1.,0.));
#10357 = PCURVE('',#9219,#10358);
#10358 = DEFINITIONAL_REPRESENTATION('',(#10359),#10363);
#10359 = LINE('',#10360,#10361);
#10360 = CARTESIAN_POINT('',(0.,0.));
#10361 = VECTOR('',#10362,1.);
#10362 = DIRECTION('',(1.,0.));
#10363 = ( GEOMETRIC_REPRESENTATION_CONTEXT(2) 
PARAMETRIC_REPRESENTATION_CONTEXT() REPRESENTATION_CONTEXT('2D SPACE',''
  ) );
#10364 = PCURVE('',#10239,#10365);
#10365 = DEFINITIONAL_REPRESENTATION('',(#10366),#10370);
#10366 = LINE('',#10367,#10368);
#10367 = CARTESIAN_POINT('',(-15.4,12.05));
#10368 = VECTOR('',#10369,1.);
#10369 = DIRECTION('',(0.,-1.));
#10370 = ( GEOMETRIC_REPRESENTATION_CONTEXT(2) 
PARAMETRIC_REPRESENTATION_CONTEXT() REPRESENTATION_CONTEXT('2D SPACE',''
  ) );
#10371 = ORIENTED_EDGE('',*,*,#10324,.T.);
#10372 = ORIENTED_EDGE('',*,*,#9204,.F.);
#10373 = ORIENTED_EDGE('',*,*,#10374,.F.);
#10374 = EDGE_CURVE('',#10350,#9176,#10375,.T.);
#10375 = SURFACE_CURVE('',#10376,(#10380,#10387),.PCURVE_S1.);
#10376 = LINE('',#10377,#10378);
#10377 = CARTESIAN_POINT('',(-10.7,1.1,7.9));
#10378 = VECTOR('',#10379,1.);
#10379 = DIRECTION('',(0.,0.,1.));
#10380 = PCURVE('',#9219,#10381);
#10381 = DEFINITIONAL_REPRESENTATION('',(#10382),#10386);
#10382 = LINE('',#10383,#10384);
#10383 = CARTESIAN_POINT('',(21.5,0.));
#10384 = VECTOR('',#10385,1.);
#10385 = DIRECTION('',(0.,-1.));
#10386 = ( GEOMETRIC_REPRESENTATION_CONTEXT(2) 
PARAMETRIC_REPRESENTATION_CONTEXT() REPRESENTATION_CONTEXT('2D SPACE',''
  ) );
#10387 = PCURVE('',#9192,#10388);
#10388 = DEFINITIONAL_REPRESENTATION('',(#10389),#10393);
#10389 = LINE('',#10390,#10391);
#10390 = CARTESIAN_POINT('',(-1.570796326795,0.));
#10391 = VECTOR('',#10392,1.);
#10392 = DIRECTION('',(-0.,1.));
#10393 = ( GEOMETRIC_REPRESENTATION_CONTEXT(2) 
PARAMETRIC_REPRESENTATION_CONTEXT() REPRESENTATION_CONTEXT('2D SPACE',''
  ) );
#10394 = ADVANCED_FACE('',(#10395),#9192,.T.);
#10395 = FACE_BOUND('',#10396,.F.);
#10396 = EDGE_LOOP('',(#10397,#10420,#10446,#10447));
#10397 = ORIENTED_EDGE('',*,*,#10398,.F.);
#10398 = EDGE_CURVE('',#10399,#9150,#10401,.T.);
#10399 = VERTEX_POINT('',#10400);
#10400 = CARTESIAN_POINT('',(-8.1,-1.5,7.9));
#10401 = SURFACE_CURVE('',#10402,(#10406,#10413),.PCURVE_S1.);
#10402 = LINE('',#10403,#10404);
#10403 = CARTESIAN_POINT('',(-8.1,-1.5,7.9));
#10404 = VECTOR('',#10405,1.);
#10405 = DIRECTION('',(0.,0.,1.));
#10406 = PCURVE('',#9192,#10407);
#10407 = DEFINITIONAL_REPRESENTATION('',(#10408),#10412);
#10408 = LINE('',#10409,#10410);
#10409 = CARTESIAN_POINT('',(-0.,0.));
#10410 = VECTOR('',#10411,1.);
#10411 = DIRECTION('',(-0.,1.));
#10412 = ( GEOMETRIC_REPRESENTATION_CONTEXT(2) 
PARAMETRIC_REPRESENTATION_CONTEXT() REPRESENTATION_CONTEXT('2D SPACE',''
  ) );
#10413 = PCURVE('',#9164,#10414);
#10414 = DEFINITIONAL_REPRESENTATION('',(#10415),#10419);
#10415 = LINE('',#10416,#10417);
#10416 = CARTESIAN_POINT('',(2.6,0.));
#10417 = VECTOR('',#10418,1.);
#10418 = DIRECTION('',(0.,-1.));
#10419 = ( GEOMETRIC_REPRESENTATION_CONTEXT(2) 
PARAMETRIC_REPRESENTATION_CONTEXT() REPRESENTATION_CONTEXT('2D SPACE',''
  ) );
#10420 = ORIENTED_EDGE('',*,*,#10421,.T.);
#10421 = EDGE_CURVE('',#10399,#10350,#10422,.T.);
#10422 = SURFACE_CURVE('',#10423,(#10428,#10435),.PCURVE_S1.);
#10423 = CIRCLE('',#10424,2.6);
#10424 = AXIS2_PLACEMENT_3D('',#10425,#10426,#10427);
#10425 = CARTESIAN_POINT('',(-8.1,1.1,7.9));
#10426 = DIRECTION('',(-0.,-0.,-1.));
#10427 = DIRECTION('',(0.,-1.,0.));
#10428 = PCURVE('',#9192,#10429);
#10429 = DEFINITIONAL_REPRESENTATION('',(#10430),#10434);
#10430 = LINE('',#10431,#10432);
#10431 = CARTESIAN_POINT('',(-0.,-8.881784197001E-16));
#10432 = VECTOR('',#10433,1.);
#10433 = DIRECTION('',(-1.,0.));
#10434 = ( GEOMETRIC_REPRESENTATION_CONTEXT(2) 
PARAMETRIC_REPRESENTATION_CONTEXT() REPRESENTATION_CONTEXT('2D SPACE',''
  ) );
#10435 = PCURVE('',#10239,#10436);
#10436 = DEFINITIONAL_REPRESENTATION('',(#10437),#10445);
#10437 = ( BOUNDED_CURVE() B_SPLINE_CURVE(2,(#10438,#10439,#10440,#10441
    ,#10442,#10443,#10444),.UNSPECIFIED.,.T.,.F.) 
B_SPLINE_CURVE_WITH_KNOTS((1,2,2,2,2,1),(-2.094395102393,0.,
    2.094395102393,4.188790204786,6.28318530718,8.377580409573),
.UNSPECIFIED.) CURVE() GEOMETRIC_REPRESENTATION_ITEM() 
RATIONAL_B_SPLINE_CURVE((1.,0.5,1.,0.5,1.,0.5,1.)) REPRESENTATION_ITEM(
  '') );
#10438 = CARTESIAN_POINT('',(-12.8,-12.05));
#10439 = CARTESIAN_POINT('',(-17.30333209967,-12.05));
#10440 = CARTESIAN_POINT('',(-15.05166604984,-8.15));
#10441 = CARTESIAN_POINT('',(-12.8,-4.25));
#10442 = CARTESIAN_POINT('',(-10.54833395016,-8.15));
#10443 = CARTESIAN_POINT('',(-8.296667900321,-12.05));
#10444 = CARTESIAN_POINT('',(-12.8,-12.05));
#10445 = ( GEOMETRIC_REPRESENTATION_CONTEXT(2) 
PARAMETRIC_REPRESENTATION_CONTEXT() REPRESENTATION_CONTEXT('2D SPACE',''
  ) );
#10446 = ORIENTED_EDGE('',*,*,#10374,.T.);
#10447 = ORIENTED_EDGE('',*,*,#9175,.T.);
#10448 = ADVANCED_FACE('',(#10449),#9164,.F.);
#10449 = FACE_BOUND('',#10450,.F.);
#10450 = EDGE_LOOP('',(#10451,#10474,#10475,#10476));
#10451 = ORIENTED_EDGE('',*,*,#10452,.F.);
#10452 = EDGE_CURVE('',#10399,#10453,#10455,.T.);
#10453 = VERTEX_POINT('',#10454);
#10454 = CARTESIAN_POINT('',(17.5,-1.5,7.9));
#10455 = SURFACE_CURVE('',#10456,(#10460,#10467),.PCURVE_S1.);
#10456 = LINE('',#10457,#10458);
#10457 = CARTESIAN_POINT('',(-10.7,-1.5,7.9));
#10458 = VECTOR('',#10459,1.);
#10459 = DIRECTION('',(1.,0.,0.));
#10460 = PCURVE('',#9164,#10461);
#10461 = DEFINITIONAL_REPRESENTATION('',(#10462),#10466);
#10462 = LINE('',#10463,#10464);
#10463 = CARTESIAN_POINT('',(0.,0.));
#10464 = VECTOR('',#10465,1.);
#10465 = DIRECTION('',(1.,0.));
#10466 = ( GEOMETRIC_REPRESENTATION_CONTEXT(2) 
PARAMETRIC_REPRESENTATION_CONTEXT() REPRESENTATION_CONTEXT('2D SPACE',''
  ) );
#10467 = PCURVE('',#10239,#10468);
#10468 = DEFINITIONAL_REPRESENTATION('',(#10469),#10473);
#10469 = LINE('',#10470,#10471);
#10470 = CARTESIAN_POINT('',(-15.4,-12.05));
#10471 = VECTOR('',#10472,1.);
#10472 = DIRECTION('',(1.,0.));
#10473 = ( GEOMETRIC_REPRESENTATION_CONTEXT(2) 
PARAMETRIC_REPRESENTATION_CONTEXT() REPRESENTATION_CONTEXT('2D SPACE',''
  ) );
#10474 = ORIENTED_EDGE('',*,*,#10398,.T.);
#10475 = ORIENTED_EDGE('',*,*,#9149,.F.);
#10476 = ORIENTED_EDGE('',*,*,#10477,.F.);
#10477 = EDGE_CURVE('',#10453,#9121,#10478,.T.);
#10478 = SURFACE_CURVE('',#10479,(#10483,#10490),.PCURVE_S1.);
#10479 = LINE('',#10480,#10481);
#10480 = CARTESIAN_POINT('',(17.5,-1.5,7.9));
#10481 = VECTOR('',#10482,1.);
#10482 = DIRECTION('',(0.,0.,1.));
#10483 = PCURVE('',#9164,#10484);
#10484 = DEFINITIONAL_REPRESENTATION('',(#10485),#10489);
#10485 = LINE('',#10486,#10487);
#10486 = CARTESIAN_POINT('',(28.2,0.));
#10487 = VECTOR('',#10488,1.);
#10488 = DIRECTION('',(0.,-1.));
#10489 = ( GEOMETRIC_REPRESENTATION_CONTEXT(2) 
PARAMETRIC_REPRESENTATION_CONTEXT() REPRESENTATION_CONTEXT('2D SPACE',''
  ) );
#10490 = PCURVE('',#9137,#10491);
#10491 = DEFINITIONAL_REPRESENTATION('',(#10492),#10496);
#10492 = LINE('',#10493,#10494);
#10493 = CARTESIAN_POINT('',(0.,0.));
#10494 = VECTOR('',#10495,1.);
#10495 = DIRECTION('',(0.,1.));
#10496 = ( GEOMETRIC_REPRESENTATION_CONTEXT(2) 
PARAMETRIC_REPRESENTATION_CONTEXT() REPRESENTATION_CONTEXT('2D SPACE',''
  ) );
#10497 = ADVANCED_FACE('',(#10498),#9137,.T.);
#10498 = FACE_BOUND('',#10499,.T.);
#10499 = EDGE_LOOP('',(#10500,#10501,#10525,#10546));
#10500 = ORIENTED_EDGE('',*,*,#10477,.F.);
#10501 = ORIENTED_EDGE('',*,*,#10502,.T.);
#10502 = EDGE_CURVE('',#10453,#10503,#10505,.T.);
#10503 = VERTEX_POINT('',#10504);
#10504 = CARTESIAN_POINT('',(20.1,1.1,7.9));
#10505 = SURFACE_CURVE('',#10506,(#10511,#10518),.PCURVE_S1.);
#10506 = CIRCLE('',#10507,2.6);
#10507 = AXIS2_PLACEMENT_3D('',#10508,#10509,#10510);
#10508 = CARTESIAN_POINT('',(17.5,1.1,7.9));
#10509 = DIRECTION('',(0.,0.,1.));
#10510 = DIRECTION('',(0.,-1.,0.));
#10511 = PCURVE('',#9137,#10512);
#10512 = DEFINITIONAL_REPRESENTATION('',(#10513),#10517);
#10513 = LINE('',#10514,#10515);
#10514 = CARTESIAN_POINT('',(0.,-8.881784197001E-16));
#10515 = VECTOR('',#10516,1.);
#10516 = DIRECTION('',(1.,0.));
#10517 = ( GEOMETRIC_REPRESENTATION_CONTEXT(2) 
PARAMETRIC_REPRESENTATION_CONTEXT() REPRESENTATION_CONTEXT('2D SPACE',''
  ) );
#10518 = PCURVE('',#10239,#10519);
#10519 = DEFINITIONAL_REPRESENTATION('',(#10520),#10524);
#10520 = CIRCLE('',#10521,2.6);
#10521 = AXIS2_PLACEMENT_2D('',#10522,#10523);
#10522 = CARTESIAN_POINT('',(12.8,-9.45));
#10523 = DIRECTION('',(0.,-1.));
#10524 = ( GEOMETRIC_REPRESENTATION_CONTEXT(2) 
PARAMETRIC_REPRESENTATION_CONTEXT() REPRESENTATION_CONTEXT('2D SPACE',''
  ) );
#10525 = ORIENTED_EDGE('',*,*,#10526,.T.);
#10526 = EDGE_CURVE('',#10503,#9095,#10527,.T.);
#10527 = SURFACE_CURVE('',#10528,(#10532,#10539),.PCURVE_S1.);
#10528 = LINE('',#10529,#10530);
#10529 = CARTESIAN_POINT('',(20.1,1.1,7.9));
#10530 = VECTOR('',#10531,1.);
#10531 = DIRECTION('',(0.,0.,1.));
#10532 = PCURVE('',#9137,#10533);
#10533 = DEFINITIONAL_REPRESENTATION('',(#10534),#10538);
#10534 = LINE('',#10535,#10536);
#10535 = CARTESIAN_POINT('',(1.570796326795,0.));
#10536 = VECTOR('',#10537,1.);
#10537 = DIRECTION('',(0.,1.));
#10538 = ( GEOMETRIC_REPRESENTATION_CONTEXT(2) 
PARAMETRIC_REPRESENTATION_CONTEXT() REPRESENTATION_CONTEXT('2D SPACE',''
  ) );
#10539 = PCURVE('',#9109,#10540);
#10540 = DEFINITIONAL_REPRESENTATION('',(#10541),#10545);
#10541 = LINE('',#10542,#10543);
#10542 = CARTESIAN_POINT('',(2.6,0.));
#10543 = VECTOR('',#10544,1.);
#10544 = DIRECTION('',(0.,-1.));
#10545 = ( GEOMETRIC_REPRESENTATION_CONTEXT(2) 
PARAMETRIC_REPRESENTATION_CONTEXT() REPRESENTATION_CONTEXT('2D SPACE',''
  ) );
#10546 = ORIENTED_EDGE('',*,*,#9120,.F.);
#10547 = ADVANCED_FACE('',(#10548),#9109,.F.);
#10548 = FACE_BOUND('',#10549,.F.);
#10549 = EDGE_LOOP('',(#10550,#10573,#10574,#10575));
#10550 = ORIENTED_EDGE('',*,*,#10551,.F.);
#10551 = EDGE_CURVE('',#10503,#10552,#10554,.T.);
#10552 = VERTEX_POINT('',#10553);
#10553 = CARTESIAN_POINT('',(20.1,20.,7.9));
#10554 = SURFACE_CURVE('',#10555,(#10559,#10566),.PCURVE_S1.);
#10555 = LINE('',#10556,#10557);
#10556 = CARTESIAN_POINT('',(20.1,-1.5,7.9));
#10557 = VECTOR('',#10558,1.);
#10558 = DIRECTION('',(0.,1.,0.));
#10559 = PCURVE('',#9109,#10560);
#10560 = DEFINITIONAL_REPRESENTATION('',(#10561),#10565);
#10561 = LINE('',#10562,#10563);
#10562 = CARTESIAN_POINT('',(0.,0.));
#10563 = VECTOR('',#10564,1.);
#10564 = DIRECTION('',(1.,0.));
#10565 = ( GEOMETRIC_REPRESENTATION_CONTEXT(2) 
PARAMETRIC_REPRESENTATION_CONTEXT() REPRESENTATION_CONTEXT('2D SPACE',''
  ) );
#10566 = PCURVE('',#10239,#10567);
#10567 = DEFINITIONAL_REPRESENTATION('',(#10568),#10572);
#10568 = LINE('',#10569,#10570);
#10569 = CARTESIAN_POINT('',(15.4,-12.05));
#10570 = VECTOR('',#10571,1.);
#10571 = DIRECTION('',(0.,1.));
#10572 = ( GEOMETRIC_REPRESENTATION_CONTEXT(2) 
PARAMETRIC_REPRESENTATION_CONTEXT() REPRESENTATION_CONTEXT('2D SPACE',''
  ) );
#10573 = ORIENTED_EDGE('',*,*,#10526,.T.);
#10574 = ORIENTED_EDGE('',*,*,#9094,.F.);
#10575 = ORIENTED_EDGE('',*,*,#10576,.F.);
#10576 = EDGE_CURVE('',#10552,#9066,#10577,.T.);
#10577 = SURFACE_CURVE('',#10578,(#10582,#10589),.PCURVE_S1.);
#10578 = LINE('',#10579,#10580);
#10579 = CARTESIAN_POINT('',(20.1,20.,7.9));
#10580 = VECTOR('',#10581,1.);
#10581 = DIRECTION('',(0.,0.,1.));
#10582 = PCURVE('',#9109,#10583);
#10583 = DEFINITIONAL_REPRESENTATION('',(#10584),#10588);
#10584 = LINE('',#10585,#10586);
#10585 = CARTESIAN_POINT('',(21.5,0.));
#10586 = VECTOR('',#10587,1.);
#10587 = DIRECTION('',(0.,-1.));
#10588 = ( GEOMETRIC_REPRESENTATION_CONTEXT(2) 
PARAMETRIC_REPRESENTATION_CONTEXT() REPRESENTATION_CONTEXT('2D SPACE',''
  ) );
#10589 = PCURVE('',#9082,#10590);
#10590 = DEFINITIONAL_REPRESENTATION('',(#10591),#10595);
#10591 = LINE('',#10592,#10593);
#10592 = CARTESIAN_POINT('',(0.,0.));
#10593 = VECTOR('',#10594,1.);
#10594 = DIRECTION('',(0.,1.));
#10595 = ( GEOMETRIC_REPRESENTATION_CONTEXT(2) 
PARAMETRIC_REPRESENTATION_CONTEXT() REPRESENTATION_CONTEXT('2D SPACE',''
  ) );
#10596 = ADVANCED_FACE('',(#10597),#9082,.T.);
#10597 = FACE_BOUND('',#10598,.T.);
#10598 = EDGE_LOOP('',(#10599,#10600,#10624,#10645));
#10599 = ORIENTED_EDGE('',*,*,#10576,.F.);
#10600 = ORIENTED_EDGE('',*,*,#10601,.T.);
#10601 = EDGE_CURVE('',#10552,#10602,#10604,.T.);
#10602 = VERTEX_POINT('',#10603);
#10603 = CARTESIAN_POINT('',(17.5,22.6,7.9));
#10604 = SURFACE_CURVE('',#10605,(#10610,#10617),.PCURVE_S1.);
#10605 = CIRCLE('',#10606,2.6);
#10606 = AXIS2_PLACEMENT_3D('',#10607,#10608,#10609);
#10607 = CARTESIAN_POINT('',(17.5,20.,7.9));
#10608 = DIRECTION('',(0.,0.,1.));
#10609 = DIRECTION('',(0.,-1.,0.));
#10610 = PCURVE('',#9082,#10611);
#10611 = DEFINITIONAL_REPRESENTATION('',(#10612),#10616);
#10612 = LINE('',#10613,#10614);
#10613 = CARTESIAN_POINT('',(-1.570796326795,-8.881784197001E-16));
#10614 = VECTOR('',#10615,1.);
#10615 = DIRECTION('',(1.,0.));
#10616 = ( GEOMETRIC_REPRESENTATION_CONTEXT(2) 
PARAMETRIC_REPRESENTATION_CONTEXT() REPRESENTATION_CONTEXT('2D SPACE',''
  ) );
#10617 = PCURVE('',#10239,#10618);
#10618 = DEFINITIONAL_REPRESENTATION('',(#10619),#10623);
#10619 = CIRCLE('',#10620,2.6);
#10620 = AXIS2_PLACEMENT_2D('',#10621,#10622);
#10621 = CARTESIAN_POINT('',(12.8,9.45));
#10622 = DIRECTION('',(0.,-1.));
#10623 = ( GEOMETRIC_REPRESENTATION_CONTEXT(2) 
PARAMETRIC_REPRESENTATION_CONTEXT() REPRESENTATION_CONTEXT('2D SPACE',''
  ) );
#10624 = ORIENTED_EDGE('',*,*,#10625,.T.);
#10625 = EDGE_CURVE('',#10602,#9040,#10626,.T.);
#10626 = SURFACE_CURVE('',#10627,(#10631,#10638),.PCURVE_S1.);
#10627 = LINE('',#10628,#10629);
#10628 = CARTESIAN_POINT('',(17.5,22.6,7.9));
#10629 = VECTOR('',#10630,1.);
#10630 = DIRECTION('',(0.,0.,1.));
#10631 = PCURVE('',#9082,#10632);
#10632 = DEFINITIONAL_REPRESENTATION('',(#10633),#10637);
#10633 = LINE('',#10634,#10635);
#10634 = CARTESIAN_POINT('',(1.570796326795,0.));
#10635 = VECTOR('',#10636,1.);
#10636 = DIRECTION('',(0.,1.));
#10637 = ( GEOMETRIC_REPRESENTATION_CONTEXT(2) 
PARAMETRIC_REPRESENTATION_CONTEXT() REPRESENTATION_CONTEXT('2D SPACE',''
  ) );
#10638 = PCURVE('',#9054,#10639);
#10639 = DEFINITIONAL_REPRESENTATION('',(#10640),#10644);
#10640 = LINE('',#10641,#10642);
#10641 = CARTESIAN_POINT('',(2.6,0.));
#10642 = VECTOR('',#10643,1.);
#10643 = DIRECTION('',(0.,-1.));
#10644 = ( GEOMETRIC_REPRESENTATION_CONTEXT(2) 
PARAMETRIC_REPRESENTATION_CONTEXT() REPRESENTATION_CONTEXT('2D SPACE',''
  ) );
#10645 = ORIENTED_EDGE('',*,*,#9065,.F.);
#10646 = ADVANCED_FACE('',(#10647),#9054,.F.);
#10647 = FACE_BOUND('',#10648,.F.);
#10648 = EDGE_LOOP('',(#10649,#10672,#10673,#10674,#10695));
#10649 = ORIENTED_EDGE('',*,*,#10650,.F.);
#10650 = EDGE_CURVE('',#10602,#10651,#10653,.T.);
#10651 = VERTEX_POINT('',#10652);
#10652 = CARTESIAN_POINT('',(15.132050807569,22.6,7.9));
#10653 = SURFACE_CURVE('',#10654,(#10658,#10665),.PCURVE_S1.);
#10654 = LINE('',#10655,#10656);
#10655 = CARTESIAN_POINT('',(20.1,22.6,7.9));
#10656 = VECTOR('',#10657,1.);
#10657 = DIRECTION('',(-1.,0.,0.));
#10658 = PCURVE('',#9054,#10659);
#10659 = DEFINITIONAL_REPRESENTATION('',(#10660),#10664);
#10660 = LINE('',#10661,#10662);
#10661 = CARTESIAN_POINT('',(0.,-0.));
#10662 = VECTOR('',#10663,1.);
#10663 = DIRECTION('',(1.,0.));
#10664 = ( GEOMETRIC_REPRESENTATION_CONTEXT(2) 
PARAMETRIC_REPRESENTATION_CONTEXT() REPRESENTATION_CONTEXT('2D SPACE',''
  ) );
#10665 = PCURVE('',#10239,#10666);
#10666 = DEFINITIONAL_REPRESENTATION('',(#10667),#10671);
#10667 = LINE('',#10668,#10669);
#10668 = CARTESIAN_POINT('',(15.4,12.05));
#10669 = VECTOR('',#10670,1.);
#10670 = DIRECTION('',(-1.,0.));
#10671 = ( GEOMETRIC_REPRESENTATION_CONTEXT(2) 
PARAMETRIC_REPRESENTATION_CONTEXT() REPRESENTATION_CONTEXT('2D SPACE',''
  ) );
#10672 = ORIENTED_EDGE('',*,*,#10625,.T.);
#10673 = ORIENTED_EDGE('',*,*,#9039,.F.);
#10674 = ORIENTED_EDGE('',*,*,#10675,.T.);
#10675 = EDGE_CURVE('',#9014,#10676,#10678,.T.);
#10676 = VERTEX_POINT('',#10677);
#10677 = CARTESIAN_POINT('',(15.4,22.6,8.9));
#10678 = SURFACE_CURVE('',#10679,(#10683,#10689),.PCURVE_S1.);
#10679 = LINE('',#10680,#10681);
#10680 = CARTESIAN_POINT('',(15.4,22.6,7.4));
#10681 = VECTOR('',#10682,1.);
#10682 = DIRECTION('',(-0.,-0.,-1.));
#10683 = PCURVE('',#9054,#10684);
#10684 = DEFINITIONAL_REPRESENTATION('',(#10685),#10688);
#10685 = B_SPLINE_CURVE_WITH_KNOTS('',1,(#10686,#10687),.UNSPECIFIED.,
  .F.,.F.,(2,2),(-1.9,-1.5),.PIECEWISE_BEZIER_KNOTS.);
#10686 = CARTESIAN_POINT('',(4.7,-1.4));
#10687 = CARTESIAN_POINT('',(4.7,-1.));
#10688 = ( GEOMETRIC_REPRESENTATION_CONTEXT(2) 
PARAMETRIC_REPRESENTATION_CONTEXT() REPRESENTATION_CONTEXT('2D SPACE',''
  ) );
#10689 = PCURVE('',#9028,#10690);
#10690 = DEFINITIONAL_REPRESENTATION('',(#10691),#10694);
#10691 = B_SPLINE_CURVE_WITH_KNOTS('',1,(#10692,#10693),.UNSPECIFIED.,
  .F.,.F.,(2,2),(-1.9,-1.5),.PIECEWISE_BEZIER_KNOTS.);
#10692 = CARTESIAN_POINT('',(5.E-02,-2.4));
#10693 = CARTESIAN_POINT('',(5.E-02,-2.));
#10694 = ( GEOMETRIC_REPRESENTATION_CONTEXT(2) 
PARAMETRIC_REPRESENTATION_CONTEXT() REPRESENTATION_CONTEXT('2D SPACE',''
  ) );
#10695 = ORIENTED_EDGE('',*,*,#10696,.T.);
#10696 = EDGE_CURVE('',#10676,#10651,#10697,.T.);
#10697 = SURFACE_CURVE('',#10698,(#10703,#10714),.PCURVE_S1.);
#10698 = CIRCLE('',#10699,2.);
#10699 = AXIS2_PLACEMENT_3D('',#10700,#10701,#10702);
#10700 = CARTESIAN_POINT('',(13.4,22.6,8.9));
#10701 = DIRECTION('',(0.,1.,0.));
#10702 = DIRECTION('',(1.,0.,-0.));
#10703 = PCURVE('',#9054,#10704);
#10704 = DEFINITIONAL_REPRESENTATION('',(#10705),#10713);
#10705 = ( BOUNDED_CURVE() B_SPLINE_CURVE(2,(#10706,#10707,#10708,#10709
    ,#10710,#10711,#10712),.UNSPECIFIED.,.T.,.F.) 
B_SPLINE_CURVE_WITH_KNOTS((1,2,2,2,2,1),(-2.094395102393,0.,
    2.094395102393,4.188790204786,6.28318530718,8.377580409573),
.UNSPECIFIED.) CURVE() GEOMETRIC_REPRESENTATION_ITEM() 
RATIONAL_B_SPLINE_CURVE((1.,0.5,1.,0.5,1.,0.5,1.)) REPRESENTATION_ITEM(
  '') );
#10706 = CARTESIAN_POINT('',(4.7,-1.));
#10707 = CARTESIAN_POINT('',(4.7,2.464101615138));
#10708 = CARTESIAN_POINT('',(7.7,0.732050807569));
#10709 = CARTESIAN_POINT('',(10.7,-1.));
#10710 = CARTESIAN_POINT('',(7.7,-2.732050807569));
#10711 = CARTESIAN_POINT('',(4.7,-4.464101615138));
#10712 = CARTESIAN_POINT('',(4.7,-1.));
#10713 = ( GEOMETRIC_REPRESENTATION_CONTEXT(2) 
PARAMETRIC_REPRESENTATION_CONTEXT() REPRESENTATION_CONTEXT('2D SPACE',''
  ) );
#10714 = PCURVE('',#10715,#10720);
#10715 = CYLINDRICAL_SURFACE('',#10716,2.);
#10716 = AXIS2_PLACEMENT_3D('',#10717,#10718,#10719);
#10717 = CARTESIAN_POINT('',(13.4,22.55,8.9));
#10718 = DIRECTION('',(0.,1.,0.));
#10719 = DIRECTION('',(1.,0.,-0.));
#10720 = DEFINITIONAL_REPRESENTATION('',(#10721),#10725);
#10721 = LINE('',#10722,#10723);
#10722 = CARTESIAN_POINT('',(0.,5.E-02));
#10723 = VECTOR('',#10724,1.);
#10724 = DIRECTION('',(1.,0.));
#10725 = ( GEOMETRIC_REPRESENTATION_CONTEXT(2) 
PARAMETRIC_REPRESENTATION_CONTEXT() REPRESENTATION_CONTEXT('2D SPACE',''
  ) );
#10726 = ADVANCED_FACE('',(#10727),#9028,.T.);
#10727 = FACE_BOUND('',#10728,.T.);
#10728 = EDGE_LOOP('',(#10729,#10752,#10775,#10803,#10822,#10823));
#10729 = ORIENTED_EDGE('',*,*,#10730,.F.);
#10730 = EDGE_CURVE('',#10731,#10676,#10733,.T.);
#10731 = VERTEX_POINT('',#10732);
#10732 = CARTESIAN_POINT('',(15.4,22.55,8.9));
#10733 = SURFACE_CURVE('',#10734,(#10738,#10745),.PCURVE_S1.);
#10734 = LINE('',#10735,#10736);
#10735 = CARTESIAN_POINT('',(15.4,22.55,8.9));
#10736 = VECTOR('',#10737,1.);
#10737 = DIRECTION('',(0.,1.,0.));
#10738 = PCURVE('',#9028,#10739);
#10739 = DEFINITIONAL_REPRESENTATION('',(#10740),#10744);
#10740 = LINE('',#10741,#10742);
#10741 = CARTESIAN_POINT('',(0.,-2.));
#10742 = VECTOR('',#10743,1.);
#10743 = DIRECTION('',(1.,0.));
#10744 = ( GEOMETRIC_REPRESENTATION_CONTEXT(2) 
PARAMETRIC_REPRESENTATION_CONTEXT() REPRESENTATION_CONTEXT('2D SPACE',''
  ) );
#10745 = PCURVE('',#10715,#10746);
#10746 = DEFINITIONAL_REPRESENTATION('',(#10747),#10751);
#10747 = LINE('',#10748,#10749);
#10748 = CARTESIAN_POINT('',(0.,0.));
#10749 = VECTOR('',#10750,1.);
#10750 = DIRECTION('',(0.,1.));
#10751 = ( GEOMETRIC_REPRESENTATION_CONTEXT(2) 
PARAMETRIC_REPRESENTATION_CONTEXT() REPRESENTATION_CONTEXT('2D SPACE',''
  ) );
#10752 = ORIENTED_EDGE('',*,*,#10753,.T.);
#10753 = EDGE_CURVE('',#10731,#10754,#10756,.T.);
#10754 = VERTEX_POINT('',#10755);
#10755 = CARTESIAN_POINT('',(15.4,22.55,11.9));
#10756 = SURFACE_CURVE('',#10757,(#10761,#10768),.PCURVE_S1.);
#10757 = LINE('',#10758,#10759);
#10758 = CARTESIAN_POINT('',(15.4,22.55,6.9));
#10759 = VECTOR('',#10760,1.);
#10760 = DIRECTION('',(0.,0.,1.));
#10761 = PCURVE('',#9028,#10762);
#10762 = DEFINITIONAL_REPRESENTATION('',(#10763),#10767);
#10763 = LINE('',#10764,#10765);
#10764 = CARTESIAN_POINT('',(0.,0.));
#10765 = VECTOR('',#10766,1.);
#10766 = DIRECTION('',(0.,-1.));
#10767 = ( GEOMETRIC_REPRESENTATION_CONTEXT(2) 
PARAMETRIC_REPRESENTATION_CONTEXT() REPRESENTATION_CONTEXT('2D SPACE',''
  ) );
#10768 = PCURVE('',#10206,#10769);
#10769 = DEFINITIONAL_REPRESENTATION('',(#10770),#10774);
#10770 = LINE('',#10771,#10772);
#10771 = CARTESIAN_POINT('',(13.,0.));
#10772 = VECTOR('',#10773,1.);
#10773 = DIRECTION('',(0.,-1.));
#10774 = ( GEOMETRIC_REPRESENTATION_CONTEXT(2) 
PARAMETRIC_REPRESENTATION_CONTEXT() REPRESENTATION_CONTEXT('2D SPACE',''
  ) );
#10775 = ORIENTED_EDGE('',*,*,#10776,.T.);
#10776 = EDGE_CURVE('',#10754,#10777,#10779,.T.);
#10777 = VERTEX_POINT('',#10778);
#10778 = CARTESIAN_POINT('',(15.4,23.75,11.9));
#10779 = SURFACE_CURVE('',#10780,(#10784,#10791),.PCURVE_S1.);
#10780 = LINE('',#10781,#10782);
#10781 = CARTESIAN_POINT('',(15.4,22.55,11.9));
#10782 = VECTOR('',#10783,1.);
#10783 = DIRECTION('',(0.,1.,0.));
#10784 = PCURVE('',#9028,#10785);
#10785 = DEFINITIONAL_REPRESENTATION('',(#10786),#10790);
#10786 = LINE('',#10787,#10788);
#10787 = CARTESIAN_POINT('',(0.,-5.));
#10788 = VECTOR('',#10789,1.);
#10789 = DIRECTION('',(1.,0.));
#10790 = ( GEOMETRIC_REPRESENTATION_CONTEXT(2) 
PARAMETRIC_REPRESENTATION_CONTEXT() REPRESENTATION_CONTEXT('2D SPACE',''
  ) );
#10791 = PCURVE('',#10792,#10797);
#10792 = CYLINDRICAL_SURFACE('',#10793,2.);
#10793 = AXIS2_PLACEMENT_3D('',#10794,#10795,#10796);
#10794 = CARTESIAN_POINT('',(13.4,22.55,11.9));
#10795 = DIRECTION('',(0.,1.,0.));
#10796 = DIRECTION('',(1.,0.,-0.));
#10797 = DEFINITIONAL_REPRESENTATION('',(#10798),#10802);
#10798 = LINE('',#10799,#10800);
#10799 = CARTESIAN_POINT('',(-0.,0.));
#10800 = VECTOR('',#10801,1.);
#10801 = DIRECTION('',(-0.,1.));
#10802 = ( GEOMETRIC_REPRESENTATION_CONTEXT(2) 
PARAMETRIC_REPRESENTATION_CONTEXT() REPRESENTATION_CONTEXT('2D SPACE',''
  ) );
#10803 = ORIENTED_EDGE('',*,*,#10804,.T.);
#10804 = EDGE_CURVE('',#10777,#8986,#10805,.T.);
#10805 = SURFACE_CURVE('',#10806,(#10810,#10816),.PCURVE_S1.);
#10806 = LINE('',#10807,#10808);
#10807 = CARTESIAN_POINT('',(15.4,23.75,8.1));
#10808 = VECTOR('',#10809,1.);
#10809 = DIRECTION('',(-0.,-0.,-1.));
#10810 = PCURVE('',#9028,#10811);
#10811 = DEFINITIONAL_REPRESENTATION('',(#10812),#10815);
#10812 = B_SPLINE_CURVE_WITH_KNOTS('',1,(#10813,#10814),.UNSPECIFIED.,
  .F.,.F.,(2,2),(-3.8,-1.2),.PIECEWISE_BEZIER_KNOTS.);
#10813 = CARTESIAN_POINT('',(1.2,-5.));
#10814 = CARTESIAN_POINT('',(1.2,-2.4));
#10815 = ( GEOMETRIC_REPRESENTATION_CONTEXT(2) 
PARAMETRIC_REPRESENTATION_CONTEXT() REPRESENTATION_CONTEXT('2D SPACE',''
  ) );
#10816 = PCURVE('',#9001,#10817);
#10817 = DEFINITIONAL_REPRESENTATION('',(#10818),#10821);
#10818 = B_SPLINE_CURVE_WITH_KNOTS('',1,(#10819,#10820),.UNSPECIFIED.,
  .F.,.F.,(2,2),(-3.8,-1.2),.PIECEWISE_BEZIER_KNOTS.);
#10819 = CARTESIAN_POINT('',(5.85,-2.6));
#10820 = CARTESIAN_POINT('',(5.85,0.));
#10821 = ( GEOMETRIC_REPRESENTATION_CONTEXT(2) 
PARAMETRIC_REPRESENTATION_CONTEXT() REPRESENTATION_CONTEXT('2D SPACE',''
  ) );
#10822 = ORIENTED_EDGE('',*,*,#9013,.T.);
#10823 = ORIENTED_EDGE('',*,*,#10675,.T.);
#10824 = ADVANCED_FACE('',(#10825),#9001,.F.);
#10825 = FACE_BOUND('',#10826,.F.);
#10826 = EDGE_LOOP('',(#10827,#10850,#10873,#10899,#10900));
#10827 = ORIENTED_EDGE('',*,*,#10828,.T.);
#10828 = EDGE_CURVE('',#8957,#10829,#10831,.T.);
#10829 = VERTEX_POINT('',#10830);
#10830 = CARTESIAN_POINT('',(17.5,23.75,12.9));
#10831 = SURFACE_CURVE('',#10832,(#10836,#10843),.PCURVE_S1.);
#10832 = LINE('',#10833,#10834);
#10833 = CARTESIAN_POINT('',(17.5,23.75,9.3));
#10834 = VECTOR('',#10835,1.);
#10835 = DIRECTION('',(0.,0.,1.));
#10836 = PCURVE('',#9001,#10837);
#10837 = DEFINITIONAL_REPRESENTATION('',(#10838),#10842);
#10838 = LINE('',#10839,#10840);
#10839 = CARTESIAN_POINT('',(3.75,0.));
#10840 = VECTOR('',#10841,1.);
#10841 = DIRECTION('',(0.,-1.));
#10842 = ( GEOMETRIC_REPRESENTATION_CONTEXT(2) 
PARAMETRIC_REPRESENTATION_CONTEXT() REPRESENTATION_CONTEXT('2D SPACE',''
  ) );
#10843 = PCURVE('',#8973,#10844);
#10844 = DEFINITIONAL_REPRESENTATION('',(#10845),#10849);
#10845 = LINE('',#10846,#10847);
#10846 = CARTESIAN_POINT('',(1.570796326795,0.));
#10847 = VECTOR('',#10848,1.);
#10848 = DIRECTION('',(0.,1.));
#10849 = ( GEOMETRIC_REPRESENTATION_CONTEXT(2) 
PARAMETRIC_REPRESENTATION_CONTEXT() REPRESENTATION_CONTEXT('2D SPACE',''
  ) );
#10850 = ORIENTED_EDGE('',*,*,#10851,.T.);
#10851 = EDGE_CURVE('',#10829,#10852,#10854,.T.);
#10852 = VERTEX_POINT('',#10853);
#10853 = CARTESIAN_POINT('',(15.132050807569,23.75,12.9));
#10854 = SURFACE_CURVE('',#10855,(#10859,#10866),.PCURVE_S1.);
#10855 = LINE('',#10856,#10857);
#10856 = CARTESIAN_POINT('',(17.5,23.75,12.9));
#10857 = VECTOR('',#10858,1.);
#10858 = DIRECTION('',(-1.,0.,0.));
#10859 = PCURVE('',#9001,#10860);
#10860 = DEFINITIONAL_REPRESENTATION('',(#10861),#10865);
#10861 = LINE('',#10862,#10863);
#10862 = CARTESIAN_POINT('',(3.75,-3.6));
#10863 = VECTOR('',#10864,1.);
#10864 = DIRECTION('',(1.,0.));
#10865 = ( GEOMETRIC_REPRESENTATION_CONTEXT(2) 
PARAMETRIC_REPRESENTATION_CONTEXT() REPRESENTATION_CONTEXT('2D SPACE',''
  ) );
#10866 = PCURVE('',#9643,#10867);
#10867 = DEFINITIONAL_REPRESENTATION('',(#10868),#10872);
#10868 = LINE('',#10869,#10870);
#10869 = CARTESIAN_POINT('',(-0.,0.));
#10870 = VECTOR('',#10871,1.);
#10871 = DIRECTION('',(-0.,1.));
#10872 = ( GEOMETRIC_REPRESENTATION_CONTEXT(2) 
PARAMETRIC_REPRESENTATION_CONTEXT() REPRESENTATION_CONTEXT('2D SPACE',''
  ) );
#10873 = ORIENTED_EDGE('',*,*,#10874,.T.);
#10874 = EDGE_CURVE('',#10852,#10777,#10875,.T.);
#10875 = SURFACE_CURVE('',#10876,(#10881,#10892),.PCURVE_S1.);
#10876 = CIRCLE('',#10877,2.);
#10877 = AXIS2_PLACEMENT_3D('',#10878,#10879,#10880);
#10878 = CARTESIAN_POINT('',(13.4,23.75,11.9));
#10879 = DIRECTION('',(0.,1.,0.));
#10880 = DIRECTION('',(1.,0.,-0.));
#10881 = PCURVE('',#9001,#10882);
#10882 = DEFINITIONAL_REPRESENTATION('',(#10883),#10891);
#10883 = ( BOUNDED_CURVE() B_SPLINE_CURVE(2,(#10884,#10885,#10886,#10887
    ,#10888,#10889,#10890),.UNSPECIFIED.,.T.,.F.) 
B_SPLINE_CURVE_WITH_KNOTS((1,2,2,2,2,1),(-2.094395102393,0.,
    2.094395102393,4.188790204786,6.28318530718,8.377580409573),
.UNSPECIFIED.) CURVE() GEOMETRIC_REPRESENTATION_ITEM() 
RATIONAL_B_SPLINE_CURVE((1.,0.5,1.,0.5,1.,0.5,1.)) REPRESENTATION_ITEM(
  '') );
#10884 = CARTESIAN_POINT('',(5.85,-2.6));
#10885 = CARTESIAN_POINT('',(5.85,0.864101615138));
#10886 = CARTESIAN_POINT('',(8.85,-0.867949192431));
#10887 = CARTESIAN_POINT('',(11.85,-2.6));
#10888 = CARTESIAN_POINT('',(8.85,-4.332050807569));
#10889 = CARTESIAN_POINT('',(5.85,-6.064101615138));
#10890 = CARTESIAN_POINT('',(5.85,-2.6));
#10891 = ( GEOMETRIC_REPRESENTATION_CONTEXT(2) 
PARAMETRIC_REPRESENTATION_CONTEXT() REPRESENTATION_CONTEXT('2D SPACE',''
  ) );
#10892 = PCURVE('',#10792,#10893);
#10893 = DEFINITIONAL_REPRESENTATION('',(#10894),#10898);
#10894 = LINE('',#10895,#10896);
#10895 = CARTESIAN_POINT('',(-6.28318530718,1.2));
#10896 = VECTOR('',#10897,1.);
#10897 = DIRECTION('',(1.,-0.));
#10898 = ( GEOMETRIC_REPRESENTATION_CONTEXT(2) 
PARAMETRIC_REPRESENTATION_CONTEXT() REPRESENTATION_CONTEXT('2D SPACE',''
  ) );
#10899 = ORIENTED_EDGE('',*,*,#10804,.T.);
#10900 = ORIENTED_EDGE('',*,*,#8985,.F.);
#10901 = ADVANCED_FACE('',(#10902),#8973,.T.);
#10902 = FACE_BOUND('',#10903,.T.);
#10903 = EDGE_LOOP('',(#10904,#10927,#10928,#10929));
#10904 = ORIENTED_EDGE('',*,*,#10905,.F.);
#10905 = EDGE_CURVE('',#8929,#10906,#10908,.T.);
#10906 = VERTEX_POINT('',#10907);
#10907 = CARTESIAN_POINT('',(21.25,20.,12.9));
#10908 = SURFACE_CURVE('',#10909,(#10913,#10920),.PCURVE_S1.);
#10909 = LINE('',#10910,#10911);
#10910 = CARTESIAN_POINT('',(21.25,20.,9.3));
#10911 = VECTOR('',#10912,1.);
#10912 = DIRECTION('',(0.,0.,1.));
#10913 = PCURVE('',#8973,#10914);
#10914 = DEFINITIONAL_REPRESENTATION('',(#10915),#10919);
#10915 = LINE('',#10916,#10917);
#10916 = CARTESIAN_POINT('',(0.,0.));
#10917 = VECTOR('',#10918,1.);
#10918 = DIRECTION('',(0.,1.));
#10919 = ( GEOMETRIC_REPRESENTATION_CONTEXT(2) 
PARAMETRIC_REPRESENTATION_CONTEXT() REPRESENTATION_CONTEXT('2D SPACE',''
  ) );
#10920 = PCURVE('',#8944,#10921);
#10921 = DEFINITIONAL_REPRESENTATION('',(#10922),#10926);
#10922 = LINE('',#10923,#10924);
#10923 = CARTESIAN_POINT('',(22.65,0.));
#10924 = VECTOR('',#10925,1.);
#10925 = DIRECTION('',(0.,-1.));
#10926 = ( GEOMETRIC_REPRESENTATION_CONTEXT(2) 
PARAMETRIC_REPRESENTATION_CONTEXT() REPRESENTATION_CONTEXT('2D SPACE',''
  ) );
#10927 = ORIENTED_EDGE('',*,*,#8956,.T.);
#10928 = ORIENTED_EDGE('',*,*,#10828,.T.);
#10929 = ORIENTED_EDGE('',*,*,#10930,.F.);
#10930 = EDGE_CURVE('',#10906,#10829,#10931,.T.);
#10931 = SURFACE_CURVE('',#10932,(#10937,#10944),.PCURVE_S1.);
#10932 = CIRCLE('',#10933,3.75);
#10933 = AXIS2_PLACEMENT_3D('',#10934,#10935,#10936);
#10934 = CARTESIAN_POINT('',(17.5,20.,12.9));
#10935 = DIRECTION('',(0.,0.,1.));
#10936 = DIRECTION('',(1.,0.,-0.));
#10937 = PCURVE('',#8973,#10938);
#10938 = DEFINITIONAL_REPRESENTATION('',(#10939),#10943);
#10939 = LINE('',#10940,#10941);
#10940 = CARTESIAN_POINT('',(0.,3.6));
#10941 = VECTOR('',#10942,1.);
#10942 = DIRECTION('',(1.,0.));
#10943 = ( GEOMETRIC_REPRESENTATION_CONTEXT(2) 
PARAMETRIC_REPRESENTATION_CONTEXT() REPRESENTATION_CONTEXT('2D SPACE',''
  ) );
#10944 = PCURVE('',#9615,#10945);
#10945 = DEFINITIONAL_REPRESENTATION('',(#10946),#10950);
#10946 = LINE('',#10947,#10948);
#10947 = CARTESIAN_POINT('',(0.,0.));
#10948 = VECTOR('',#10949,1.);
#10949 = DIRECTION('',(1.,0.));
#10950 = ( GEOMETRIC_REPRESENTATION_CONTEXT(2) 
PARAMETRIC_REPRESENTATION_CONTEXT() REPRESENTATION_CONTEXT('2D SPACE',''
  ) );
#10951 = ADVANCED_FACE('',(#10952),#8944,.F.);
#10952 = FACE_BOUND('',#10953,.F.);
#10953 = EDGE_LOOP('',(#10954,#10955,#10976,#10977));
#10954 = ORIENTED_EDGE('',*,*,#9394,.T.);
#10955 = ORIENTED_EDGE('',*,*,#10956,.T.);
#10956 = EDGE_CURVE('',#9395,#10906,#10957,.T.);
#10957 = SURFACE_CURVE('',#10958,(#10962,#10969),.PCURVE_S1.);
#10958 = LINE('',#10959,#10960);
#10959 = CARTESIAN_POINT('',(21.25,1.1,12.9));
#10960 = VECTOR('',#10961,1.);
#10961 = DIRECTION('',(0.,1.,0.));
#10962 = PCURVE('',#8944,#10963);
#10963 = DEFINITIONAL_REPRESENTATION('',(#10964),#10968);
#10964 = LINE('',#10965,#10966);
#10965 = CARTESIAN_POINT('',(3.75,-3.6));
#10966 = VECTOR('',#10967,1.);
#10967 = DIRECTION('',(1.,0.));
#10968 = ( GEOMETRIC_REPRESENTATION_CONTEXT(2) 
PARAMETRIC_REPRESENTATION_CONTEXT() REPRESENTATION_CONTEXT('2D SPACE',''
  ) );
#10969 = PCURVE('',#9586,#10970);
#10970 = DEFINITIONAL_REPRESENTATION('',(#10971),#10975);
#10971 = LINE('',#10972,#10973);
#10972 = CARTESIAN_POINT('',(-0.,0.));
#10973 = VECTOR('',#10974,1.);
#10974 = DIRECTION('',(-0.,1.));
#10975 = ( GEOMETRIC_REPRESENTATION_CONTEXT(2) 
PARAMETRIC_REPRESENTATION_CONTEXT() REPRESENTATION_CONTEXT('2D SPACE',''
  ) );
#10976 = ORIENTED_EDGE('',*,*,#10905,.F.);
#10977 = ORIENTED_EDGE('',*,*,#8928,.F.);
#10978 = ADVANCED_FACE('',(#10979),#9458,.T.);
#10979 = FACE_BOUND('',#10980,.F.);
#10980 = EDGE_LOOP('',(#10981,#11001,#11002,#11003));
#10981 = ORIENTED_EDGE('',*,*,#10982,.T.);
#10982 = EDGE_CURVE('',#9497,#9656,#10983,.T.);
#10983 = SURFACE_CURVE('',#10984,(#10989,#10995),.PCURVE_S1.);
#10984 = CIRCLE('',#10985,1.5);
#10985 = AXIS2_PLACEMENT_3D('',#10986,#10987,#10988);
#10986 = CARTESIAN_POINT('',(-10.35,20.,12.9));
#10987 = DIRECTION('',(6.123233995737E-17,1.,-0.));
#10988 = DIRECTION('',(-1.,6.123233995737E-17,0.));
#10989 = PCURVE('',#9458,#10990);
#10990 = DEFINITIONAL_REPRESENTATION('',(#10991),#10994);
#10991 = B_SPLINE_CURVE_WITH_KNOTS('',1,(#10992,#10993),.UNSPECIFIED.,
  .F.,.F.,(2,2),(0.,1.570796326795),.PIECEWISE_BEZIER_KNOTS.);
#10992 = CARTESIAN_POINT('',(0.,0.));
#10993 = CARTESIAN_POINT('',(-1.570796326795,0.));
#10994 = ( GEOMETRIC_REPRESENTATION_CONTEXT(2) 
PARAMETRIC_REPRESENTATION_CONTEXT() REPRESENTATION_CONTEXT('2D SPACE',''
  ) );
#10995 = PCURVE('',#9672,#10996);
#10996 = DEFINITIONAL_REPRESENTATION('',(#10997),#11000);
#10997 = B_SPLINE_CURVE_WITH_KNOTS('',1,(#10998,#10999),.UNSPECIFIED.,
  .F.,.F.,(2,2),(0.,1.570796326795),.PIECEWISE_BEZIER_KNOTS.);
#10998 = CARTESIAN_POINT('',(1.570796326795,0.));
#10999 = CARTESIAN_POINT('',(1.570796326795,1.570796326795));
#11000 = ( GEOMETRIC_REPRESENTATION_CONTEXT(2) 
PARAMETRIC_REPRESENTATION_CONTEXT() REPRESENTATION_CONTEXT('2D SPACE',''
  ) );
#11001 = ORIENTED_EDGE('',*,*,#9684,.T.);
#11002 = ORIENTED_EDGE('',*,*,#9442,.F.);
#11003 = ORIENTED_EDGE('',*,*,#9519,.F.);
#11004 = ADVANCED_FACE('',(#11005),#9586,.T.);
#11005 = FACE_BOUND('',#11006,.F.);
#11006 = EDGE_LOOP('',(#11007,#11008,#11009,#11029));
#11007 = ORIENTED_EDGE('',*,*,#9968,.T.);
#11008 = ORIENTED_EDGE('',*,*,#9570,.T.);
#11009 = ORIENTED_EDGE('',*,*,#11010,.F.);
#11010 = EDGE_CURVE('',#10906,#9571,#11011,.T.);
#11011 = SURFACE_CURVE('',#11012,(#11017,#11023),.PCURVE_S1.);
#11012 = CIRCLE('',#11013,1.5);
#11013 = AXIS2_PLACEMENT_3D('',#11014,#11015,#11016);
#11014 = CARTESIAN_POINT('',(19.75,20.,12.9));
#11015 = DIRECTION('',(0.,-1.,-0.));
#11016 = DIRECTION('',(1.,0.,-0.));
#11017 = PCURVE('',#9586,#11018);
#11018 = DEFINITIONAL_REPRESENTATION('',(#11019),#11022);
#11019 = B_SPLINE_CURVE_WITH_KNOTS('',1,(#11020,#11021),.UNSPECIFIED.,
  .F.,.F.,(2,2),(0.,1.570796326795),.PIECEWISE_BEZIER_KNOTS.);
#11020 = CARTESIAN_POINT('',(0.,18.9));
#11021 = CARTESIAN_POINT('',(-1.570796326795,18.9));
#11022 = ( GEOMETRIC_REPRESENTATION_CONTEXT(2) 
PARAMETRIC_REPRESENTATION_CONTEXT() REPRESENTATION_CONTEXT('2D SPACE',''
  ) );
#11023 = PCURVE('',#9615,#11024);
#11024 = DEFINITIONAL_REPRESENTATION('',(#11025),#11028);
#11025 = B_SPLINE_CURVE_WITH_KNOTS('',1,(#11026,#11027),.UNSPECIFIED.,
  .F.,.F.,(2,2),(0.,1.570796326795),.PIECEWISE_BEZIER_KNOTS.);
#11026 = CARTESIAN_POINT('',(0.,0.));
#11027 = CARTESIAN_POINT('',(0.,1.570796326795));
#11028 = ( GEOMETRIC_REPRESENTATION_CONTEXT(2) 
PARAMETRIC_REPRESENTATION_CONTEXT() REPRESENTATION_CONTEXT('2D SPACE',''
  ) );
#11029 = ORIENTED_EDGE('',*,*,#10956,.F.);
#11030 = ADVANCED_FACE('',(#11031),#9672,.T.);
#11031 = FACE_BOUND('',#11032,.T.);
#11032 = EDGE_LOOP('',(#11033,#11053,#11054,#11055));
#11033 = ORIENTED_EDGE('',*,*,#11034,.F.);
#11034 = EDGE_CURVE('',#9993,#9628,#11035,.T.);
#11035 = SURFACE_CURVE('',#11036,(#11041,#11047),.PCURVE_S1.);
#11036 = CIRCLE('',#11037,1.5);
#11037 = AXIS2_PLACEMENT_3D('',#11038,#11039,#11040);
#11038 = CARTESIAN_POINT('',(-8.1,22.25,12.9));
#11039 = DIRECTION('',(1.,0.,-0.));
#11040 = DIRECTION('',(0.,1.,0.));
#11041 = PCURVE('',#9672,#11042);
#11042 = DEFINITIONAL_REPRESENTATION('',(#11043),#11046);
#11043 = B_SPLINE_CURVE_WITH_KNOTS('',1,(#11044,#11045),.UNSPECIFIED.,
  .F.,.F.,(2,2),(0.,1.570796326795),.PIECEWISE_BEZIER_KNOTS.);
#11044 = CARTESIAN_POINT('',(0.,0.));
#11045 = CARTESIAN_POINT('',(0.,1.570796326795));
#11046 = ( GEOMETRIC_REPRESENTATION_CONTEXT(2) 
PARAMETRIC_REPRESENTATION_CONTEXT() REPRESENTATION_CONTEXT('2D SPACE',''
  ) );
#11047 = PCURVE('',#9643,#11048);
#11048 = DEFINITIONAL_REPRESENTATION('',(#11049),#11052);
#11049 = B_SPLINE_CURVE_WITH_KNOTS('',1,(#11050,#11051),.UNSPECIFIED.,
  .F.,.F.,(2,2),(0.,1.570796326795),.PIECEWISE_BEZIER_KNOTS.);
#11050 = CARTESIAN_POINT('',(0.,25.6));
#11051 = CARTESIAN_POINT('',(-1.570796326795,25.6));
#11052 = ( GEOMETRIC_REPRESENTATION_CONTEXT(2) 
PARAMETRIC_REPRESENTATION_CONTEXT() REPRESENTATION_CONTEXT('2D SPACE',''
  ) );
#11053 = ORIENTED_EDGE('',*,*,#10017,.T.);
#11054 = ORIENTED_EDGE('',*,*,#10982,.T.);
#11055 = ORIENTED_EDGE('',*,*,#9655,.F.);
#11056 = ADVANCED_FACE('',(#11057),#9615,.T.);
#11057 = FACE_BOUND('',#11058,.T.);
#11058 = EDGE_LOOP('',(#11059,#11060,#11061,#11081));
#11059 = ORIENTED_EDGE('',*,*,#11010,.F.);
#11060 = ORIENTED_EDGE('',*,*,#10930,.T.);
#11061 = ORIENTED_EDGE('',*,*,#11062,.T.);
#11062 = EDGE_CURVE('',#10829,#9599,#11063,.T.);
#11063 = SURFACE_CURVE('',#11064,(#11069,#11075),.PCURVE_S1.);
#11064 = CIRCLE('',#11065,1.5);
#11065 = AXIS2_PLACEMENT_3D('',#11066,#11067,#11068);
#11066 = CARTESIAN_POINT('',(17.5,22.25,12.9));
#11067 = DIRECTION('',(1.,-6.123233995737E-17,0.));
#11068 = DIRECTION('',(6.123233995737E-17,1.,0.));
#11069 = PCURVE('',#9615,#11070);
#11070 = DEFINITIONAL_REPRESENTATION('',(#11071),#11074);
#11071 = B_SPLINE_CURVE_WITH_KNOTS('',1,(#11072,#11073),.UNSPECIFIED.,
  .F.,.F.,(2,2),(0.,1.570796326795),.PIECEWISE_BEZIER_KNOTS.);
#11072 = CARTESIAN_POINT('',(1.570796326795,0.));
#11073 = CARTESIAN_POINT('',(1.570796326795,1.570796326795));
#11074 = ( GEOMETRIC_REPRESENTATION_CONTEXT(2) 
PARAMETRIC_REPRESENTATION_CONTEXT() REPRESENTATION_CONTEXT('2D SPACE',''
  ) );
#11075 = PCURVE('',#9643,#11076);
#11076 = DEFINITIONAL_REPRESENTATION('',(#11077),#11080);
#11077 = B_SPLINE_CURVE_WITH_KNOTS('',1,(#11078,#11079),.UNSPECIFIED.,
  .F.,.F.,(2,2),(0.,1.570796326795),.PIECEWISE_BEZIER_KNOTS.);
#11078 = CARTESIAN_POINT('',(0.,0.));
#11079 = CARTESIAN_POINT('',(-1.570796326795,0.));
#11080 = ( GEOMETRIC_REPRESENTATION_CONTEXT(2) 
PARAMETRIC_REPRESENTATION_CONTEXT() REPRESENTATION_CONTEXT('2D SPACE',''
  ) );
#11081 = ORIENTED_EDGE('',*,*,#9598,.F.);
#11082 = ADVANCED_FACE('',(#11083),#9643,.T.);
#11083 = FACE_BOUND('',#11084,.F.);
#11084 = EDGE_LOOP('',(#11085,#11086,#11087,#11088,#11089,#11090,#11170,
    #11196));
#11085 = ORIENTED_EDGE('',*,*,#10851,.F.);
#11086 = ORIENTED_EDGE('',*,*,#11062,.T.);
#11087 = ORIENTED_EDGE('',*,*,#9627,.T.);
#11088 = ORIENTED_EDGE('',*,*,#11034,.F.);
#11089 = ORIENTED_EDGE('',*,*,#10073,.F.);
#11090 = ORIENTED_EDGE('',*,*,#11091,.T.);
#11091 = EDGE_CURVE('',#10043,#11092,#11094,.T.);
#11092 = VERTEX_POINT('',#11093);
#11093 = CARTESIAN_POINT('',(4.4,23.36803398875,13.9));
#11094 = SURFACE_CURVE('',#11095,(#11118,#11144),.PCURVE_S1.);
#11095 = B_SPLINE_CURVE_WITH_KNOTS('',6,(#11096,#11097,#11098,#11099,
    #11100,#11101,#11102,#11103,#11104,#11105,#11106,#11107,#11108,
    #11109,#11110,#11111,#11112,#11113,#11114,#11115,#11116,#11117),
  .UNSPECIFIED.,.F.,.F.,(7,5,5,5,7),(0.,0.164464513476,0.504827372892,
    0.768239095269,1.),.UNSPECIFIED.);
#11096 = CARTESIAN_POINT('',(2.667949192431,23.75,12.9));
#11097 = CARTESIAN_POINT('',(2.699294584361,23.75,12.954291811405));
#11098 = CARTESIAN_POINT('',(2.732491696823,23.747641979615,
    13.007074647736));
#11099 = CARTESIAN_POINT('',(2.767405928704,23.743171419505,
    13.058223269293));
#11100 = CARTESIAN_POINT('',(2.803888001931,23.736831777321,
    13.107631084453));
#11101 = CARTESIAN_POINT('',(2.841774702626,23.728865122403,
    13.155209241667));
#11102 = CARTESIAN_POINT('',(2.961838792467,23.700157876402,
    13.295414181936));
#11103 = CARTESIAN_POINT('',(3.048101754226,23.674855202725,
    13.381860306147));
#11104 = CARTESIAN_POINT('',(3.138767778332,23.645572143503,
    13.460317394183));
#11105 = CARTESIAN_POINT('',(3.23318432643,23.613893739192,
    13.531031226798));
#11106 = CARTESIAN_POINT('',(3.33095528914,23.581235317534,
    13.594241215996));
#11107 = CARTESIAN_POINT('',(3.510036097799,23.524033260251,
    13.693303132824));
#11108 = CARTESIAN_POINT('',(3.590162352705,23.499294845119,
    13.73216033745));
#11109 = CARTESIAN_POINT('',(3.672128329673,23.475448036037,
    13.766652202916));
#11110 = CARTESIAN_POINT('',(3.755802116151,23.453176822574,
    13.796748404767));
#11111 = CARTESIAN_POINT('',(3.84110285733,23.433177739675,
    13.822403191582));
#11112 = CARTESIAN_POINT('',(4.004492596269,23.401072698806,
    13.862082291018));
#11113 = CARTESIAN_POINT('',(4.082317395948,23.388287303504,
    13.87715814526));
#11114 = CARTESIAN_POINT('',(4.161058614704,23.3782806871,
    13.888543907138));
#11115 = CARTESIAN_POINT('',(4.240404865992,23.371458072082,
    13.896171740039));
#11116 = CARTESIAN_POINT('',(4.320122080398,23.36803398875,13.9));
#11117 = CARTESIAN_POINT('',(4.4,23.36803398875,13.9));
#11118 = PCURVE('',#9643,#11119);
#11119 = DEFINITIONAL_REPRESENTATION('',(#11120),#11143);
#11120 = B_SPLINE_CURVE_WITH_KNOTS('',6,(#11121,#11122,#11123,#11124,
    #11125,#11126,#11127,#11128,#11129,#11130,#11131,#11132,#11133,
    #11134,#11135,#11136,#11137,#11138,#11139,#11140,#11141,#11142),
  .UNSPECIFIED.,.F.,.F.,(7,5,5,5,7),(0.,0.164464513476,0.504827372892,
    0.768239095269,1.),.UNSPECIFIED.);
#11121 = CARTESIAN_POINT('',(0.,14.832050807569));
#11122 = CARTESIAN_POINT('',(-3.61945409368E-02,14.800705415639));
#11123 = CARTESIAN_POINT('',(-7.138312004302E-02,14.767508303177));
#11124 = CARTESIAN_POINT('',(-0.105567483248,14.732594071296));
#11125 = CARTESIAN_POINT('',(-0.138738450643,14.696111998069));
#11126 = CARTESIAN_POINT('',(-0.170877877455,14.658225297374));
#11127 = CARTESIAN_POINT('',(-0.26628701107,14.538161207533));
#11128 = CARTESIAN_POINT('',(-0.326130321175,14.451898245774));
#11129 = CARTESIAN_POINT('',(-0.381765767878,14.361232221668));
#11130 = CARTESIAN_POINT('',(-0.433293501231,14.26681567357));
#11131 = CARTESIAN_POINT('',(-0.4806740226,14.16904471086));
#11132 = CARTESIAN_POINT('',(-0.556934799537,13.989963902201));
#11133 = CARTESIAN_POINT('',(-0.587615266138,13.909837647295));
#11134 = CARTESIAN_POINT('',(-0.615544405391,13.827871670327));
#11135 = CARTESIAN_POINT('',(-0.640492025108,13.744197883849));
#11136 = CARTESIAN_POINT('',(-0.662174431704,13.65889714267));
#11137 = CARTESIAN_POINT('',(-0.696201640303,13.495507403731));
#11138 = CARTESIAN_POINT('',(-0.709376302212,13.417682604052));
#11139 = CARTESIAN_POINT('',(-0.719480834811,13.338941385296));
#11140 = CARTESIAN_POINT('',(-0.726303605739,13.259595134008));
#11141 = CARTESIAN_POINT('',(-0.729727656227,13.179877919602));
#11142 = CARTESIAN_POINT('',(-0.729727656227,13.1));
#11143 = ( GEOMETRIC_REPRESENTATION_CONTEXT(2) 
PARAMETRIC_REPRESENTATION_CONTEXT() REPRESENTATION_CONTEXT('2D SPACE',''
  ) );
#11144 = PCURVE('',#10061,#11145);
#11145 = DEFINITIONAL_REPRESENTATION('',(#11146),#11169);
#11146 = B_SPLINE_CURVE_WITH_KNOTS('',6,(#11147,#11148,#11149,#11150,
    #11151,#11152,#11153,#11154,#11155,#11156,#11157,#11158,#11159,
    #11160,#11161,#11162,#11163,#11164,#11165,#11166,#11167,#11168),
  .UNSPECIFIED.,.F.,.F.,(7,5,5,5,7),(0.,0.164464513476,0.504827372892,
    0.768239095269,1.),.UNSPECIFIED.);
#11147 = CARTESIAN_POINT('',(-0.523598775598,1.));
#11148 = CARTESIAN_POINT('',(-0.554944167528,1.));
#11149 = CARTESIAN_POINT('',(-0.586099080016,1.002358020385));
#11150 = CARTESIAN_POINT('',(-0.617031090749,1.006828580495));
#11151 = CARTESIAN_POINT('',(-0.647708738796,1.013168222679));
#11152 = CARTESIAN_POINT('',(-0.678099430272,1.021134877597));
#11153 = CARTESIAN_POINT('',(-0.770393540248,1.049842123598));
#11154 = CARTESIAN_POINT('',(-0.831278399978,1.075144797275));
#11155 = CARTESIAN_POINT('',(-0.890994925471,1.104427856497));
#11156 = CARTESIAN_POINT('',(-0.949764128358,1.136106260808));
#11157 = CARTESIAN_POINT('',(-1.007839256163,1.168764682466));
#11158 = CARTESIAN_POINT('',(-1.110166182477,1.225966739749));
#11159 = CARTESIAN_POINT('',(-1.154627485043,1.250705154881));
#11160 = CARTESIAN_POINT('',(-1.198997195896,1.274551963963));
#11161 = CARTESIAN_POINT('',(-1.243364497762,1.296823177426));
#11162 = CARTESIAN_POINT('',(-1.287837392731,1.316822260325));
#11163 = CARTESIAN_POINT('',(-1.371906765458,1.348927301194));
#11164 = CARTESIAN_POINT('',(-1.411498946442,1.361712696496));
#11165 = CARTESIAN_POINT('',(-1.451210829217,1.3717193129));
#11166 = CARTESIAN_POINT('',(-1.490998793974,1.378541927918));
#11167 = CARTESIAN_POINT('',(-1.530857366994,1.38196601125));
#11168 = CARTESIAN_POINT('',(-1.570796326795,1.38196601125));
#11169 = ( GEOMETRIC_REPRESENTATION_CONTEXT(2) 
PARAMETRIC_REPRESENTATION_CONTEXT() REPRESENTATION_CONTEXT('2D SPACE',''
  ) );
#11170 = ORIENTED_EDGE('',*,*,#11171,.F.);
#11171 = EDGE_CURVE('',#11172,#11092,#11174,.T.);
#11172 = VERTEX_POINT('',#11173);
#11173 = CARTESIAN_POINT('',(13.4,23.36803398875,13.9));
#11174 = SURFACE_CURVE('',#11175,(#11179,#11185),.PCURVE_S1.);
#11175 = LINE('',#11176,#11177);
#11176 = CARTESIAN_POINT('',(17.5,23.36803398875,13.9));
#11177 = VECTOR('',#11178,1.);
#11178 = DIRECTION('',(-1.,0.,0.));
#11179 = PCURVE('',#9643,#11180);
#11180 = DEFINITIONAL_REPRESENTATION('',(#11181),#11184);
#11181 = B_SPLINE_CURVE_WITH_KNOTS('',1,(#11182,#11183),.UNSPECIFIED.,
  .F.,.F.,(2,2),(3.2,14.),.PIECEWISE_BEZIER_KNOTS.);
#11182 = CARTESIAN_POINT('',(-0.729727656227,3.2));
#11183 = CARTESIAN_POINT('',(-0.729727656227,14.));
#11184 = ( GEOMETRIC_REPRESENTATION_CONTEXT(2) 
PARAMETRIC_REPRESENTATION_CONTEXT() REPRESENTATION_CONTEXT('2D SPACE',''
  ) );
#11185 = PCURVE('',#11186,#11191);
#11186 = PLANE('',#11187);
#11187 = AXIS2_PLACEMENT_3D('',#11188,#11189,#11190);
#11188 = CARTESIAN_POINT('',(8.9,23.65,13.9));
#11189 = DIRECTION('',(0.,0.,1.));
#11190 = DIRECTION('',(1.,0.,-0.));
#11191 = DEFINITIONAL_REPRESENTATION('',(#11192),#11195);
#11192 = B_SPLINE_CURVE_WITH_KNOTS('',1,(#11193,#11194),.UNSPECIFIED.,
  .F.,.F.,(2,2),(3.2,14.),.PIECEWISE_BEZIER_KNOTS.);
#11193 = CARTESIAN_POINT('',(5.4,-0.28196601125));
#11194 = CARTESIAN_POINT('',(-5.4,-0.28196601125));
#11195 = ( GEOMETRIC_REPRESENTATION_CONTEXT(2) 
PARAMETRIC_REPRESENTATION_CONTEXT() REPRESENTATION_CONTEXT('2D SPACE',''
  ) );
#11196 = ORIENTED_EDGE('',*,*,#11197,.F.);
#11197 = EDGE_CURVE('',#10852,#11172,#11198,.T.);
#11198 = SURFACE_CURVE('',#11199,(#11222,#11248),.PCURVE_S1.);
#11199 = B_SPLINE_CURVE_WITH_KNOTS('',6,(#11200,#11201,#11202,#11203,
    #11204,#11205,#11206,#11207,#11208,#11209,#11210,#11211,#11212,
    #11213,#11214,#11215,#11216,#11217,#11218,#11219,#11220,#11221),
  .UNSPECIFIED.,.F.,.F.,(7,5,5,5,7),(0.,0.164464513476,0.504827372892,
    0.768239095269,1.),.UNSPECIFIED.);
#11200 = CARTESIAN_POINT('',(15.132050807569,23.75,12.9));
#11201 = CARTESIAN_POINT('',(15.100705415639,23.75,12.954291811405));
#11202 = CARTESIAN_POINT('',(15.067508303177,23.747641979615,
    13.007074647737));
#11203 = CARTESIAN_POINT('',(15.032594071296,23.743171419505,
    13.058223269293));
#11204 = CARTESIAN_POINT('',(14.996111998069,23.736831777321,
    13.107631084453));
#11205 = CARTESIAN_POINT('',(14.958225297374,23.728865122403,
    13.155209241667));
#11206 = CARTESIAN_POINT('',(14.838161207533,23.700157876402,
    13.295414181936));
#11207 = CARTESIAN_POINT('',(14.751898245774,23.674855202725,
    13.381860306147));
#11208 = CARTESIAN_POINT('',(14.661232221667,23.645572143503,
    13.460317394183));
#11209 = CARTESIAN_POINT('',(14.56681567357,23.613893739192,
    13.531031226798));
#11210 = CARTESIAN_POINT('',(14.46904471086,23.581235317534,
    13.594241215996));
#11211 = CARTESIAN_POINT('',(14.289963902201,23.524033260251,
    13.693303132824));
#11212 = CARTESIAN_POINT('',(14.209837647295,23.499294845119,
    13.73216033745));
#11213 = CARTESIAN_POINT('',(14.127871670327,23.475448036037,
    13.766652202916));
#11214 = CARTESIAN_POINT('',(14.044197883849,23.453176822574,
    13.796748404767));
#11215 = CARTESIAN_POINT('',(13.95889714267,23.433177739675,
    13.822403191582));
#11216 = CARTESIAN_POINT('',(13.795507403731,23.401072698806,
    13.862082291018));
#11217 = CARTESIAN_POINT('',(13.717682604052,23.388287303504,
    13.87715814526));
#11218 = CARTESIAN_POINT('',(13.638941385296,23.3782806871,
    13.888543907138));
#11219 = CARTESIAN_POINT('',(13.559595134008,23.371458072082,
    13.896171740039));
#11220 = CARTESIAN_POINT('',(13.479877919602,23.36803398875,13.9));
#11221 = CARTESIAN_POINT('',(13.4,23.36803398875,13.9));
#11222 = PCURVE('',#9643,#11223);
#11223 = DEFINITIONAL_REPRESENTATION('',(#11224),#11247);
#11224 = B_SPLINE_CURVE_WITH_KNOTS('',6,(#11225,#11226,#11227,#11228,
    #11229,#11230,#11231,#11232,#11233,#11234,#11235,#11236,#11237,
    #11238,#11239,#11240,#11241,#11242,#11243,#11244,#11245,#11246),
  .UNSPECIFIED.,.F.,.F.,(7,5,5,5,7),(0.,0.164464513476,0.504827372892,
    0.768239095269,1.),.UNSPECIFIED.);
#11225 = CARTESIAN_POINT('',(0.,2.367949192431));
#11226 = CARTESIAN_POINT('',(-3.619454093671E-02,2.399294584361));
#11227 = CARTESIAN_POINT('',(-7.138312004304E-02,2.432491696823));
#11228 = CARTESIAN_POINT('',(-0.105567483248,2.467405928704));
#11229 = CARTESIAN_POINT('',(-0.138738450643,2.503888001931));
#11230 = CARTESIAN_POINT('',(-0.170877877455,2.541774702626));
#11231 = CARTESIAN_POINT('',(-0.26628701107,2.661838792467));
#11232 = CARTESIAN_POINT('',(-0.326130321175,2.748101754226));
#11233 = CARTESIAN_POINT('',(-0.381765767878,2.838767778333));
#11234 = CARTESIAN_POINT('',(-0.433293501231,2.93318432643));
#11235 = CARTESIAN_POINT('',(-0.4806740226,3.03095528914));
#11236 = CARTESIAN_POINT('',(-0.556934799537,3.210036097799));
#11237 = CARTESIAN_POINT('',(-0.587615266138,3.290162352705));
#11238 = CARTESIAN_POINT('',(-0.615544405391,3.372128329673));
#11239 = CARTESIAN_POINT('',(-0.640492025108,3.455802116151));
#11240 = CARTESIAN_POINT('',(-0.662174431704,3.54110285733));
#11241 = CARTESIAN_POINT('',(-0.696201640303,3.704492596269));
#11242 = CARTESIAN_POINT('',(-0.709376302212,3.782317395948));
#11243 = CARTESIAN_POINT('',(-0.719480834811,3.861058614704));
#11244 = CARTESIAN_POINT('',(-0.726303605739,3.940404865992));
#11245 = CARTESIAN_POINT('',(-0.729727656227,4.020122080398));
#11246 = CARTESIAN_POINT('',(-0.729727656227,4.1));
#11247 = ( GEOMETRIC_REPRESENTATION_CONTEXT(2) 
PARAMETRIC_REPRESENTATION_CONTEXT() REPRESENTATION_CONTEXT('2D SPACE',''
  ) );
#11248 = PCURVE('',#10792,#11249);
#11249 = DEFINITIONAL_REPRESENTATION('',(#11250),#11273);
#11250 = B_SPLINE_CURVE_WITH_KNOTS('',6,(#11251,#11252,#11253,#11254,
    #11255,#11256,#11257,#11258,#11259,#11260,#11261,#11262,#11263,
    #11264,#11265,#11266,#11267,#11268,#11269,#11270,#11271,#11272),
  .UNSPECIFIED.,.F.,.F.,(7,5,5,5,7),(0.,0.164464513476,0.504827372892,
    0.768239095269,1.),.UNSPECIFIED.);
#11251 = CARTESIAN_POINT('',(-0.523598775598,1.2));
#11252 = CARTESIAN_POINT('',(-0.554944167528,1.2));
#11253 = CARTESIAN_POINT('',(-0.586099080016,1.197641979615));
#11254 = CARTESIAN_POINT('',(-0.617031090749,1.193171419505));
#11255 = CARTESIAN_POINT('',(-0.647708738796,1.186831777321));
#11256 = CARTESIAN_POINT('',(-0.678099430272,1.178865122403));
#11257 = CARTESIAN_POINT('',(-0.770393540248,1.150157876402));
#11258 = CARTESIAN_POINT('',(-0.831278399978,1.124855202725));
#11259 = CARTESIAN_POINT('',(-0.890994925471,1.095572143503));
#11260 = CARTESIAN_POINT('',(-0.949764128358,1.063893739192));
#11261 = CARTESIAN_POINT('',(-1.007839256163,1.031235317534));
#11262 = CARTESIAN_POINT('',(-1.110166182477,0.974033260251));
#11263 = CARTESIAN_POINT('',(-1.154627485043,0.949294845119));
#11264 = CARTESIAN_POINT('',(-1.198997195895,0.925448036037));
#11265 = CARTESIAN_POINT('',(-1.243364497762,0.903176822574));
#11266 = CARTESIAN_POINT('',(-1.287837392731,0.883177739675));
#11267 = CARTESIAN_POINT('',(-1.371906765458,0.851072698806));
#11268 = CARTESIAN_POINT('',(-1.411498946442,0.838287303504));
#11269 = CARTESIAN_POINT('',(-1.451210829217,0.8282806871));
#11270 = CARTESIAN_POINT('',(-1.490998793974,0.821458072082));
#11271 = CARTESIAN_POINT('',(-1.530857366994,0.81803398875));
#11272 = CARTESIAN_POINT('',(-1.570796326795,0.81803398875));
#11273 = ( GEOMETRIC_REPRESENTATION_CONTEXT(2) 
PARAMETRIC_REPRESENTATION_CONTEXT() REPRESENTATION_CONTEXT('2D SPACE',''
  ) );
#11274 = ADVANCED_FACE('',(#11275),#9729,.F.);
#11275 = FACE_BOUND('',#11276,.T.);
#11276 = EDGE_LOOP('',(#11277,#11310,#11331,#11332));
#11277 = ORIENTED_EDGE('',*,*,#11278,.T.);
#11278 = EDGE_CURVE('',#11279,#11279,#11281,.T.);
#11279 = VERTEX_POINT('',#11280);
#11280 = CARTESIAN_POINT('',(3.85,2.4,12.8));
#11281 = SURFACE_CURVE('',#11282,(#11287,#11294),.PCURVE_S1.);
#11282 = CIRCLE('',#11283,0.75);
#11283 = AXIS2_PLACEMENT_3D('',#11284,#11285,#11286);
#11284 = CARTESIAN_POINT('',(3.1,2.4,12.8));
#11285 = DIRECTION('',(0.,0.,-1.));
#11286 = DIRECTION('',(1.,0.,0.));
#11287 = PCURVE('',#9729,#11288);
#11288 = DEFINITIONAL_REPRESENTATION('',(#11289),#11293);
#11289 = LINE('',#11290,#11291);
#11290 = CARTESIAN_POINT('',(-6.28318530718,-1.));
#11291 = VECTOR('',#11292,1.);
#11292 = DIRECTION('',(1.,-0.));
#11293 = ( GEOMETRIC_REPRESENTATION_CONTEXT(2) 
PARAMETRIC_REPRESENTATION_CONTEXT() REPRESENTATION_CONTEXT('2D SPACE',''
  ) );
#11294 = PCURVE('',#11295,#11300);
#11295 = PLANE('',#11296);
#11296 = AXIS2_PLACEMENT_3D('',#11297,#11298,#11299);
#11297 = CARTESIAN_POINT('',(4.7,10.55,12.8));
#11298 = DIRECTION('',(0.,0.,1.));
#11299 = DIRECTION('',(1.,0.,-0.));
#11300 = DEFINITIONAL_REPRESENTATION('',(#11301),#11309);
#11301 = ( BOUNDED_CURVE() B_SPLINE_CURVE(2,(#11302,#11303,#11304,#11305
    ,#11306,#11307,#11308),.UNSPECIFIED.,.T.,.F.) 
B_SPLINE_CURVE_WITH_KNOTS((1,2,2,2,2,1),(-2.094395102393,0.,
    2.094395102393,4.188790204786,6.28318530718,8.377580409573),
.UNSPECIFIED.) CURVE() GEOMETRIC_REPRESENTATION_ITEM() 
RATIONAL_B_SPLINE_CURVE((1.,0.5,1.,0.5,1.,0.5,1.)) REPRESENTATION_ITEM(
  '') );
#11302 = CARTESIAN_POINT('',(-0.85,-8.15));
#11303 = CARTESIAN_POINT('',(-0.85,-9.449038105677));
#11304 = CARTESIAN_POINT('',(-1.975,-8.799519052838));
#11305 = CARTESIAN_POINT('',(-3.1,-8.15));
#11306 = CARTESIAN_POINT('',(-1.975,-7.500480947162));
#11307 = CARTESIAN_POINT('',(-0.85,-6.850961894323));
#11308 = CARTESIAN_POINT('',(-0.85,-8.15));
#11309 = ( GEOMETRIC_REPRESENTATION_CONTEXT(2) 
PARAMETRIC_REPRESENTATION_CONTEXT() REPRESENTATION_CONTEXT('2D SPACE',''
  ) );
#11310 = ORIENTED_EDGE('',*,*,#11311,.T.);
#11311 = EDGE_CURVE('',#11279,#9709,#11312,.T.);
#11312 = SEAM_CURVE('',#11313,(#11317,#11324),.PCURVE_S1.);
#11313 = LINE('',#11314,#11315);
#11314 = CARTESIAN_POINT('',(3.85,2.4,11.8));
#11315 = VECTOR('',#11316,1.);
#11316 = DIRECTION('',(0.,0.,1.));
#11317 = PCURVE('',#9729,#11318);
#11318 = DEFINITIONAL_REPRESENTATION('',(#11319),#11323);
#11319 = LINE('',#11320,#11321);
#11320 = CARTESIAN_POINT('',(-6.28318530718,0.));
#11321 = VECTOR('',#11322,1.);
#11322 = DIRECTION('',(-0.,-1.));
#11323 = ( GEOMETRIC_REPRESENTATION_CONTEXT(2) 
PARAMETRIC_REPRESENTATION_CONTEXT() REPRESENTATION_CONTEXT('2D SPACE',''
  ) );
#11324 = PCURVE('',#9729,#11325);
#11325 = DEFINITIONAL_REPRESENTATION('',(#11326),#11330);
#11326 = LINE('',#11327,#11328);
#11327 = CARTESIAN_POINT('',(-0.,0.));
#11328 = VECTOR('',#11329,1.);
#11329 = DIRECTION('',(-0.,-1.));
#11330 = ( GEOMETRIC_REPRESENTATION_CONTEXT(2) 
PARAMETRIC_REPRESENTATION_CONTEXT() REPRESENTATION_CONTEXT('2D SPACE',''
  ) );
#11331 = ORIENTED_EDGE('',*,*,#9708,.F.);
#11332 = ORIENTED_EDGE('',*,*,#11311,.F.);
#11333 = ADVANCED_FACE('',(#11334),#9762,.F.);
#11334 = FACE_BOUND('',#11335,.F.);
#11335 = EDGE_LOOP('',(#11336,#11359,#11383,#11404));
#11336 = ORIENTED_EDGE('',*,*,#11337,.F.);
#11337 = EDGE_CURVE('',#11338,#9744,#11340,.T.);
#11338 = VERTEX_POINT('',#11339);
#11339 = CARTESIAN_POINT('',(-4.75,10.7,12.8));
#11340 = SURFACE_CURVE('',#11341,(#11345,#11352),.PCURVE_S1.);
#11341 = LINE('',#11342,#11343);
#11342 = CARTESIAN_POINT('',(-4.75,10.7,11.8));
#11343 = VECTOR('',#11344,1.);
#11344 = DIRECTION('',(0.,0.,1.));
#11345 = PCURVE('',#9762,#11346);
#11346 = DEFINITIONAL_REPRESENTATION('',(#11347),#11351);
#11347 = LINE('',#11348,#11349);
#11348 = CARTESIAN_POINT('',(0.,0.));
#11349 = VECTOR('',#11350,1.);
#11350 = DIRECTION('',(0.,1.));
#11351 = ( GEOMETRIC_REPRESENTATION_CONTEXT(2) 
PARAMETRIC_REPRESENTATION_CONTEXT() REPRESENTATION_CONTEXT('2D SPACE',''
  ) );
#11352 = PCURVE('',#9789,#11353);
#11353 = DEFINITIONAL_REPRESENTATION('',(#11354),#11358);
#11354 = LINE('',#11355,#11356);
#11355 = CARTESIAN_POINT('',(2.,0.));
#11356 = VECTOR('',#11357,1.);
#11357 = DIRECTION('',(0.,-1.));
#11358 = ( GEOMETRIC_REPRESENTATION_CONTEXT(2) 
PARAMETRIC_REPRESENTATION_CONTEXT() REPRESENTATION_CONTEXT('2D SPACE',''
  ) );
#11359 = ORIENTED_EDGE('',*,*,#11360,.T.);
#11360 = EDGE_CURVE('',#11338,#11361,#11363,.T.);
#11361 = VERTEX_POINT('',#11362);
#11362 = CARTESIAN_POINT('',(-3.55,11.9,12.8));
#11363 = SURFACE_CURVE('',#11364,(#11369,#11376),.PCURVE_S1.);
#11364 = CIRCLE('',#11365,1.2);
#11365 = AXIS2_PLACEMENT_3D('',#11366,#11367,#11368);
#11366 = CARTESIAN_POINT('',(-4.75,11.9,12.8));
#11367 = DIRECTION('',(0.,0.,1.));
#11368 = DIRECTION('',(0.,-1.,0.));
#11369 = PCURVE('',#9762,#11370);
#11370 = DEFINITIONAL_REPRESENTATION('',(#11371),#11375);
#11371 = LINE('',#11372,#11373);
#11372 = CARTESIAN_POINT('',(0.,1.));
#11373 = VECTOR('',#11374,1.);
#11374 = DIRECTION('',(1.,0.));
#11375 = ( GEOMETRIC_REPRESENTATION_CONTEXT(2) 
PARAMETRIC_REPRESENTATION_CONTEXT() REPRESENTATION_CONTEXT('2D SPACE',''
  ) );
#11376 = PCURVE('',#11295,#11377);
#11377 = DEFINITIONAL_REPRESENTATION('',(#11378),#11382);
#11378 = CIRCLE('',#11379,1.2);
#11379 = AXIS2_PLACEMENT_2D('',#11380,#11381);
#11380 = CARTESIAN_POINT('',(-9.45,1.35));
#11381 = DIRECTION('',(0.,-1.));
#11382 = ( GEOMETRIC_REPRESENTATION_CONTEXT(2) 
PARAMETRIC_REPRESENTATION_CONTEXT() REPRESENTATION_CONTEXT('2D SPACE',''
  ) );
#11383 = ORIENTED_EDGE('',*,*,#11384,.T.);
#11384 = EDGE_CURVE('',#11361,#9746,#11385,.T.);
#11385 = SURFACE_CURVE('',#11386,(#11390,#11397),.PCURVE_S1.);
#11386 = LINE('',#11387,#11388);
#11387 = CARTESIAN_POINT('',(-3.55,11.9,11.8));
#11388 = VECTOR('',#11389,1.);
#11389 = DIRECTION('',(0.,0.,1.));
#11390 = PCURVE('',#9762,#11391);
#11391 = DEFINITIONAL_REPRESENTATION('',(#11392),#11396);
#11392 = LINE('',#11393,#11394);
#11393 = CARTESIAN_POINT('',(1.570796326795,0.));
#11394 = VECTOR('',#11395,1.);
#11395 = DIRECTION('',(0.,1.));
#11396 = ( GEOMETRIC_REPRESENTATION_CONTEXT(2) 
PARAMETRIC_REPRESENTATION_CONTEXT() REPRESENTATION_CONTEXT('2D SPACE',''
  ) );
#11397 = PCURVE('',#9952,#11398);
#11398 = DEFINITIONAL_REPRESENTATION('',(#11399),#11403);
#11399 = LINE('',#11400,#11401);
#11400 = CARTESIAN_POINT('',(1.2,0.));
#11401 = VECTOR('',#11402,1.);
#11402 = DIRECTION('',(0.,-1.));
#11403 = ( GEOMETRIC_REPRESENTATION_CONTEXT(2) 
PARAMETRIC_REPRESENTATION_CONTEXT() REPRESENTATION_CONTEXT('2D SPACE',''
  ) );
#11404 = ORIENTED_EDGE('',*,*,#9743,.F.);
#11405 = ADVANCED_FACE('',(#11406),#9789,.T.);
#11406 = FACE_BOUND('',#11407,.T.);
#11407 = EDGE_LOOP('',(#11408,#11429,#11450,#11451));
#11408 = ORIENTED_EDGE('',*,*,#11409,.T.);
#11409 = EDGE_CURVE('',#11338,#11410,#11412,.T.);
#11410 = VERTEX_POINT('',#11411);
#11411 = CARTESIAN_POINT('',(-5.55,10.7,12.8));
#11412 = SURFACE_CURVE('',#11413,(#11417,#11423),.PCURVE_S1.);
#11413 = LINE('',#11414,#11415);
#11414 = CARTESIAN_POINT('',(-1.025,10.7,12.8));
#11415 = VECTOR('',#11416,1.);
#11416 = DIRECTION('',(-1.,0.,0.));
#11417 = PCURVE('',#9789,#11418);
#11418 = DEFINITIONAL_REPRESENTATION('',(#11419),#11422);
#11419 = B_SPLINE_CURVE_WITH_KNOTS('',1,(#11420,#11421),.UNSPECIFIED.,
  .F.,.F.,(2,2),(3.725,4.525),.PIECEWISE_BEZIER_KNOTS.);
#11420 = CARTESIAN_POINT('',(2.,-1.));
#11421 = CARTESIAN_POINT('',(1.2,-1.));
#11422 = ( GEOMETRIC_REPRESENTATION_CONTEXT(2) 
PARAMETRIC_REPRESENTATION_CONTEXT() REPRESENTATION_CONTEXT('2D SPACE',''
  ) );
#11423 = PCURVE('',#11295,#11424);
#11424 = DEFINITIONAL_REPRESENTATION('',(#11425),#11428);
#11425 = B_SPLINE_CURVE_WITH_KNOTS('',1,(#11426,#11427),.UNSPECIFIED.,
  .F.,.F.,(2,2),(3.725,4.525),.PIECEWISE_BEZIER_KNOTS.);
#11426 = CARTESIAN_POINT('',(-9.45,0.15));
#11427 = CARTESIAN_POINT('',(-10.25,0.15));
#11428 = ( GEOMETRIC_REPRESENTATION_CONTEXT(2) 
PARAMETRIC_REPRESENTATION_CONTEXT() REPRESENTATION_CONTEXT('2D SPACE',''
  ) );
#11429 = ORIENTED_EDGE('',*,*,#11430,.T.);
#11430 = EDGE_CURVE('',#11410,#9775,#11431,.T.);
#11431 = SURFACE_CURVE('',#11432,(#11436,#11443),.PCURVE_S1.);
#11432 = LINE('',#11433,#11434);
#11433 = CARTESIAN_POINT('',(-5.55,10.7,11.8));
#11434 = VECTOR('',#11435,1.);
#11435 = DIRECTION('',(0.,0.,1.));
#11436 = PCURVE('',#9789,#11437);
#11437 = DEFINITIONAL_REPRESENTATION('',(#11438),#11442);
#11438 = LINE('',#11439,#11440);
#11439 = CARTESIAN_POINT('',(1.2,0.));
#11440 = VECTOR('',#11441,1.);
#11441 = DIRECTION('',(0.,-1.));
#11442 = ( GEOMETRIC_REPRESENTATION_CONTEXT(2) 
PARAMETRIC_REPRESENTATION_CONTEXT() REPRESENTATION_CONTEXT('2D SPACE',''
  ) );
#11443 = PCURVE('',#9817,#11444);
#11444 = DEFINITIONAL_REPRESENTATION('',(#11445),#11449);
#11445 = LINE('',#11446,#11447);
#11446 = CARTESIAN_POINT('',(-0.,0.));
#11447 = VECTOR('',#11448,1.);
#11448 = DIRECTION('',(-0.,1.));
#11449 = ( GEOMETRIC_REPRESENTATION_CONTEXT(2) 
PARAMETRIC_REPRESENTATION_CONTEXT() REPRESENTATION_CONTEXT('2D SPACE',''
  ) );
#11450 = ORIENTED_EDGE('',*,*,#9774,.F.);
#11451 = ORIENTED_EDGE('',*,*,#11337,.F.);
#11452 = ADVANCED_FACE('',(#11453),#9952,.T.);
#11453 = FACE_BOUND('',#11454,.T.);
#11454 = EDGE_LOOP('',(#11455,#11476,#11477,#11478));
#11455 = ORIENTED_EDGE('',*,*,#11456,.T.);
#11456 = EDGE_CURVE('',#11457,#11361,#11459,.T.);
#11457 = VERTEX_POINT('',#11458);
#11458 = CARTESIAN_POINT('',(-3.55,16.2,12.8));
#11459 = SURFACE_CURVE('',#11460,(#11464,#11470),.PCURVE_S1.);
#11460 = LINE('',#11461,#11462);
#11461 = CARTESIAN_POINT('',(-3.55,10.625,12.8));
#11462 = VECTOR('',#11463,1.);
#11463 = DIRECTION('',(0.,-1.,0.));
#11464 = PCURVE('',#9952,#11465);
#11465 = DEFINITIONAL_REPRESENTATION('',(#11466),#11469);
#11466 = B_SPLINE_CURVE_WITH_KNOTS('',1,(#11467,#11468),.UNSPECIFIED.,
  .F.,.F.,(2,2),(-5.575,-1.275),.PIECEWISE_BEZIER_KNOTS.);
#11467 = CARTESIAN_POINT('',(5.5,-1.));
#11468 = CARTESIAN_POINT('',(1.2,-1.));
#11469 = ( GEOMETRIC_REPRESENTATION_CONTEXT(2) 
PARAMETRIC_REPRESENTATION_CONTEXT() REPRESENTATION_CONTEXT('2D SPACE',''
  ) );
#11470 = PCURVE('',#11295,#11471);
#11471 = DEFINITIONAL_REPRESENTATION('',(#11472),#11475);
#11472 = B_SPLINE_CURVE_WITH_KNOTS('',1,(#11473,#11474),.UNSPECIFIED.,
  .F.,.F.,(2,2),(-5.575,-1.275),.PIECEWISE_BEZIER_KNOTS.);
#11473 = CARTESIAN_POINT('',(-8.25,5.65));
#11474 = CARTESIAN_POINT('',(-8.25,1.35));
#11475 = ( GEOMETRIC_REPRESENTATION_CONTEXT(2) 
PARAMETRIC_REPRESENTATION_CONTEXT() REPRESENTATION_CONTEXT('2D SPACE',''
  ) );
#11476 = ORIENTED_EDGE('',*,*,#11384,.T.);
#11477 = ORIENTED_EDGE('',*,*,#9939,.F.);
#11478 = ORIENTED_EDGE('',*,*,#11479,.F.);
#11479 = EDGE_CURVE('',#11457,#9911,#11480,.T.);
#11480 = SURFACE_CURVE('',#11481,(#11485,#11492),.PCURVE_S1.);
#11481 = LINE('',#11482,#11483);
#11482 = CARTESIAN_POINT('',(-3.55,16.2,11.8));
#11483 = VECTOR('',#11484,1.);
#11484 = DIRECTION('',(0.,0.,1.));
#11485 = PCURVE('',#9952,#11486);
#11486 = DEFINITIONAL_REPRESENTATION('',(#11487),#11491);
#11487 = LINE('',#11488,#11489);
#11488 = CARTESIAN_POINT('',(5.5,0.));
#11489 = VECTOR('',#11490,1.);
#11490 = DIRECTION('',(0.,-1.));
#11491 = ( GEOMETRIC_REPRESENTATION_CONTEXT(2) 
PARAMETRIC_REPRESENTATION_CONTEXT() REPRESENTATION_CONTEXT('2D SPACE',''
  ) );
#11492 = PCURVE('',#9927,#11493);
#11493 = DEFINITIONAL_REPRESENTATION('',(#11494),#11498);
#11494 = LINE('',#11495,#11496);
#11495 = CARTESIAN_POINT('',(0.,0.));
#11496 = VECTOR('',#11497,1.);
#11497 = DIRECTION('',(0.,1.));
#11498 = ( GEOMETRIC_REPRESENTATION_CONTEXT(2) 
PARAMETRIC_REPRESENTATION_CONTEXT() REPRESENTATION_CONTEXT('2D SPACE',''
  ) );
#11499 = ADVANCED_FACE('',(#11500),#9817,.F.);
#11500 = FACE_BOUND('',#11501,.T.);
#11501 = EDGE_LOOP('',(#11502,#11503,#11527,#11548));
#11502 = ORIENTED_EDGE('',*,*,#11430,.F.);
#11503 = ORIENTED_EDGE('',*,*,#11504,.F.);
#11504 = EDGE_CURVE('',#11505,#11410,#11507,.T.);
#11505 = VERTEX_POINT('',#11506);
#11506 = CARTESIAN_POINT('',(-6.75,11.9,12.8));
#11507 = SURFACE_CURVE('',#11508,(#11513,#11520),.PCURVE_S1.);
#11508 = CIRCLE('',#11509,1.2);
#11509 = AXIS2_PLACEMENT_3D('',#11510,#11511,#11512);
#11510 = CARTESIAN_POINT('',(-5.55,11.9,12.8));
#11511 = DIRECTION('',(0.,0.,1.));
#11512 = DIRECTION('',(0.,-1.,0.));
#11513 = PCURVE('',#9817,#11514);
#11514 = DEFINITIONAL_REPRESENTATION('',(#11515),#11519);
#11515 = LINE('',#11516,#11517);
#11516 = CARTESIAN_POINT('',(-6.28318530718,1.));
#11517 = VECTOR('',#11518,1.);
#11518 = DIRECTION('',(1.,-0.));
#11519 = ( GEOMETRIC_REPRESENTATION_CONTEXT(2) 
PARAMETRIC_REPRESENTATION_CONTEXT() REPRESENTATION_CONTEXT('2D SPACE',''
  ) );
#11520 = PCURVE('',#11295,#11521);
#11521 = DEFINITIONAL_REPRESENTATION('',(#11522),#11526);
#11522 = CIRCLE('',#11523,1.2);
#11523 = AXIS2_PLACEMENT_2D('',#11524,#11525);
#11524 = CARTESIAN_POINT('',(-10.25,1.35));
#11525 = DIRECTION('',(0.,-1.));
#11526 = ( GEOMETRIC_REPRESENTATION_CONTEXT(2) 
PARAMETRIC_REPRESENTATION_CONTEXT() REPRESENTATION_CONTEXT('2D SPACE',''
  ) );
#11527 = ORIENTED_EDGE('',*,*,#11528,.T.);
#11528 = EDGE_CURVE('',#11505,#9801,#11529,.T.);
#11529 = SURFACE_CURVE('',#11530,(#11534,#11541),.PCURVE_S1.);
#11530 = LINE('',#11531,#11532);
#11531 = CARTESIAN_POINT('',(-6.75,11.9,11.8));
#11532 = VECTOR('',#11533,1.);
#11533 = DIRECTION('',(0.,0.,1.));
#11534 = PCURVE('',#9817,#11535);
#11535 = DEFINITIONAL_REPRESENTATION('',(#11536),#11540);
#11536 = LINE('',#11537,#11538);
#11537 = CARTESIAN_POINT('',(-1.570796326795,0.));
#11538 = VECTOR('',#11539,1.);
#11539 = DIRECTION('',(-0.,1.));
#11540 = ( GEOMETRIC_REPRESENTATION_CONTEXT(2) 
PARAMETRIC_REPRESENTATION_CONTEXT() REPRESENTATION_CONTEXT('2D SPACE',''
  ) );
#11541 = PCURVE('',#9844,#11542);
#11542 = DEFINITIONAL_REPRESENTATION('',(#11543),#11547);
#11543 = LINE('',#11544,#11545);
#11544 = CARTESIAN_POINT('',(5.5,0.));
#11545 = VECTOR('',#11546,1.);
#11546 = DIRECTION('',(0.,-1.));
#11547 = ( GEOMETRIC_REPRESENTATION_CONTEXT(2) 
PARAMETRIC_REPRESENTATION_CONTEXT() REPRESENTATION_CONTEXT('2D SPACE',''
  ) );
#11548 = ORIENTED_EDGE('',*,*,#9800,.T.);
#11549 = ADVANCED_FACE('',(#11550),#9927,.F.);
#11550 = FACE_BOUND('',#11551,.F.);
#11551 = EDGE_LOOP('',(#11552,#11553,#11577,#11598));
#11552 = ORIENTED_EDGE('',*,*,#11479,.F.);
#11553 = ORIENTED_EDGE('',*,*,#11554,.T.);
#11554 = EDGE_CURVE('',#11457,#11555,#11557,.T.);
#11555 = VERTEX_POINT('',#11556);
#11556 = CARTESIAN_POINT('',(-4.75,17.4,12.8));
#11557 = SURFACE_CURVE('',#11558,(#11563,#11570),.PCURVE_S1.);
#11558 = CIRCLE('',#11559,1.2);
#11559 = AXIS2_PLACEMENT_3D('',#11560,#11561,#11562);
#11560 = CARTESIAN_POINT('',(-4.75,16.2,12.8));
#11561 = DIRECTION('',(0.,0.,1.));
#11562 = DIRECTION('',(1.,0.,-0.));
#11563 = PCURVE('',#9927,#11564);
#11564 = DEFINITIONAL_REPRESENTATION('',(#11565),#11569);
#11565 = LINE('',#11566,#11567);
#11566 = CARTESIAN_POINT('',(0.,1.));
#11567 = VECTOR('',#11568,1.);
#11568 = DIRECTION('',(1.,0.));
#11569 = ( GEOMETRIC_REPRESENTATION_CONTEXT(2) 
PARAMETRIC_REPRESENTATION_CONTEXT() REPRESENTATION_CONTEXT('2D SPACE',''
  ) );
#11570 = PCURVE('',#11295,#11571);
#11571 = DEFINITIONAL_REPRESENTATION('',(#11572),#11576);
#11572 = CIRCLE('',#11573,1.2);
#11573 = AXIS2_PLACEMENT_2D('',#11574,#11575);
#11574 = CARTESIAN_POINT('',(-9.45,5.65));
#11575 = DIRECTION('',(1.,0.));
#11576 = ( GEOMETRIC_REPRESENTATION_CONTEXT(2) 
PARAMETRIC_REPRESENTATION_CONTEXT() REPRESENTATION_CONTEXT('2D SPACE',''
  ) );
#11577 = ORIENTED_EDGE('',*,*,#11578,.T.);
#11578 = EDGE_CURVE('',#11555,#9885,#11579,.T.);
#11579 = SURFACE_CURVE('',#11580,(#11584,#11591),.PCURVE_S1.);
#11580 = LINE('',#11581,#11582);
#11581 = CARTESIAN_POINT('',(-4.75,17.4,11.8));
#11582 = VECTOR('',#11583,1.);
#11583 = DIRECTION('',(0.,0.,1.));
#11584 = PCURVE('',#9927,#11585);
#11585 = DEFINITIONAL_REPRESENTATION('',(#11586),#11590);
#11586 = LINE('',#11587,#11588);
#11587 = CARTESIAN_POINT('',(1.570796326795,0.));
#11588 = VECTOR('',#11589,1.);
#11589 = DIRECTION('',(0.,1.));
#11590 = ( GEOMETRIC_REPRESENTATION_CONTEXT(2) 
PARAMETRIC_REPRESENTATION_CONTEXT() REPRESENTATION_CONTEXT('2D SPACE',''
  ) );
#11591 = PCURVE('',#9899,#11592);
#11592 = DEFINITIONAL_REPRESENTATION('',(#11593),#11597);
#11593 = LINE('',#11594,#11595);
#11594 = CARTESIAN_POINT('',(1.2,0.));
#11595 = VECTOR('',#11596,1.);
#11596 = DIRECTION('',(0.,-1.));
#11597 = ( GEOMETRIC_REPRESENTATION_CONTEXT(2) 
PARAMETRIC_REPRESENTATION_CONTEXT() REPRESENTATION_CONTEXT('2D SPACE',''
  ) );
#11598 = ORIENTED_EDGE('',*,*,#9910,.F.);
#11599 = ADVANCED_FACE('',(#11600),#9844,.T.);
#11600 = FACE_BOUND('',#11601,.T.);
#11601 = EDGE_LOOP('',(#11602,#11623,#11644,#11645));
#11602 = ORIENTED_EDGE('',*,*,#11603,.T.);
#11603 = EDGE_CURVE('',#11505,#11604,#11606,.T.);
#11604 = VERTEX_POINT('',#11605);
#11605 = CARTESIAN_POINT('',(-6.75,16.2,12.8));
#11606 = SURFACE_CURVE('',#11607,(#11611,#11617),.PCURVE_S1.);
#11607 = LINE('',#11608,#11609);
#11608 = CARTESIAN_POINT('',(-6.75,13.975,12.8));
#11609 = VECTOR('',#11610,1.);
#11610 = DIRECTION('',(-0.,1.,0.));
#11611 = PCURVE('',#9844,#11612);
#11612 = DEFINITIONAL_REPRESENTATION('',(#11613),#11616);
#11613 = B_SPLINE_CURVE_WITH_KNOTS('',1,(#11614,#11615),.UNSPECIFIED.,
  .F.,.F.,(2,2),(-2.075,2.225),.PIECEWISE_BEZIER_KNOTS.);
#11614 = CARTESIAN_POINT('',(5.5,-1.));
#11615 = CARTESIAN_POINT('',(1.2,-1.));
#11616 = ( GEOMETRIC_REPRESENTATION_CONTEXT(2) 
PARAMETRIC_REPRESENTATION_CONTEXT() REPRESENTATION_CONTEXT('2D SPACE',''
  ) );
#11617 = PCURVE('',#11295,#11618);
#11618 = DEFINITIONAL_REPRESENTATION('',(#11619),#11622);
#11619 = B_SPLINE_CURVE_WITH_KNOTS('',1,(#11620,#11621),.UNSPECIFIED.,
  .F.,.F.,(2,2),(-2.075,2.225),.PIECEWISE_BEZIER_KNOTS.);
#11620 = CARTESIAN_POINT('',(-11.45,1.35));
#11621 = CARTESIAN_POINT('',(-11.45,5.65));
#11622 = ( GEOMETRIC_REPRESENTATION_CONTEXT(2) 
PARAMETRIC_REPRESENTATION_CONTEXT() REPRESENTATION_CONTEXT('2D SPACE',''
  ) );
#11623 = ORIENTED_EDGE('',*,*,#11624,.T.);
#11624 = EDGE_CURVE('',#11604,#9830,#11625,.T.);
#11625 = SURFACE_CURVE('',#11626,(#11630,#11637),.PCURVE_S1.);
#11626 = LINE('',#11627,#11628);
#11627 = CARTESIAN_POINT('',(-6.75,16.2,11.8));
#11628 = VECTOR('',#11629,1.);
#11629 = DIRECTION('',(0.,0.,1.));
#11630 = PCURVE('',#9844,#11631);
#11631 = DEFINITIONAL_REPRESENTATION('',(#11632),#11636);
#11632 = LINE('',#11633,#11634);
#11633 = CARTESIAN_POINT('',(1.2,0.));
#11634 = VECTOR('',#11635,1.);
#11635 = DIRECTION('',(0.,-1.));
#11636 = ( GEOMETRIC_REPRESENTATION_CONTEXT(2) 
PARAMETRIC_REPRESENTATION_CONTEXT() REPRESENTATION_CONTEXT('2D SPACE',''
  ) );
#11637 = PCURVE('',#9872,#11638);
#11638 = DEFINITIONAL_REPRESENTATION('',(#11639),#11643);
#11639 = LINE('',#11640,#11641);
#11640 = CARTESIAN_POINT('',(1.570796326795,0.));
#11641 = VECTOR('',#11642,1.);
#11642 = DIRECTION('',(0.,1.));
#11643 = ( GEOMETRIC_REPRESENTATION_CONTEXT(2) 
PARAMETRIC_REPRESENTATION_CONTEXT() REPRESENTATION_CONTEXT('2D SPACE',''
  ) );
#11644 = ORIENTED_EDGE('',*,*,#9829,.F.);
#11645 = ORIENTED_EDGE('',*,*,#11528,.F.);
#11646 = ADVANCED_FACE('',(#11647),#9899,.T.);
#11647 = FACE_BOUND('',#11648,.T.);
#11648 = EDGE_LOOP('',(#11649,#11670,#11671,#11672));
#11649 = ORIENTED_EDGE('',*,*,#11650,.T.);
#11650 = EDGE_CURVE('',#11651,#11555,#11653,.T.);
#11651 = VERTEX_POINT('',#11652);
#11652 = CARTESIAN_POINT('',(-5.55,17.4,12.8));
#11653 = SURFACE_CURVE('',#11654,(#11658,#11664),.PCURVE_S1.);
#11654 = LINE('',#11655,#11656);
#11655 = CARTESIAN_POINT('',(0.575,17.4,12.8));
#11656 = VECTOR('',#11657,1.);
#11657 = DIRECTION('',(1.,0.,-0.));
#11658 = PCURVE('',#9899,#11659);
#11659 = DEFINITIONAL_REPRESENTATION('',(#11660),#11663);
#11660 = B_SPLINE_CURVE_WITH_KNOTS('',1,(#11661,#11662),.UNSPECIFIED.,
  .F.,.F.,(2,2),(-6.125,-5.325),.PIECEWISE_BEZIER_KNOTS.);
#11661 = CARTESIAN_POINT('',(2.,-1.));
#11662 = CARTESIAN_POINT('',(1.2,-1.));
#11663 = ( GEOMETRIC_REPRESENTATION_CONTEXT(2) 
PARAMETRIC_REPRESENTATION_CONTEXT() REPRESENTATION_CONTEXT('2D SPACE',''
  ) );
#11664 = PCURVE('',#11295,#11665);
#11665 = DEFINITIONAL_REPRESENTATION('',(#11666),#11669);
#11666 = B_SPLINE_CURVE_WITH_KNOTS('',1,(#11667,#11668),.UNSPECIFIED.,
  .F.,.F.,(2,2),(-6.125,-5.325),.PIECEWISE_BEZIER_KNOTS.);
#11667 = CARTESIAN_POINT('',(-10.25,6.85));
#11668 = CARTESIAN_POINT('',(-9.45,6.85));
#11669 = ( GEOMETRIC_REPRESENTATION_CONTEXT(2) 
PARAMETRIC_REPRESENTATION_CONTEXT() REPRESENTATION_CONTEXT('2D SPACE',''
  ) );
#11670 = ORIENTED_EDGE('',*,*,#11578,.T.);
#11671 = ORIENTED_EDGE('',*,*,#9884,.F.);
#11672 = ORIENTED_EDGE('',*,*,#11673,.F.);
#11673 = EDGE_CURVE('',#11651,#9856,#11674,.T.);
#11674 = SURFACE_CURVE('',#11675,(#11679,#11686),.PCURVE_S1.);
#11675 = LINE('',#11676,#11677);
#11676 = CARTESIAN_POINT('',(-5.55,17.4,11.8));
#11677 = VECTOR('',#11678,1.);
#11678 = DIRECTION('',(0.,0.,1.));
#11679 = PCURVE('',#9899,#11680);
#11680 = DEFINITIONAL_REPRESENTATION('',(#11681),#11685);
#11681 = LINE('',#11682,#11683);
#11682 = CARTESIAN_POINT('',(2.,0.));
#11683 = VECTOR('',#11684,1.);
#11684 = DIRECTION('',(0.,-1.));
#11685 = ( GEOMETRIC_REPRESENTATION_CONTEXT(2) 
PARAMETRIC_REPRESENTATION_CONTEXT() REPRESENTATION_CONTEXT('2D SPACE',''
  ) );
#11686 = PCURVE('',#9872,#11687);
#11687 = DEFINITIONAL_REPRESENTATION('',(#11688),#11692);
#11688 = LINE('',#11689,#11690);
#11689 = CARTESIAN_POINT('',(0.,0.));
#11690 = VECTOR('',#11691,1.);
#11691 = DIRECTION('',(0.,1.));
#11692 = ( GEOMETRIC_REPRESENTATION_CONTEXT(2) 
PARAMETRIC_REPRESENTATION_CONTEXT() REPRESENTATION_CONTEXT('2D SPACE',''
  ) );
#11693 = ADVANCED_FACE('',(#11694),#9872,.F.);
#11694 = FACE_BOUND('',#11695,.F.);
#11695 = EDGE_LOOP('',(#11696,#11697,#11719,#11720));
#11696 = ORIENTED_EDGE('',*,*,#11673,.F.);
#11697 = ORIENTED_EDGE('',*,*,#11698,.T.);
#11698 = EDGE_CURVE('',#11651,#11604,#11699,.T.);
#11699 = SURFACE_CURVE('',#11700,(#11705,#11712),.PCURVE_S1.);
#11700 = CIRCLE('',#11701,1.2);
#11701 = AXIS2_PLACEMENT_3D('',#11702,#11703,#11704);
#11702 = CARTESIAN_POINT('',(-5.55,16.2,12.8));
#11703 = DIRECTION('',(0.,0.,1.));
#11704 = DIRECTION('',(-0.,1.,0.));
#11705 = PCURVE('',#9872,#11706);
#11706 = DEFINITIONAL_REPRESENTATION('',(#11707),#11711);
#11707 = LINE('',#11708,#11709);
#11708 = CARTESIAN_POINT('',(0.,1.));
#11709 = VECTOR('',#11710,1.);
#11710 = DIRECTION('',(1.,0.));
#11711 = ( GEOMETRIC_REPRESENTATION_CONTEXT(2) 
PARAMETRIC_REPRESENTATION_CONTEXT() REPRESENTATION_CONTEXT('2D SPACE',''
  ) );
#11712 = PCURVE('',#11295,#11713);
#11713 = DEFINITIONAL_REPRESENTATION('',(#11714),#11718);
#11714 = CIRCLE('',#11715,1.2);
#11715 = AXIS2_PLACEMENT_2D('',#11716,#11717);
#11716 = CARTESIAN_POINT('',(-10.25,5.65));
#11717 = DIRECTION('',(0.,1.));
#11718 = ( GEOMETRIC_REPRESENTATION_CONTEXT(2) 
PARAMETRIC_REPRESENTATION_CONTEXT() REPRESENTATION_CONTEXT('2D SPACE',''
  ) );
#11719 = ORIENTED_EDGE('',*,*,#11624,.T.);
#11720 = ORIENTED_EDGE('',*,*,#9855,.F.);
#11721 = ADVANCED_FACE('',(#11722),#10061,.F.);
#11722 = FACE_BOUND('',#11723,.T.);
#11723 = EDGE_LOOP('',(#11724,#11725,#11726,#11727,#11750));
#11724 = ORIENTED_EDGE('',*,*,#10169,.F.);
#11725 = ORIENTED_EDGE('',*,*,#10042,.F.);
#11726 = ORIENTED_EDGE('',*,*,#11091,.T.);
#11727 = ORIENTED_EDGE('',*,*,#11728,.T.);
#11728 = EDGE_CURVE('',#11092,#11729,#11731,.T.);
#11729 = VERTEX_POINT('',#11730);
#11730 = CARTESIAN_POINT('',(4.4,22.55,13.9));
#11731 = SURFACE_CURVE('',#11732,(#11736,#11743),.PCURVE_S1.);
#11732 = LINE('',#11733,#11734);
#11733 = CARTESIAN_POINT('',(4.4,24.75,13.9));
#11734 = VECTOR('',#11735,1.);
#11735 = DIRECTION('',(0.,-1.,0.));
#11736 = PCURVE('',#10061,#11737);
#11737 = DEFINITIONAL_REPRESENTATION('',(#11738),#11742);
#11738 = LINE('',#11739,#11740);
#11739 = CARTESIAN_POINT('',(-1.570796326795,0.));
#11740 = VECTOR('',#11741,1.);
#11741 = DIRECTION('',(-0.,1.));
#11742 = ( GEOMETRIC_REPRESENTATION_CONTEXT(2) 
PARAMETRIC_REPRESENTATION_CONTEXT() REPRESENTATION_CONTEXT('2D SPACE',''
  ) );
#11743 = PCURVE('',#11186,#11744);
#11744 = DEFINITIONAL_REPRESENTATION('',(#11745),#11749);
#11745 = LINE('',#11746,#11747);
#11746 = CARTESIAN_POINT('',(-4.5,1.1));
#11747 = VECTOR('',#11748,1.);
#11748 = DIRECTION('',(0.,-1.));
#11749 = ( GEOMETRIC_REPRESENTATION_CONTEXT(2) 
PARAMETRIC_REPRESENTATION_CONTEXT() REPRESENTATION_CONTEXT('2D SPACE',''
  ) );
#11750 = ORIENTED_EDGE('',*,*,#11751,.F.);
#11751 = EDGE_CURVE('',#10170,#11729,#11752,.T.);
#11752 = SURFACE_CURVE('',#11753,(#11758,#11765),.PCURVE_S1.);
#11753 = CIRCLE('',#11754,2.);
#11754 = AXIS2_PLACEMENT_3D('',#11755,#11756,#11757);
#11755 = CARTESIAN_POINT('',(4.4,22.55,11.9));
#11756 = DIRECTION('',(-0.,1.,0.));
#11757 = DIRECTION('',(0.,0.,-1.));
#11758 = PCURVE('',#10061,#11759);
#11759 = DEFINITIONAL_REPRESENTATION('',(#11760),#11764);
#11760 = LINE('',#11761,#11762);
#11761 = CARTESIAN_POINT('',(1.570796326795,2.2));
#11762 = VECTOR('',#11763,1.);
#11763 = DIRECTION('',(-1.,0.));
#11764 = ( GEOMETRIC_REPRESENTATION_CONTEXT(2) 
PARAMETRIC_REPRESENTATION_CONTEXT() REPRESENTATION_CONTEXT('2D SPACE',''
  ) );
#11765 = PCURVE('',#10206,#11766);
#11766 = DEFINITIONAL_REPRESENTATION('',(#11767),#11771);
#11767 = CIRCLE('',#11768,2.);
#11768 = AXIS2_PLACEMENT_2D('',#11769,#11770);
#11769 = CARTESIAN_POINT('',(2.,-5.));
#11770 = DIRECTION('',(0.,1.));
#11771 = ( GEOMETRIC_REPRESENTATION_CONTEXT(2) 
PARAMETRIC_REPRESENTATION_CONTEXT() REPRESENTATION_CONTEXT('2D SPACE',''
  ) );
#11772 = ADVANCED_FACE('',(#11773),#10136,.F.);
#11773 = FACE_BOUND('',#11774,.F.);
#11774 = EDGE_LOOP('',(#11775,#11776,#11777,#11798));
#11775 = ORIENTED_EDGE('',*,*,#10118,.F.);
#11776 = ORIENTED_EDGE('',*,*,#10251,.T.);
#11777 = ORIENTED_EDGE('',*,*,#11778,.T.);
#11778 = EDGE_CURVE('',#10222,#11779,#11781,.T.);
#11779 = VERTEX_POINT('',#11780);
#11780 = CARTESIAN_POINT('',(2.667949192431,22.55,7.9));
#11781 = SURFACE_CURVE('',#11782,(#11786,#11792),.PCURVE_S1.);
#11782 = LINE('',#11783,#11784);
#11783 = CARTESIAN_POINT('',(2.667949192431,24.75,7.9));
#11784 = VECTOR('',#11785,1.);
#11785 = DIRECTION('',(0.,-1.,0.));
#11786 = PCURVE('',#10136,#11787);
#11787 = DEFINITIONAL_REPRESENTATION('',(#11788),#11791);
#11788 = B_SPLINE_CURVE_WITH_KNOTS('',1,(#11789,#11790),.UNSPECIFIED.,
  .F.,.F.,(2,2),(-5.999999999062E-07,2.2000006),
  .PIECEWISE_BEZIER_KNOTS.);
#11789 = CARTESIAN_POINT('',(0.523598775598,-5.999999999062E-07));
#11790 = CARTESIAN_POINT('',(0.523598775598,2.2000006));
#11791 = ( GEOMETRIC_REPRESENTATION_CONTEXT(2) 
PARAMETRIC_REPRESENTATION_CONTEXT() REPRESENTATION_CONTEXT('2D SPACE',''
  ) );
#11792 = PCURVE('',#10239,#11793);
#11793 = DEFINITIONAL_REPRESENTATION('',(#11794),#11797);
#11794 = B_SPLINE_CURVE_WITH_KNOTS('',1,(#11795,#11796),.UNSPECIFIED.,
  .F.,.F.,(2,2),(-5.999999999062E-07,2.2000006),
  .PIECEWISE_BEZIER_KNOTS.);
#11795 = CARTESIAN_POINT('',(-2.032050807569,14.2000006));
#11796 = CARTESIAN_POINT('',(-2.032050807569,11.9999994));
#11797 = ( GEOMETRIC_REPRESENTATION_CONTEXT(2) 
PARAMETRIC_REPRESENTATION_CONTEXT() REPRESENTATION_CONTEXT('2D SPACE',''
  ) );
#11798 = ORIENTED_EDGE('',*,*,#11799,.F.);
#11799 = EDGE_CURVE('',#10121,#11779,#11800,.T.);
#11800 = SURFACE_CURVE('',#11801,(#11806,#11813),.PCURVE_S1.);
#11801 = CIRCLE('',#11802,2.);
#11802 = AXIS2_PLACEMENT_3D('',#11803,#11804,#11805);
#11803 = CARTESIAN_POINT('',(4.4,22.55,8.9));
#11804 = DIRECTION('',(0.,-1.,0.));
#11805 = DIRECTION('',(0.,-0.,-1.));
#11806 = PCURVE('',#10136,#11807);
#11807 = DEFINITIONAL_REPRESENTATION('',(#11808),#11812);
#11808 = LINE('',#11809,#11810);
#11809 = CARTESIAN_POINT('',(-4.712388980385,2.2));
#11810 = VECTOR('',#11811,1.);
#11811 = DIRECTION('',(1.,0.));
#11812 = ( GEOMETRIC_REPRESENTATION_CONTEXT(2) 
PARAMETRIC_REPRESENTATION_CONTEXT() REPRESENTATION_CONTEXT('2D SPACE',''
  ) );
#11813 = PCURVE('',#10206,#11814);
#11814 = DEFINITIONAL_REPRESENTATION('',(#11815),#11823);
#11815 = ( BOUNDED_CURVE() B_SPLINE_CURVE(2,(#11816,#11817,#11818,#11819
    ,#11820,#11821,#11822),.UNSPECIFIED.,.T.,.F.) 
B_SPLINE_CURVE_WITH_KNOTS((1,2,2,2,2,1),(-2.094395102393,0.,
    2.094395102393,4.188790204786,6.28318530718,8.377580409573),
.UNSPECIFIED.) CURVE() GEOMETRIC_REPRESENTATION_ITEM() 
RATIONAL_B_SPLINE_CURVE((1.,0.5,1.,0.5,1.,0.5,1.)) REPRESENTATION_ITEM(
  '') );
#11816 = CARTESIAN_POINT('',(2.,1.7763568394E-15));
#11817 = CARTESIAN_POINT('',(5.464101615138,1.7763568394E-15));
#11818 = CARTESIAN_POINT('',(3.732050807569,-3.));
#11819 = CARTESIAN_POINT('',(2.,-6.));
#11820 = CARTESIAN_POINT('',(0.267949192431,-3.));
#11821 = CARTESIAN_POINT('',(-1.464101615138,-1.33226762955E-15));
#11822 = CARTESIAN_POINT('',(2.,1.7763568394E-15));
#11823 = ( GEOMETRIC_REPRESENTATION_CONTEXT(2) 
PARAMETRIC_REPRESENTATION_CONTEXT() REPRESENTATION_CONTEXT('2D SPACE',''
  ) );
#11824 = ADVANCED_FACE('',(#11825,#11923),#10206,.T.);
#11825 = FACE_BOUND('',#11826,.T.);
#11826 = EDGE_LOOP('',(#11827,#11828,#11829,#11830,#11853,#11879,#11880,
    #11904));
#11827 = ORIENTED_EDGE('',*,*,#11799,.F.);
#11828 = ORIENTED_EDGE('',*,*,#10192,.T.);
#11829 = ORIENTED_EDGE('',*,*,#11751,.T.);
#11830 = ORIENTED_EDGE('',*,*,#11831,.T.);
#11831 = EDGE_CURVE('',#11729,#11832,#11834,.T.);
#11832 = VERTEX_POINT('',#11833);
#11833 = CARTESIAN_POINT('',(13.4,22.55,13.9));
#11834 = SURFACE_CURVE('',#11835,(#11839,#11846),.PCURVE_S1.);
#11835 = LINE('',#11836,#11837);
#11836 = CARTESIAN_POINT('',(2.4,22.55,13.9));
#11837 = VECTOR('',#11838,1.);
#11838 = DIRECTION('',(1.,0.,0.));
#11839 = PCURVE('',#10206,#11840);
#11840 = DEFINITIONAL_REPRESENTATION('',(#11841),#11845);
#11841 = LINE('',#11842,#11843);
#11842 = CARTESIAN_POINT('',(0.,-7.));
#11843 = VECTOR('',#11844,1.);
#11844 = DIRECTION('',(1.,0.));
#11845 = ( GEOMETRIC_REPRESENTATION_CONTEXT(2) 
PARAMETRIC_REPRESENTATION_CONTEXT() REPRESENTATION_CONTEXT('2D SPACE',''
  ) );
#11846 = PCURVE('',#11186,#11847);
#11847 = DEFINITIONAL_REPRESENTATION('',(#11848),#11852);
#11848 = LINE('',#11849,#11850);
#11849 = CARTESIAN_POINT('',(-6.5,-1.1));
#11850 = VECTOR('',#11851,1.);
#11851 = DIRECTION('',(1.,0.));
#11852 = ( GEOMETRIC_REPRESENTATION_CONTEXT(2) 
PARAMETRIC_REPRESENTATION_CONTEXT() REPRESENTATION_CONTEXT('2D SPACE',''
  ) );
#11853 = ORIENTED_EDGE('',*,*,#11854,.F.);
#11854 = EDGE_CURVE('',#10754,#11832,#11855,.T.);
#11855 = SURFACE_CURVE('',#11856,(#11861,#11872),.PCURVE_S1.);
#11856 = CIRCLE('',#11857,2.);
#11857 = AXIS2_PLACEMENT_3D('',#11858,#11859,#11860);
#11858 = CARTESIAN_POINT('',(13.4,22.55,11.9));
#11859 = DIRECTION('',(-0.,-1.,0.));
#11860 = DIRECTION('',(0.,-0.,1.));
#11861 = PCURVE('',#10206,#11862);
#11862 = DEFINITIONAL_REPRESENTATION('',(#11863),#11871);
#11863 = ( BOUNDED_CURVE() B_SPLINE_CURVE(2,(#11864,#11865,#11866,#11867
    ,#11868,#11869,#11870),.UNSPECIFIED.,.T.,.F.) 
B_SPLINE_CURVE_WITH_KNOTS((1,2,2,2,2,1),(-2.094395102393,0.,
    2.094395102393,4.188790204786,6.28318530718,8.377580409573),
.UNSPECIFIED.) CURVE() GEOMETRIC_REPRESENTATION_ITEM() 
RATIONAL_B_SPLINE_CURVE((1.,0.5,1.,0.5,1.,0.5,1.)) REPRESENTATION_ITEM(
  '') );
#11864 = CARTESIAN_POINT('',(11.,-7.));
#11865 = CARTESIAN_POINT('',(7.535898384862,-7.));
#11866 = CARTESIAN_POINT('',(9.267949192431,-4.));
#11867 = CARTESIAN_POINT('',(11.,-1.));
#11868 = CARTESIAN_POINT('',(12.732050807569,-4.));
#11869 = CARTESIAN_POINT('',(14.464101615138,-7.));
#11870 = CARTESIAN_POINT('',(11.,-7.));
#11871 = ( GEOMETRIC_REPRESENTATION_CONTEXT(2) 
PARAMETRIC_REPRESENTATION_CONTEXT() REPRESENTATION_CONTEXT('2D SPACE',''
  ) );
#11872 = PCURVE('',#10792,#11873);
#11873 = DEFINITIONAL_REPRESENTATION('',(#11874),#11878);
#11874 = LINE('',#11875,#11876);
#11875 = CARTESIAN_POINT('',(4.712388980385,-0.));
#11876 = VECTOR('',#11877,1.);
#11877 = DIRECTION('',(-1.,0.));
#11878 = ( GEOMETRIC_REPRESENTATION_CONTEXT(2) 
PARAMETRIC_REPRESENTATION_CONTEXT() REPRESENTATION_CONTEXT('2D SPACE',''
  ) );
#11879 = ORIENTED_EDGE('',*,*,#10753,.F.);
#11880 = ORIENTED_EDGE('',*,*,#11881,.T.);
#11881 = EDGE_CURVE('',#10731,#11882,#11884,.T.);
#11882 = VERTEX_POINT('',#11883);
#11883 = CARTESIAN_POINT('',(15.132050807569,22.55,7.9));
#11884 = SURFACE_CURVE('',#11885,(#11890,#11897),.PCURVE_S1.);
#11885 = CIRCLE('',#11886,2.);
#11886 = AXIS2_PLACEMENT_3D('',#11887,#11888,#11889);
#11887 = CARTESIAN_POINT('',(13.4,22.55,8.9));
#11888 = DIRECTION('',(0.,1.,0.));
#11889 = DIRECTION('',(0.,-0.,1.));
#11890 = PCURVE('',#10206,#11891);
#11891 = DEFINITIONAL_REPRESENTATION('',(#11892),#11896);
#11892 = CIRCLE('',#11893,2.);
#11893 = AXIS2_PLACEMENT_2D('',#11894,#11895);
#11894 = CARTESIAN_POINT('',(11.,-2.));
#11895 = DIRECTION('',(0.,-1.));
#11896 = ( GEOMETRIC_REPRESENTATION_CONTEXT(2) 
PARAMETRIC_REPRESENTATION_CONTEXT() REPRESENTATION_CONTEXT('2D SPACE',''
  ) );
#11897 = PCURVE('',#10715,#11898);
#11898 = DEFINITIONAL_REPRESENTATION('',(#11899),#11903);
#11899 = LINE('',#11900,#11901);
#11900 = CARTESIAN_POINT('',(-1.570796326795,0.));
#11901 = VECTOR('',#11902,1.);
#11902 = DIRECTION('',(1.,0.));
#11903 = ( GEOMETRIC_REPRESENTATION_CONTEXT(2) 
PARAMETRIC_REPRESENTATION_CONTEXT() REPRESENTATION_CONTEXT('2D SPACE',''
  ) );
#11904 = ORIENTED_EDGE('',*,*,#11905,.T.);
#11905 = EDGE_CURVE('',#11882,#11779,#11906,.T.);
#11906 = SURFACE_CURVE('',#11907,(#11911,#11917),.PCURVE_S1.);
#11907 = LINE('',#11908,#11909);
#11908 = CARTESIAN_POINT('',(3.55,22.55,7.9));
#11909 = VECTOR('',#11910,1.);
#11910 = DIRECTION('',(-1.,0.,0.));
#11911 = PCURVE('',#10206,#11912);
#11912 = DEFINITIONAL_REPRESENTATION('',(#11913),#11916);
#11913 = B_SPLINE_CURVE_WITH_KNOTS('',1,(#11914,#11915),.UNSPECIFIED.,
  .F.,.F.,(2,2),(-11.85,1.15),.PIECEWISE_BEZIER_KNOTS.);
#11914 = CARTESIAN_POINT('',(13.,-1.));
#11915 = CARTESIAN_POINT('',(0.,-1.));
#11916 = ( GEOMETRIC_REPRESENTATION_CONTEXT(2) 
PARAMETRIC_REPRESENTATION_CONTEXT() REPRESENTATION_CONTEXT('2D SPACE',''
  ) );
#11917 = PCURVE('',#10239,#11918);
#11918 = DEFINITIONAL_REPRESENTATION('',(#11919),#11922);
#11919 = B_SPLINE_CURVE_WITH_KNOTS('',1,(#11920,#11921),.UNSPECIFIED.,
  .F.,.F.,(2,2),(-11.85,1.15),.PIECEWISE_BEZIER_KNOTS.);
#11920 = CARTESIAN_POINT('',(10.7,12.));
#11921 = CARTESIAN_POINT('',(-2.3,12.));
#11922 = ( GEOMETRIC_REPRESENTATION_CONTEXT(2) 
PARAMETRIC_REPRESENTATION_CONTEXT() REPRESENTATION_CONTEXT('2D SPACE',''
  ) );
#11923 = FACE_BOUND('',#11924,.T.);
#11924 = EDGE_LOOP('',(#11925,#11953,#11986,#12012,#12041,#12067,#12096,
    #12122));
#11925 = ORIENTED_EDGE('',*,*,#11926,.F.);
#11926 = EDGE_CURVE('',#11927,#11929,#11931,.T.);
#11927 = VERTEX_POINT('',#11928);
#11928 = CARTESIAN_POINT('',(4.1,22.55,9.4));
#11929 = VERTEX_POINT('',#11930);
#11930 = CARTESIAN_POINT('',(4.1,22.55,11.4));
#11931 = SURFACE_CURVE('',#11932,(#11936,#11942),.PCURVE_S1.);
#11932 = LINE('',#11933,#11934);
#11933 = CARTESIAN_POINT('',(4.1,22.55,7.65));
#11934 = VECTOR('',#11935,1.);
#11935 = DIRECTION('',(0.,-0.,1.));
#11936 = PCURVE('',#10206,#11937);
#11937 = DEFINITIONAL_REPRESENTATION('',(#11938),#11941);
#11938 = B_SPLINE_CURVE_WITH_KNOTS('',1,(#11939,#11940),.UNSPECIFIED.,
  .F.,.F.,(2,2),(1.75,3.75),.PIECEWISE_BEZIER_KNOTS.);
#11939 = CARTESIAN_POINT('',(1.7,-2.5));
#11940 = CARTESIAN_POINT('',(1.7,-4.5));
#11941 = ( GEOMETRIC_REPRESENTATION_CONTEXT(2) 
PARAMETRIC_REPRESENTATION_CONTEXT() REPRESENTATION_CONTEXT('2D SPACE',''
  ) );
#11942 = PCURVE('',#11943,#11948);
#11943 = PLANE('',#11944);
#11944 = AXIS2_PLACEMENT_3D('',#11945,#11946,#11947);
#11945 = CARTESIAN_POINT('',(4.1,24.75,8.4));
#11946 = DIRECTION('',(1.,0.,-0.));
#11947 = DIRECTION('',(0.,-1.,0.));
#11948 = DEFINITIONAL_REPRESENTATION('',(#11949),#11952);
#11949 = B_SPLINE_CURVE_WITH_KNOTS('',1,(#11950,#11951),.UNSPECIFIED.,
  .F.,.F.,(2,2),(1.75,3.75),.PIECEWISE_BEZIER_KNOTS.);
#11950 = CARTESIAN_POINT('',(2.2,-1.));
#11951 = CARTESIAN_POINT('',(2.2,-3.));
#11952 = ( GEOMETRIC_REPRESENTATION_CONTEXT(2) 
PARAMETRIC_REPRESENTATION_CONTEXT() REPRESENTATION_CONTEXT('2D SPACE',''
  ) );
#11953 = ORIENTED_EDGE('',*,*,#11954,.T.);
#11954 = EDGE_CURVE('',#11927,#11955,#11957,.T.);
#11955 = VERTEX_POINT('',#11956);
#11956 = CARTESIAN_POINT('',(5.1,22.55,8.4));
#11957 = SURFACE_CURVE('',#11958,(#11963,#11974),.PCURVE_S1.);
#11958 = CIRCLE('',#11959,1.);
#11959 = AXIS2_PLACEMENT_3D('',#11960,#11961,#11962);
#11960 = CARTESIAN_POINT('',(5.1,22.55,9.4));
#11961 = DIRECTION('',(0.,-1.,0.));
#11962 = DIRECTION('',(-1.,0.,0.));
#11963 = PCURVE('',#10206,#11964);
#11964 = DEFINITIONAL_REPRESENTATION('',(#11965),#11973);
#11965 = ( BOUNDED_CURVE() B_SPLINE_CURVE(2,(#11966,#11967,#11968,#11969
    ,#11970,#11971,#11972),.UNSPECIFIED.,.T.,.F.) 
B_SPLINE_CURVE_WITH_KNOTS((1,2,2,2,2,1),(-2.094395102393,0.,
    2.094395102393,4.188790204786,6.28318530718,8.377580409573),
.UNSPECIFIED.) CURVE() GEOMETRIC_REPRESENTATION_ITEM() 
RATIONAL_B_SPLINE_CURVE((1.,0.5,1.,0.5,1.,0.5,1.)) REPRESENTATION_ITEM(
  '') );
#11966 = CARTESIAN_POINT('',(1.7,-2.5));
#11967 = CARTESIAN_POINT('',(1.7,-0.767949192431));
#11968 = CARTESIAN_POINT('',(3.2,-1.633974596216));
#11969 = CARTESIAN_POINT('',(4.7,-2.5));
#11970 = CARTESIAN_POINT('',(3.2,-3.366025403784));
#11971 = CARTESIAN_POINT('',(1.7,-4.232050807569));
#11972 = CARTESIAN_POINT('',(1.7,-2.5));
#11973 = ( GEOMETRIC_REPRESENTATION_CONTEXT(2) 
PARAMETRIC_REPRESENTATION_CONTEXT() REPRESENTATION_CONTEXT('2D SPACE',''
  ) );
#11974 = PCURVE('',#11975,#11980);
#11975 = CYLINDRICAL_SURFACE('',#11976,1.);
#11976 = AXIS2_PLACEMENT_3D('',#11977,#11978,#11979);
#11977 = CARTESIAN_POINT('',(5.1,24.75,9.4));
#11978 = DIRECTION('',(0.,-1.,0.));
#11979 = DIRECTION('',(-1.,-0.,0.));
#11980 = DEFINITIONAL_REPRESENTATION('',(#11981),#11985);
#11981 = LINE('',#11982,#11983);
#11982 = CARTESIAN_POINT('',(0.,2.2));
#11983 = VECTOR('',#11984,1.);
#11984 = DIRECTION('',(1.,0.));
#11985 = ( GEOMETRIC_REPRESENTATION_CONTEXT(2) 
PARAMETRIC_REPRESENTATION_CONTEXT() REPRESENTATION_CONTEXT('2D SPACE',''
  ) );
#11986 = ORIENTED_EDGE('',*,*,#11987,.F.);
#11987 = EDGE_CURVE('',#11988,#11955,#11990,.T.);
#11988 = VERTEX_POINT('',#11989);
#11989 = CARTESIAN_POINT('',(12.7,22.55,8.4));
#11990 = SURFACE_CURVE('',#11991,(#11995,#12001),.PCURVE_S1.);
#11991 = LINE('',#11992,#11993);
#11992 = CARTESIAN_POINT('',(5.65,22.55,8.4));
#11993 = VECTOR('',#11994,1.);
#11994 = DIRECTION('',(-1.,0.,0.));
#11995 = PCURVE('',#10206,#11996);
#11996 = DEFINITIONAL_REPRESENTATION('',(#11997),#12000);
#11997 = B_SPLINE_CURVE_WITH_KNOTS('',1,(#11998,#11999),.UNSPECIFIED.,
  .F.,.F.,(2,2),(-7.05,0.55),.PIECEWISE_BEZIER_KNOTS.);
#11998 = CARTESIAN_POINT('',(10.3,-1.5));
#11999 = CARTESIAN_POINT('',(2.7,-1.5));
#12000 = ( GEOMETRIC_REPRESENTATION_CONTEXT(2) 
PARAMETRIC_REPRESENTATION_CONTEXT() REPRESENTATION_CONTEXT('2D SPACE',''
  ) );
#12001 = PCURVE('',#12002,#12007);
#12002 = PLANE('',#12003);
#12003 = AXIS2_PLACEMENT_3D('',#12004,#12005,#12006);
#12004 = CARTESIAN_POINT('',(8.9,23.,8.4));
#12005 = DIRECTION('',(0.,0.,1.));
#12006 = DIRECTION('',(1.,0.,-0.));
#12007 = DEFINITIONAL_REPRESENTATION('',(#12008),#12011);
#12008 = B_SPLINE_CURVE_WITH_KNOTS('',1,(#12009,#12010),.UNSPECIFIED.,
  .F.,.F.,(2,2),(-7.05,0.55),.PIECEWISE_BEZIER_KNOTS.);
#12009 = CARTESIAN_POINT('',(3.8,-0.45));
#12010 = CARTESIAN_POINT('',(-3.8,-0.45));
#12011 = ( GEOMETRIC_REPRESENTATION_CONTEXT(2) 
PARAMETRIC_REPRESENTATION_CONTEXT() REPRESENTATION_CONTEXT('2D SPACE',''
  ) );
#12012 = ORIENTED_EDGE('',*,*,#12013,.F.);
#12013 = EDGE_CURVE('',#12014,#11988,#12016,.T.);
#12014 = VERTEX_POINT('',#12015);
#12015 = CARTESIAN_POINT('',(13.7,22.55,9.4));
#12016 = SURFACE_CURVE('',#12017,(#12022,#12029),.PCURVE_S1.);
#12017 = CIRCLE('',#12018,1.);
#12018 = AXIS2_PLACEMENT_3D('',#12019,#12020,#12021);
#12019 = CARTESIAN_POINT('',(12.7,22.55,9.4));
#12020 = DIRECTION('',(0.,1.,0.));
#12021 = DIRECTION('',(1.,0.,-0.));
#12022 = PCURVE('',#10206,#12023);
#12023 = DEFINITIONAL_REPRESENTATION('',(#12024),#12028);
#12024 = CIRCLE('',#12025,1.);
#12025 = AXIS2_PLACEMENT_2D('',#12026,#12027);
#12026 = CARTESIAN_POINT('',(10.3,-2.5));
#12027 = DIRECTION('',(1.,0.));
#12028 = ( GEOMETRIC_REPRESENTATION_CONTEXT(2) 
PARAMETRIC_REPRESENTATION_CONTEXT() REPRESENTATION_CONTEXT('2D SPACE',''
  ) );
#12029 = PCURVE('',#12030,#12035);
#12030 = CYLINDRICAL_SURFACE('',#12031,1.);
#12031 = AXIS2_PLACEMENT_3D('',#12032,#12033,#12034);
#12032 = CARTESIAN_POINT('',(12.7,21.25,9.4));
#12033 = DIRECTION('',(0.,1.,0.));
#12034 = DIRECTION('',(1.,0.,-0.));
#12035 = DEFINITIONAL_REPRESENTATION('',(#12036),#12040);
#12036 = LINE('',#12037,#12038);
#12037 = CARTESIAN_POINT('',(0.,1.3));
#12038 = VECTOR('',#12039,1.);
#12039 = DIRECTION('',(1.,0.));
#12040 = ( GEOMETRIC_REPRESENTATION_CONTEXT(2) 
PARAMETRIC_REPRESENTATION_CONTEXT() REPRESENTATION_CONTEXT('2D SPACE',''
  ) );
#12041 = ORIENTED_EDGE('',*,*,#12042,.F.);
#12042 = EDGE_CURVE('',#12043,#12014,#12045,.T.);
#12043 = VERTEX_POINT('',#12044);
#12044 = CARTESIAN_POINT('',(13.7,22.55,11.4));
#12045 = SURFACE_CURVE('',#12046,(#12050,#12056),.PCURVE_S1.);
#12046 = LINE('',#12047,#12048);
#12047 = CARTESIAN_POINT('',(13.7,22.55,7.65));
#12048 = VECTOR('',#12049,1.);
#12049 = DIRECTION('',(0.,0.,-1.));
#12050 = PCURVE('',#10206,#12051);
#12051 = DEFINITIONAL_REPRESENTATION('',(#12052),#12055);
#12052 = B_SPLINE_CURVE_WITH_KNOTS('',1,(#12053,#12054),.UNSPECIFIED.,
  .F.,.F.,(2,2),(-3.75,-1.75),.PIECEWISE_BEZIER_KNOTS.);
#12053 = CARTESIAN_POINT('',(11.3,-4.5));
#12054 = CARTESIAN_POINT('',(11.3,-2.5));
#12055 = ( GEOMETRIC_REPRESENTATION_CONTEXT(2) 
PARAMETRIC_REPRESENTATION_CONTEXT() REPRESENTATION_CONTEXT('2D SPACE',''
  ) );
#12056 = PCURVE('',#12057,#12062);
#12057 = PLANE('',#12058);
#12058 = AXIS2_PLACEMENT_3D('',#12059,#12060,#12061);
#12059 = CARTESIAN_POINT('',(13.7,21.25,8.4));
#12060 = DIRECTION('',(-1.,0.,0.));
#12061 = DIRECTION('',(0.,1.,0.));
#12062 = DEFINITIONAL_REPRESENTATION('',(#12063),#12066);
#12063 = B_SPLINE_CURVE_WITH_KNOTS('',1,(#12064,#12065),.UNSPECIFIED.,
  .F.,.F.,(2,2),(-3.75,-1.75),.PIECEWISE_BEZIER_KNOTS.);
#12064 = CARTESIAN_POINT('',(1.3,-3.));
#12065 = CARTESIAN_POINT('',(1.3,-1.));
#12066 = ( GEOMETRIC_REPRESENTATION_CONTEXT(2) 
PARAMETRIC_REPRESENTATION_CONTEXT() REPRESENTATION_CONTEXT('2D SPACE',''
  ) );
#12067 = ORIENTED_EDGE('',*,*,#12068,.F.);
#12068 = EDGE_CURVE('',#12069,#12043,#12071,.T.);
#12069 = VERTEX_POINT('',#12070);
#12070 = CARTESIAN_POINT('',(12.7,22.55,12.4));
#12071 = SURFACE_CURVE('',#12072,(#12077,#12084),.PCURVE_S1.);
#12072 = CIRCLE('',#12073,1.);
#12073 = AXIS2_PLACEMENT_3D('',#12074,#12075,#12076);
#12074 = CARTESIAN_POINT('',(12.7,22.55,11.4));
#12075 = DIRECTION('',(0.,1.,0.));
#12076 = DIRECTION('',(1.,0.,-0.));
#12077 = PCURVE('',#10206,#12078);
#12078 = DEFINITIONAL_REPRESENTATION('',(#12079),#12083);
#12079 = CIRCLE('',#12080,1.);
#12080 = AXIS2_PLACEMENT_2D('',#12081,#12082);
#12081 = CARTESIAN_POINT('',(10.3,-4.5));
#12082 = DIRECTION('',(1.,0.));
#12083 = ( GEOMETRIC_REPRESENTATION_CONTEXT(2) 
PARAMETRIC_REPRESENTATION_CONTEXT() REPRESENTATION_CONTEXT('2D SPACE',''
  ) );
#12084 = PCURVE('',#12085,#12090);
#12085 = CYLINDRICAL_SURFACE('',#12086,1.);
#12086 = AXIS2_PLACEMENT_3D('',#12087,#12088,#12089);
#12087 = CARTESIAN_POINT('',(12.7,21.25,11.4));
#12088 = DIRECTION('',(0.,1.,0.));
#12089 = DIRECTION('',(1.,0.,-0.));
#12090 = DEFINITIONAL_REPRESENTATION('',(#12091),#12095);
#12091 = LINE('',#12092,#12093);
#12092 = CARTESIAN_POINT('',(-6.28318530718,1.3));
#12093 = VECTOR('',#12094,1.);
#12094 = DIRECTION('',(1.,-0.));
#12095 = ( GEOMETRIC_REPRESENTATION_CONTEXT(2) 
PARAMETRIC_REPRESENTATION_CONTEXT() REPRESENTATION_CONTEXT('2D SPACE',''
  ) );
#12096 = ORIENTED_EDGE('',*,*,#12097,.T.);
#12097 = EDGE_CURVE('',#12069,#12098,#12100,.T.);
#12098 = VERTEX_POINT('',#12099);
#12099 = CARTESIAN_POINT('',(5.1,22.55,12.4));
#12100 = SURFACE_CURVE('',#12101,(#12105,#12111),.PCURVE_S1.);
#12101 = LINE('',#12102,#12103);
#12102 = CARTESIAN_POINT('',(5.65,22.55,12.4));
#12103 = VECTOR('',#12104,1.);
#12104 = DIRECTION('',(-1.,0.,0.));
#12105 = PCURVE('',#10206,#12106);
#12106 = DEFINITIONAL_REPRESENTATION('',(#12107),#12110);
#12107 = B_SPLINE_CURVE_WITH_KNOTS('',1,(#12108,#12109),.UNSPECIFIED.,
  .F.,.F.,(2,2),(-7.05,0.55),.PIECEWISE_BEZIER_KNOTS.);
#12108 = CARTESIAN_POINT('',(10.3,-5.5));
#12109 = CARTESIAN_POINT('',(2.7,-5.5));
#12110 = ( GEOMETRIC_REPRESENTATION_CONTEXT(2) 
PARAMETRIC_REPRESENTATION_CONTEXT() REPRESENTATION_CONTEXT('2D SPACE',''
  ) );
#12111 = PCURVE('',#12112,#12117);
#12112 = PLANE('',#12113);
#12113 = AXIS2_PLACEMENT_3D('',#12114,#12115,#12116);
#12114 = CARTESIAN_POINT('',(8.9,23.,12.4));
#12115 = DIRECTION('',(0.,0.,1.));
#12116 = DIRECTION('',(1.,0.,-0.));
#12117 = DEFINITIONAL_REPRESENTATION('',(#12118),#12121);
#12118 = B_SPLINE_CURVE_WITH_KNOTS('',1,(#12119,#12120),.UNSPECIFIED.,
  .F.,.F.,(2,2),(-7.05,0.55),.PIECEWISE_BEZIER_KNOTS.);
#12119 = CARTESIAN_POINT('',(3.8,-0.45));
#12120 = CARTESIAN_POINT('',(-3.8,-0.45));
#12121 = ( GEOMETRIC_REPRESENTATION_CONTEXT(2) 
PARAMETRIC_REPRESENTATION_CONTEXT() REPRESENTATION_CONTEXT('2D SPACE',''
  ) );
#12122 = ORIENTED_EDGE('',*,*,#12123,.T.);
#12123 = EDGE_CURVE('',#12098,#11929,#12124,.T.);
#12124 = SURFACE_CURVE('',#12125,(#12130,#12141),.PCURVE_S1.);
#12125 = CIRCLE('',#12126,1.);
#12126 = AXIS2_PLACEMENT_3D('',#12127,#12128,#12129);
#12127 = CARTESIAN_POINT('',(5.1,22.55,11.4));
#12128 = DIRECTION('',(0.,-1.,0.));
#12129 = DIRECTION('',(-1.,0.,0.));
#12130 = PCURVE('',#10206,#12131);
#12131 = DEFINITIONAL_REPRESENTATION('',(#12132),#12140);
#12132 = ( BOUNDED_CURVE() B_SPLINE_CURVE(2,(#12133,#12134,#12135,#12136
    ,#12137,#12138,#12139),.UNSPECIFIED.,.T.,.F.) 
B_SPLINE_CURVE_WITH_KNOTS((1,2,2,2,2,1),(-2.094395102393,0.,
    2.094395102393,4.188790204786,6.28318530718,8.377580409573),
.UNSPECIFIED.) CURVE() GEOMETRIC_REPRESENTATION_ITEM() 
RATIONAL_B_SPLINE_CURVE((1.,0.5,1.,0.5,1.,0.5,1.)) REPRESENTATION_ITEM(
  '') );
#12133 = CARTESIAN_POINT('',(1.7,-4.5));
#12134 = CARTESIAN_POINT('',(1.7,-2.767949192431));
#12135 = CARTESIAN_POINT('',(3.2,-3.633974596216));
#12136 = CARTESIAN_POINT('',(4.7,-4.5));
#12137 = CARTESIAN_POINT('',(3.2,-5.366025403784));
#12138 = CARTESIAN_POINT('',(1.7,-6.232050807569));
#12139 = CARTESIAN_POINT('',(1.7,-4.5));
#12140 = ( GEOMETRIC_REPRESENTATION_CONTEXT(2) 
PARAMETRIC_REPRESENTATION_CONTEXT() REPRESENTATION_CONTEXT('2D SPACE',''
  ) );
#12141 = PCURVE('',#12142,#12147);
#12142 = CYLINDRICAL_SURFACE('',#12143,1.);
#12143 = AXIS2_PLACEMENT_3D('',#12144,#12145,#12146);
#12144 = CARTESIAN_POINT('',(5.1,24.75,11.4));
#12145 = DIRECTION('',(0.,-1.,0.));
#12146 = DIRECTION('',(-1.,-0.,0.));
#12147 = DEFINITIONAL_REPRESENTATION('',(#12148),#12152);
#12148 = LINE('',#12149,#12150);
#12149 = CARTESIAN_POINT('',(-6.28318530718,2.2));
#12150 = VECTOR('',#12151,1.);
#12151 = DIRECTION('',(1.,-0.));
#12152 = ( GEOMETRIC_REPRESENTATION_CONTEXT(2) 
PARAMETRIC_REPRESENTATION_CONTEXT() REPRESENTATION_CONTEXT('2D SPACE',''
  ) );
#12153 = ADVANCED_FACE('',(#12154,#12186),#10239,.F.);
#12154 = FACE_BOUND('',#12155,.F.);
#12155 = EDGE_LOOP('',(#12156,#12157,#12158,#12159,#12160,#12161,#12162,
    #12181,#12182,#12183,#12184,#12185));
#12156 = ORIENTED_EDGE('',*,*,#10421,.F.);
#12157 = ORIENTED_EDGE('',*,*,#10452,.T.);
#12158 = ORIENTED_EDGE('',*,*,#10502,.T.);
#12159 = ORIENTED_EDGE('',*,*,#10551,.T.);
#12160 = ORIENTED_EDGE('',*,*,#10601,.T.);
#12161 = ORIENTED_EDGE('',*,*,#10650,.T.);
#12162 = ORIENTED_EDGE('',*,*,#12163,.F.);
#12163 = EDGE_CURVE('',#11882,#10651,#12164,.T.);
#12164 = SURFACE_CURVE('',#12165,(#12169,#12175),.PCURVE_S1.);
#12165 = LINE('',#12166,#12167);
#12166 = CARTESIAN_POINT('',(15.132050807569,22.55,7.9));
#12167 = VECTOR('',#12168,1.);
#12168 = DIRECTION('',(0.,1.,0.));
#12169 = PCURVE('',#10239,#12170);
#12170 = DEFINITIONAL_REPRESENTATION('',(#12171),#12174);
#12171 = B_SPLINE_CURVE_WITH_KNOTS('',1,(#12172,#12173),.UNSPECIFIED.,
  .F.,.F.,(2,2),(-5.999999999062E-07,2.2000006),
  .PIECEWISE_BEZIER_KNOTS.);
#12172 = CARTESIAN_POINT('',(10.432050807569,11.9999994));
#12173 = CARTESIAN_POINT('',(10.432050807569,14.2000006));
#12174 = ( GEOMETRIC_REPRESENTATION_CONTEXT(2) 
PARAMETRIC_REPRESENTATION_CONTEXT() REPRESENTATION_CONTEXT('2D SPACE',''
  ) );
#12175 = PCURVE('',#10715,#12176);
#12176 = DEFINITIONAL_REPRESENTATION('',(#12177),#12180);
#12177 = B_SPLINE_CURVE_WITH_KNOTS('',1,(#12178,#12179),.UNSPECIFIED.,
  .F.,.F.,(2,2),(-5.999999999062E-07,2.2000006),
  .PIECEWISE_BEZIER_KNOTS.);
#12178 = CARTESIAN_POINT('',(0.523598775598,-5.999999999062E-07));
#12179 = CARTESIAN_POINT('',(0.523598775598,2.2000006));
#12180 = ( GEOMETRIC_REPRESENTATION_CONTEXT(2) 
PARAMETRIC_REPRESENTATION_CONTEXT() REPRESENTATION_CONTEXT('2D SPACE',''
  ) );
#12181 = ORIENTED_EDGE('',*,*,#11905,.T.);
#12182 = ORIENTED_EDGE('',*,*,#11778,.F.);
#12183 = ORIENTED_EDGE('',*,*,#10221,.T.);
#12184 = ORIENTED_EDGE('',*,*,#10300,.T.);
#12185 = ORIENTED_EDGE('',*,*,#10349,.T.);
#12186 = FACE_BOUND('',#12187,.F.);
#12187 = EDGE_LOOP('',(#12188,#12219,#12245,#12274,#12300,#12329,#12355,
    #12384));
#12188 = ORIENTED_EDGE('',*,*,#12189,.F.);
#12189 = EDGE_CURVE('',#12190,#12192,#12194,.T.);
#12190 = VERTEX_POINT('',#12191);
#12191 = CARTESIAN_POINT('',(17.5,-0.65,7.9));
#12192 = VERTEX_POINT('',#12193);
#12193 = CARTESIAN_POINT('',(19.25,1.1,7.9));
#12194 = SURFACE_CURVE('',#12195,(#12200,#12207),.PCURVE_S1.);
#12195 = CIRCLE('',#12196,1.75);
#12196 = AXIS2_PLACEMENT_3D('',#12197,#12198,#12199);
#12197 = CARTESIAN_POINT('',(17.5,1.1,7.9));
#12198 = DIRECTION('',(0.,0.,1.));
#12199 = DIRECTION('',(0.,-1.,0.));
#12200 = PCURVE('',#10239,#12201);
#12201 = DEFINITIONAL_REPRESENTATION('',(#12202),#12206);
#12202 = CIRCLE('',#12203,1.75);
#12203 = AXIS2_PLACEMENT_2D('',#12204,#12205);
#12204 = CARTESIAN_POINT('',(12.8,-9.45));
#12205 = DIRECTION('',(0.,-1.));
#12206 = ( GEOMETRIC_REPRESENTATION_CONTEXT(2) 
PARAMETRIC_REPRESENTATION_CONTEXT() REPRESENTATION_CONTEXT('2D SPACE',''
  ) );
#12207 = PCURVE('',#12208,#12213);
#12208 = CYLINDRICAL_SURFACE('',#12209,1.75);
#12209 = AXIS2_PLACEMENT_3D('',#12210,#12211,#12212);
#12210 = CARTESIAN_POINT('',(17.5,1.1,6.8));
#12211 = DIRECTION('',(0.,0.,1.));
#12212 = DIRECTION('',(0.,-1.,0.));
#12213 = DEFINITIONAL_REPRESENTATION('',(#12214),#12218);
#12214 = LINE('',#12215,#12216);
#12215 = CARTESIAN_POINT('',(0.,1.1));
#12216 = VECTOR('',#12217,1.);
#12217 = DIRECTION('',(1.,0.));
#12218 = ( GEOMETRIC_REPRESENTATION_CONTEXT(2) 
PARAMETRIC_REPRESENTATION_CONTEXT() REPRESENTATION_CONTEXT('2D SPACE',''
  ) );
#12219 = ORIENTED_EDGE('',*,*,#12220,.T.);
#12220 = EDGE_CURVE('',#12190,#12221,#12223,.T.);
#12221 = VERTEX_POINT('',#12222);
#12222 = CARTESIAN_POINT('',(-8.1,-0.65,7.9));
#12223 = SURFACE_CURVE('',#12224,(#12228,#12234),.PCURVE_S1.);
#12224 = LINE('',#12225,#12226);
#12225 = CARTESIAN_POINT('',(-2.575,-0.65,7.9));
#12226 = VECTOR('',#12227,1.);
#12227 = DIRECTION('',(-1.,0.,0.));
#12228 = PCURVE('',#10239,#12229);
#12229 = DEFINITIONAL_REPRESENTATION('',(#12230),#12233);
#12230 = B_SPLINE_CURVE_WITH_KNOTS('',1,(#12231,#12232),.UNSPECIFIED.,
  .F.,.F.,(2,2),(-20.075,5.525),.PIECEWISE_BEZIER_KNOTS.);
#12231 = CARTESIAN_POINT('',(12.8,-11.2));
#12232 = CARTESIAN_POINT('',(-12.8,-11.2));
#12233 = ( GEOMETRIC_REPRESENTATION_CONTEXT(2) 
PARAMETRIC_REPRESENTATION_CONTEXT() REPRESENTATION_CONTEXT('2D SPACE',''
  ) );
#12234 = PCURVE('',#12235,#12240);
#12235 = PLANE('',#12236);
#12236 = AXIS2_PLACEMENT_3D('',#12237,#12238,#12239);
#12237 = CARTESIAN_POINT('',(-9.85,-0.65,6.8));
#12238 = DIRECTION('',(0.,1.,0.));
#12239 = DIRECTION('',(1.,0.,0.));
#12240 = DEFINITIONAL_REPRESENTATION('',(#12241),#12244);
#12241 = B_SPLINE_CURVE_WITH_KNOTS('',1,(#12242,#12243),.UNSPECIFIED.,
  .F.,.F.,(2,2),(-20.075,5.525),.PIECEWISE_BEZIER_KNOTS.);
#12242 = CARTESIAN_POINT('',(27.35,-1.1));
#12243 = CARTESIAN_POINT('',(1.75,-1.1));
#12244 = ( GEOMETRIC_REPRESENTATION_CONTEXT(2) 
PARAMETRIC_REPRESENTATION_CONTEXT() REPRESENTATION_CONTEXT('2D SPACE',''
  ) );
#12245 = ORIENTED_EDGE('',*,*,#12246,.F.);
#12246 = EDGE_CURVE('',#12247,#12221,#12249,.T.);
#12247 = VERTEX_POINT('',#12248);
#12248 = CARTESIAN_POINT('',(-9.85,1.1,7.9));
#12249 = SURFACE_CURVE('',#12250,(#12255,#12262),.PCURVE_S1.);
#12250 = CIRCLE('',#12251,1.75);
#12251 = AXIS2_PLACEMENT_3D('',#12252,#12253,#12254);
#12252 = CARTESIAN_POINT('',(-8.1,1.1,7.9));
#12253 = DIRECTION('',(0.,0.,1.));
#12254 = DIRECTION('',(0.,-1.,0.));
#12255 = PCURVE('',#10239,#12256);
#12256 = DEFINITIONAL_REPRESENTATION('',(#12257),#12261);
#12257 = CIRCLE('',#12258,1.75);
#12258 = AXIS2_PLACEMENT_2D('',#12259,#12260);
#12259 = CARTESIAN_POINT('',(-12.8,-9.45));
#12260 = DIRECTION('',(0.,-1.));
#12261 = ( GEOMETRIC_REPRESENTATION_CONTEXT(2) 
PARAMETRIC_REPRESENTATION_CONTEXT() REPRESENTATION_CONTEXT('2D SPACE',''
  ) );
#12262 = PCURVE('',#12263,#12268);
#12263 = CYLINDRICAL_SURFACE('',#12264,1.75);
#12264 = AXIS2_PLACEMENT_3D('',#12265,#12266,#12267);
#12265 = CARTESIAN_POINT('',(-8.1,1.1,6.8));
#12266 = DIRECTION('',(0.,0.,1.));
#12267 = DIRECTION('',(0.,-1.,0.));
#12268 = DEFINITIONAL_REPRESENTATION('',(#12269),#12273);
#12269 = LINE('',#12270,#12271);
#12270 = CARTESIAN_POINT('',(-6.28318530718,1.1));
#12271 = VECTOR('',#12272,1.);
#12272 = DIRECTION('',(1.,-0.));
#12273 = ( GEOMETRIC_REPRESENTATION_CONTEXT(2) 
PARAMETRIC_REPRESENTATION_CONTEXT() REPRESENTATION_CONTEXT('2D SPACE',''
  ) );
#12274 = ORIENTED_EDGE('',*,*,#12275,.T.);
#12275 = EDGE_CURVE('',#12247,#12276,#12278,.T.);
#12276 = VERTEX_POINT('',#12277);
#12277 = CARTESIAN_POINT('',(-9.85,20.,7.9));
#12278 = SURFACE_CURVE('',#12279,(#12283,#12289),.PCURVE_S1.);
#12279 = LINE('',#12280,#12281);
#12280 = CARTESIAN_POINT('',(-9.85,16.15,7.9));
#12281 = VECTOR('',#12282,1.);
#12282 = DIRECTION('',(-0.,1.,0.));
#12283 = PCURVE('',#10239,#12284);
#12284 = DEFINITIONAL_REPRESENTATION('',(#12285),#12288);
#12285 = B_SPLINE_CURVE_WITH_KNOTS('',1,(#12286,#12287),.UNSPECIFIED.,
  .F.,.F.,(2,2),(-15.05,3.85),.PIECEWISE_BEZIER_KNOTS.);
#12286 = CARTESIAN_POINT('',(-14.55,-9.45));
#12287 = CARTESIAN_POINT('',(-14.55,9.45));
#12288 = ( GEOMETRIC_REPRESENTATION_CONTEXT(2) 
PARAMETRIC_REPRESENTATION_CONTEXT() REPRESENTATION_CONTEXT('2D SPACE',''
  ) );
#12289 = PCURVE('',#12290,#12295);
#12290 = PLANE('',#12291);
#12291 = AXIS2_PLACEMENT_3D('',#12292,#12293,#12294);
#12292 = CARTESIAN_POINT('',(-9.85,21.75,6.8));
#12293 = DIRECTION('',(1.,0.,-0.));
#12294 = DIRECTION('',(0.,-1.,0.));
#12295 = DEFINITIONAL_REPRESENTATION('',(#12296),#12299);
#12296 = B_SPLINE_CURVE_WITH_KNOTS('',1,(#12297,#12298),.UNSPECIFIED.,
  .F.,.F.,(2,2),(-15.05,3.85),.PIECEWISE_BEZIER_KNOTS.);
#12297 = CARTESIAN_POINT('',(20.65,-1.1));
#12298 = CARTESIAN_POINT('',(1.75,-1.1));
#12299 = ( GEOMETRIC_REPRESENTATION_CONTEXT(2) 
PARAMETRIC_REPRESENTATION_CONTEXT() REPRESENTATION_CONTEXT('2D SPACE',''
  ) );
#12300 = ORIENTED_EDGE('',*,*,#12301,.F.);
#12301 = EDGE_CURVE('',#12302,#12276,#12304,.T.);
#12302 = VERTEX_POINT('',#12303);
#12303 = CARTESIAN_POINT('',(-8.1,21.75,7.9));
#12304 = SURFACE_CURVE('',#12305,(#12310,#12317),.PCURVE_S1.);
#12305 = CIRCLE('',#12306,1.75);
#12306 = AXIS2_PLACEMENT_3D('',#12307,#12308,#12309);
#12307 = CARTESIAN_POINT('',(-8.1,20.,7.9));
#12308 = DIRECTION('',(0.,0.,1.));
#12309 = DIRECTION('',(-0.,1.,0.));
#12310 = PCURVE('',#10239,#12311);
#12311 = DEFINITIONAL_REPRESENTATION('',(#12312),#12316);
#12312 = CIRCLE('',#12313,1.75);
#12313 = AXIS2_PLACEMENT_2D('',#12314,#12315);
#12314 = CARTESIAN_POINT('',(-12.8,9.45));
#12315 = DIRECTION('',(0.,1.));
#12316 = ( GEOMETRIC_REPRESENTATION_CONTEXT(2) 
PARAMETRIC_REPRESENTATION_CONTEXT() REPRESENTATION_CONTEXT('2D SPACE',''
  ) );
#12317 = PCURVE('',#12318,#12323);
#12318 = CYLINDRICAL_SURFACE('',#12319,1.75);
#12319 = AXIS2_PLACEMENT_3D('',#12320,#12321,#12322);
#12320 = CARTESIAN_POINT('',(-8.1,20.,6.8));
#12321 = DIRECTION('',(0.,0.,1.));
#12322 = DIRECTION('',(-0.,1.,0.));
#12323 = DEFINITIONAL_REPRESENTATION('',(#12324),#12328);
#12324 = LINE('',#12325,#12326);
#12325 = CARTESIAN_POINT('',(0.,1.1));
#12326 = VECTOR('',#12327,1.);
#12327 = DIRECTION('',(1.,0.));
#12328 = ( GEOMETRIC_REPRESENTATION_CONTEXT(2) 
PARAMETRIC_REPRESENTATION_CONTEXT() REPRESENTATION_CONTEXT('2D SPACE',''
  ) );
#12329 = ORIENTED_EDGE('',*,*,#12330,.T.);
#12330 = EDGE_CURVE('',#12302,#12331,#12333,.T.);
#12331 = VERTEX_POINT('',#12332);
#12332 = CARTESIAN_POINT('',(17.5,21.75,7.9));
#12333 = SURFACE_CURVE('',#12334,(#12338,#12344),.PCURVE_S1.);
#12334 = LINE('',#12335,#12336);
#12335 = CARTESIAN_POINT('',(11.975,21.75,7.9));
#12336 = VECTOR('',#12337,1.);
#12337 = DIRECTION('',(1.,0.,-0.));
#12338 = PCURVE('',#10239,#12339);
#12339 = DEFINITIONAL_REPRESENTATION('',(#12340),#12343);
#12340 = B_SPLINE_CURVE_WITH_KNOTS('',1,(#12341,#12342),.UNSPECIFIED.,
  .F.,.F.,(2,2),(-20.075,5.525),.PIECEWISE_BEZIER_KNOTS.);
#12341 = CARTESIAN_POINT('',(-12.8,11.2));
#12342 = CARTESIAN_POINT('',(12.8,11.2));
#12343 = ( GEOMETRIC_REPRESENTATION_CONTEXT(2) 
PARAMETRIC_REPRESENTATION_CONTEXT() REPRESENTATION_CONTEXT('2D SPACE',''
  ) );
#12344 = PCURVE('',#12345,#12350);
#12345 = PLANE('',#12346);
#12346 = AXIS2_PLACEMENT_3D('',#12347,#12348,#12349);
#12347 = CARTESIAN_POINT('',(19.25,21.75,6.8));
#12348 = DIRECTION('',(0.,-1.,0.));
#12349 = DIRECTION('',(-1.,0.,0.));
#12350 = DEFINITIONAL_REPRESENTATION('',(#12351),#12354);
#12351 = B_SPLINE_CURVE_WITH_KNOTS('',1,(#12352,#12353),.UNSPECIFIED.,
  .F.,.F.,(2,2),(-20.075,5.525),.PIECEWISE_BEZIER_KNOTS.);
#12352 = CARTESIAN_POINT('',(27.35,-1.1));
#12353 = CARTESIAN_POINT('',(1.75,-1.1));
#12354 = ( GEOMETRIC_REPRESENTATION_CONTEXT(2) 
PARAMETRIC_REPRESENTATION_CONTEXT() REPRESENTATION_CONTEXT('2D SPACE',''
  ) );
#12355 = ORIENTED_EDGE('',*,*,#12356,.F.);
#12356 = EDGE_CURVE('',#12357,#12331,#12359,.T.);
#12357 = VERTEX_POINT('',#12358);
#12358 = CARTESIAN_POINT('',(19.25,20.,7.9));
#12359 = SURFACE_CURVE('',#12360,(#12365,#12372),.PCURVE_S1.);
#12360 = CIRCLE('',#12361,1.75);
#12361 = AXIS2_PLACEMENT_3D('',#12362,#12363,#12364);
#12362 = CARTESIAN_POINT('',(17.5,20.,7.9));
#12363 = DIRECTION('',(0.,0.,1.));
#12364 = DIRECTION('',(1.,0.,-0.));
#12365 = PCURVE('',#10239,#12366);
#12366 = DEFINITIONAL_REPRESENTATION('',(#12367),#12371);
#12367 = CIRCLE('',#12368,1.75);
#12368 = AXIS2_PLACEMENT_2D('',#12369,#12370);
#12369 = CARTESIAN_POINT('',(12.8,9.45));
#12370 = DIRECTION('',(1.,0.));
#12371 = ( GEOMETRIC_REPRESENTATION_CONTEXT(2) 
PARAMETRIC_REPRESENTATION_CONTEXT() REPRESENTATION_CONTEXT('2D SPACE',''
  ) );
#12372 = PCURVE('',#12373,#12378);
#12373 = CYLINDRICAL_SURFACE('',#12374,1.75);
#12374 = AXIS2_PLACEMENT_3D('',#12375,#12376,#12377);
#12375 = CARTESIAN_POINT('',(17.5,20.,6.8));
#12376 = DIRECTION('',(0.,0.,1.));
#12377 = DIRECTION('',(1.,0.,-0.));
#12378 = DEFINITIONAL_REPRESENTATION('',(#12379),#12383);
#12379 = LINE('',#12380,#12381);
#12380 = CARTESIAN_POINT('',(0.,1.1));
#12381 = VECTOR('',#12382,1.);
#12382 = DIRECTION('',(1.,0.));
#12383 = ( GEOMETRIC_REPRESENTATION_CONTEXT(2) 
PARAMETRIC_REPRESENTATION_CONTEXT() REPRESENTATION_CONTEXT('2D SPACE',''
  ) );
#12384 = ORIENTED_EDGE('',*,*,#12385,.T.);
#12385 = EDGE_CURVE('',#12357,#12192,#12386,.T.);
#12386 = SURFACE_CURVE('',#12387,(#12391,#12397),.PCURVE_S1.);
#12387 = LINE('',#12388,#12389);
#12388 = CARTESIAN_POINT('',(19.25,4.95,7.9));
#12389 = VECTOR('',#12390,1.);
#12390 = DIRECTION('',(0.,-1.,0.));
#12391 = PCURVE('',#10239,#12392);
#12392 = DEFINITIONAL_REPRESENTATION('',(#12393),#12396);
#12393 = B_SPLINE_CURVE_WITH_KNOTS('',1,(#12394,#12395),.UNSPECIFIED.,
  .F.,.F.,(2,2),(-15.05,3.85),.PIECEWISE_BEZIER_KNOTS.);
#12394 = CARTESIAN_POINT('',(14.55,9.45));
#12395 = CARTESIAN_POINT('',(14.55,-9.45));
#12396 = ( GEOMETRIC_REPRESENTATION_CONTEXT(2) 
PARAMETRIC_REPRESENTATION_CONTEXT() REPRESENTATION_CONTEXT('2D SPACE',''
  ) );
#12397 = PCURVE('',#12398,#12403);
#12398 = PLANE('',#12399);
#12399 = AXIS2_PLACEMENT_3D('',#12400,#12401,#12402);
#12400 = CARTESIAN_POINT('',(19.25,-0.65,6.8));
#12401 = DIRECTION('',(-1.,0.,0.));
#12402 = DIRECTION('',(0.,1.,0.));
#12403 = DEFINITIONAL_REPRESENTATION('',(#12404),#12407);
#12404 = B_SPLINE_CURVE_WITH_KNOTS('',1,(#12405,#12406),.UNSPECIFIED.,
  .F.,.F.,(2,2),(-15.05,3.85),.PIECEWISE_BEZIER_KNOTS.);
#12405 = CARTESIAN_POINT('',(20.65,-1.1));
#12406 = CARTESIAN_POINT('',(1.75,-1.1));
#12407 = ( GEOMETRIC_REPRESENTATION_CONTEXT(2) 
PARAMETRIC_REPRESENTATION_CONTEXT() REPRESENTATION_CONTEXT('2D SPACE',''
  ) );
#12408 = ADVANCED_FACE('',(#12409),#10715,.F.);
#12409 = FACE_BOUND('',#12410,.F.);
#12410 = EDGE_LOOP('',(#12411,#12412,#12413,#12414));
#12411 = ORIENTED_EDGE('',*,*,#10730,.F.);
#12412 = ORIENTED_EDGE('',*,*,#11881,.T.);
#12413 = ORIENTED_EDGE('',*,*,#12163,.T.);
#12414 = ORIENTED_EDGE('',*,*,#10696,.F.);
#12415 = ADVANCED_FACE('',(#12416),#10792,.F.);
#12416 = FACE_BOUND('',#12417,.T.);
#12417 = EDGE_LOOP('',(#12418,#12419,#12420,#12441,#12442));
#12418 = ORIENTED_EDGE('',*,*,#10776,.F.);
#12419 = ORIENTED_EDGE('',*,*,#11854,.T.);
#12420 = ORIENTED_EDGE('',*,*,#12421,.T.);
#12421 = EDGE_CURVE('',#11832,#11172,#12422,.T.);
#12422 = SURFACE_CURVE('',#12423,(#12427,#12434),.PCURVE_S1.);
#12423 = LINE('',#12424,#12425);
#12424 = CARTESIAN_POINT('',(13.4,22.55,13.9));
#12425 = VECTOR('',#12426,1.);
#12426 = DIRECTION('',(0.,1.,0.));
#12427 = PCURVE('',#10792,#12428);
#12428 = DEFINITIONAL_REPRESENTATION('',(#12429),#12433);
#12429 = LINE('',#12430,#12431);
#12430 = CARTESIAN_POINT('',(-1.570796326795,0.));
#12431 = VECTOR('',#12432,1.);
#12432 = DIRECTION('',(-0.,1.));
#12433 = ( GEOMETRIC_REPRESENTATION_CONTEXT(2) 
PARAMETRIC_REPRESENTATION_CONTEXT() REPRESENTATION_CONTEXT('2D SPACE',''
  ) );
#12434 = PCURVE('',#11186,#12435);
#12435 = DEFINITIONAL_REPRESENTATION('',(#12436),#12440);
#12436 = LINE('',#12437,#12438);
#12437 = CARTESIAN_POINT('',(4.5,-1.1));
#12438 = VECTOR('',#12439,1.);
#12439 = DIRECTION('',(0.,1.));
#12440 = ( GEOMETRIC_REPRESENTATION_CONTEXT(2) 
PARAMETRIC_REPRESENTATION_CONTEXT() REPRESENTATION_CONTEXT('2D SPACE',''
  ) );
#12441 = ORIENTED_EDGE('',*,*,#11197,.F.);
#12442 = ORIENTED_EDGE('',*,*,#10874,.T.);
#12443 = ADVANCED_FACE('',(#12444),#11186,.F.);
#12444 = FACE_BOUND('',#12445,.F.);
#12445 = EDGE_LOOP('',(#12446,#12447,#12448,#12449));
#12446 = ORIENTED_EDGE('',*,*,#11728,.T.);
#12447 = ORIENTED_EDGE('',*,*,#11831,.T.);
#12448 = ORIENTED_EDGE('',*,*,#12421,.T.);
#12449 = ORIENTED_EDGE('',*,*,#11171,.T.);
#12450 = ADVANCED_FACE('',(#12451,#12645,#12680,#12683,#12718),#11295,
  .F.);
#12451 = FACE_BOUND('',#12452,.F.);
#12452 = EDGE_LOOP('',(#12453,#12478,#12502,#12525,#12549,#12572,#12596,
    #12619));
#12453 = ORIENTED_EDGE('',*,*,#12454,.T.);
#12454 = EDGE_CURVE('',#12455,#12457,#12459,.T.);
#12455 = VERTEX_POINT('',#12456);
#12456 = CARTESIAN_POINT('',(-8.1,-0.65,12.8));
#12457 = VERTEX_POINT('',#12458);
#12458 = CARTESIAN_POINT('',(17.5,-0.65,12.8));
#12459 = SURFACE_CURVE('',#12460,(#12464,#12471),.PCURVE_S1.);
#12460 = LINE('',#12461,#12462);
#12461 = CARTESIAN_POINT('',(-9.85,-0.65,12.8));
#12462 = VECTOR('',#12463,1.);
#12463 = DIRECTION('',(1.,0.,0.));
#12464 = PCURVE('',#11295,#12465);
#12465 = DEFINITIONAL_REPRESENTATION('',(#12466),#12470);
#12466 = LINE('',#12467,#12468);
#12467 = CARTESIAN_POINT('',(-14.55,-11.2));
#12468 = VECTOR('',#12469,1.);
#12469 = DIRECTION('',(1.,0.));
#12470 = ( GEOMETRIC_REPRESENTATION_CONTEXT(2) 
PARAMETRIC_REPRESENTATION_CONTEXT() REPRESENTATION_CONTEXT('2D SPACE',''
  ) );
#12471 = PCURVE('',#12235,#12472);
#12472 = DEFINITIONAL_REPRESENTATION('',(#12473),#12477);
#12473 = LINE('',#12474,#12475);
#12474 = CARTESIAN_POINT('',(0.,-6.));
#12475 = VECTOR('',#12476,1.);
#12476 = DIRECTION('',(1.,0.));
#12477 = ( GEOMETRIC_REPRESENTATION_CONTEXT(2) 
PARAMETRIC_REPRESENTATION_CONTEXT() REPRESENTATION_CONTEXT('2D SPACE',''
  ) );
#12478 = ORIENTED_EDGE('',*,*,#12479,.T.);
#12479 = EDGE_CURVE('',#12457,#12480,#12482,.T.);
#12480 = VERTEX_POINT('',#12481);
#12481 = CARTESIAN_POINT('',(19.25,1.1,12.8));
#12482 = SURFACE_CURVE('',#12483,(#12488,#12495),.PCURVE_S1.);
#12483 = CIRCLE('',#12484,1.75);
#12484 = AXIS2_PLACEMENT_3D('',#12485,#12486,#12487);
#12485 = CARTESIAN_POINT('',(17.5,1.1,12.8));
#12486 = DIRECTION('',(0.,0.,1.));
#12487 = DIRECTION('',(0.,-1.,0.));
#12488 = PCURVE('',#11295,#12489);
#12489 = DEFINITIONAL_REPRESENTATION('',(#12490),#12494);
#12490 = CIRCLE('',#12491,1.75);
#12491 = AXIS2_PLACEMENT_2D('',#12492,#12493);
#12492 = CARTESIAN_POINT('',(12.8,-9.45));
#12493 = DIRECTION('',(0.,-1.));
#12494 = ( GEOMETRIC_REPRESENTATION_CONTEXT(2) 
PARAMETRIC_REPRESENTATION_CONTEXT() REPRESENTATION_CONTEXT('2D SPACE',''
  ) );
#12495 = PCURVE('',#12208,#12496);
#12496 = DEFINITIONAL_REPRESENTATION('',(#12497),#12501);
#12497 = LINE('',#12498,#12499);
#12498 = CARTESIAN_POINT('',(0.,6.));
#12499 = VECTOR('',#12500,1.);
#12500 = DIRECTION('',(1.,0.));
#12501 = ( GEOMETRIC_REPRESENTATION_CONTEXT(2) 
PARAMETRIC_REPRESENTATION_CONTEXT() REPRESENTATION_CONTEXT('2D SPACE',''
  ) );
#12502 = ORIENTED_EDGE('',*,*,#12503,.T.);
#12503 = EDGE_CURVE('',#12480,#12504,#12506,.T.);
#12504 = VERTEX_POINT('',#12505);
#12505 = CARTESIAN_POINT('',(19.25,20.,12.8));
#12506 = SURFACE_CURVE('',#12507,(#12511,#12518),.PCURVE_S1.);
#12507 = LINE('',#12508,#12509);
#12508 = CARTESIAN_POINT('',(19.25,-0.65,12.8));
#12509 = VECTOR('',#12510,1.);
#12510 = DIRECTION('',(0.,1.,0.));
#12511 = PCURVE('',#11295,#12512);
#12512 = DEFINITIONAL_REPRESENTATION('',(#12513),#12517);
#12513 = LINE('',#12514,#12515);
#12514 = CARTESIAN_POINT('',(14.55,-11.2));
#12515 = VECTOR('',#12516,1.);
#12516 = DIRECTION('',(0.,1.));
#12517 = ( GEOMETRIC_REPRESENTATION_CONTEXT(2) 
PARAMETRIC_REPRESENTATION_CONTEXT() REPRESENTATION_CONTEXT('2D SPACE',''
  ) );
#12518 = PCURVE('',#12398,#12519);
#12519 = DEFINITIONAL_REPRESENTATION('',(#12520),#12524);
#12520 = LINE('',#12521,#12522);
#12521 = CARTESIAN_POINT('',(0.,-6.));
#12522 = VECTOR('',#12523,1.);
#12523 = DIRECTION('',(1.,0.));
#12524 = ( GEOMETRIC_REPRESENTATION_CONTEXT(2) 
PARAMETRIC_REPRESENTATION_CONTEXT() REPRESENTATION_CONTEXT('2D SPACE',''
  ) );
#12525 = ORIENTED_EDGE('',*,*,#12526,.T.);
#12526 = EDGE_CURVE('',#12504,#12527,#12529,.T.);
#12527 = VERTEX_POINT('',#12528);
#12528 = CARTESIAN_POINT('',(17.5,21.75,12.8));
#12529 = SURFACE_CURVE('',#12530,(#12535,#12542),.PCURVE_S1.);
#12530 = CIRCLE('',#12531,1.75);
#12531 = AXIS2_PLACEMENT_3D('',#12532,#12533,#12534);
#12532 = CARTESIAN_POINT('',(17.5,20.,12.8));
#12533 = DIRECTION('',(0.,0.,1.));
#12534 = DIRECTION('',(0.,-1.,0.));
#12535 = PCURVE('',#11295,#12536);
#12536 = DEFINITIONAL_REPRESENTATION('',(#12537),#12541);
#12537 = CIRCLE('',#12538,1.75);
#12538 = AXIS2_PLACEMENT_2D('',#12539,#12540);
#12539 = CARTESIAN_POINT('',(12.8,9.45));
#12540 = DIRECTION('',(0.,-1.));
#12541 = ( GEOMETRIC_REPRESENTATION_CONTEXT(2) 
PARAMETRIC_REPRESENTATION_CONTEXT() REPRESENTATION_CONTEXT('2D SPACE',''
  ) );
#12542 = PCURVE('',#12373,#12543);
#12543 = DEFINITIONAL_REPRESENTATION('',(#12544),#12548);
#12544 = LINE('',#12545,#12546);
#12545 = CARTESIAN_POINT('',(-1.570796326795,6.));
#12546 = VECTOR('',#12547,1.);
#12547 = DIRECTION('',(1.,0.));
#12548 = ( GEOMETRIC_REPRESENTATION_CONTEXT(2) 
PARAMETRIC_REPRESENTATION_CONTEXT() REPRESENTATION_CONTEXT('2D SPACE',''
  ) );
#12549 = ORIENTED_EDGE('',*,*,#12550,.T.);
#12550 = EDGE_CURVE('',#12527,#12551,#12553,.T.);
#12551 = VERTEX_POINT('',#12552);
#12552 = CARTESIAN_POINT('',(-8.1,21.75,12.8));
#12553 = SURFACE_CURVE('',#12554,(#12558,#12565),.PCURVE_S1.);
#12554 = LINE('',#12555,#12556);
#12555 = CARTESIAN_POINT('',(19.25,21.75,12.8));
#12556 = VECTOR('',#12557,1.);
#12557 = DIRECTION('',(-1.,0.,0.));
#12558 = PCURVE('',#11295,#12559);
#12559 = DEFINITIONAL_REPRESENTATION('',(#12560),#12564);
#12560 = LINE('',#12561,#12562);
#12561 = CARTESIAN_POINT('',(14.55,11.2));
#12562 = VECTOR('',#12563,1.);
#12563 = DIRECTION('',(-1.,0.));
#12564 = ( GEOMETRIC_REPRESENTATION_CONTEXT(2) 
PARAMETRIC_REPRESENTATION_CONTEXT() REPRESENTATION_CONTEXT('2D SPACE',''
  ) );
#12565 = PCURVE('',#12345,#12566);
#12566 = DEFINITIONAL_REPRESENTATION('',(#12567),#12571);
#12567 = LINE('',#12568,#12569);
#12568 = CARTESIAN_POINT('',(0.,-6.));
#12569 = VECTOR('',#12570,1.);
#12570 = DIRECTION('',(1.,0.));
#12571 = ( GEOMETRIC_REPRESENTATION_CONTEXT(2) 
PARAMETRIC_REPRESENTATION_CONTEXT() REPRESENTATION_CONTEXT('2D SPACE',''
  ) );
#12572 = ORIENTED_EDGE('',*,*,#12573,.T.);
#12573 = EDGE_CURVE('',#12551,#12574,#12576,.T.);
#12574 = VERTEX_POINT('',#12575);
#12575 = CARTESIAN_POINT('',(-9.85,20.,12.8));
#12576 = SURFACE_CURVE('',#12577,(#12582,#12589),.PCURVE_S1.);
#12577 = CIRCLE('',#12578,1.75);
#12578 = AXIS2_PLACEMENT_3D('',#12579,#12580,#12581);
#12579 = CARTESIAN_POINT('',(-8.1,20.,12.8));
#12580 = DIRECTION('',(0.,0.,1.));
#12581 = DIRECTION('',(0.,-1.,0.));
#12582 = PCURVE('',#11295,#12583);
#12583 = DEFINITIONAL_REPRESENTATION('',(#12584),#12588);
#12584 = CIRCLE('',#12585,1.75);
#12585 = AXIS2_PLACEMENT_2D('',#12586,#12587);
#12586 = CARTESIAN_POINT('',(-12.8,9.45));
#12587 = DIRECTION('',(0.,-1.));
#12588 = ( GEOMETRIC_REPRESENTATION_CONTEXT(2) 
PARAMETRIC_REPRESENTATION_CONTEXT() REPRESENTATION_CONTEXT('2D SPACE',''
  ) );
#12589 = PCURVE('',#12318,#12590);
#12590 = DEFINITIONAL_REPRESENTATION('',(#12591),#12595);
#12591 = LINE('',#12592,#12593);
#12592 = CARTESIAN_POINT('',(-3.14159265359,6.));
#12593 = VECTOR('',#12594,1.);
#12594 = DIRECTION('',(1.,0.));
#12595 = ( GEOMETRIC_REPRESENTATION_CONTEXT(2) 
PARAMETRIC_REPRESENTATION_CONTEXT() REPRESENTATION_CONTEXT('2D SPACE',''
  ) );
#12596 = ORIENTED_EDGE('',*,*,#12597,.T.);
#12597 = EDGE_CURVE('',#12574,#12598,#12600,.T.);
#12598 = VERTEX_POINT('',#12599);
#12599 = CARTESIAN_POINT('',(-9.85,1.1,12.8));
#12600 = SURFACE_CURVE('',#12601,(#12605,#12612),.PCURVE_S1.);
#12601 = LINE('',#12602,#12603);
#12602 = CARTESIAN_POINT('',(-9.85,21.75,12.8));
#12603 = VECTOR('',#12604,1.);
#12604 = DIRECTION('',(0.,-1.,0.));
#12605 = PCURVE('',#11295,#12606);
#12606 = DEFINITIONAL_REPRESENTATION('',(#12607),#12611);
#12607 = LINE('',#12608,#12609);
#12608 = CARTESIAN_POINT('',(-14.55,11.2));
#12609 = VECTOR('',#12610,1.);
#12610 = DIRECTION('',(0.,-1.));
#12611 = ( GEOMETRIC_REPRESENTATION_CONTEXT(2) 
PARAMETRIC_REPRESENTATION_CONTEXT() REPRESENTATION_CONTEXT('2D SPACE',''
  ) );
#12612 = PCURVE('',#12290,#12613);
#12613 = DEFINITIONAL_REPRESENTATION('',(#12614),#12618);
#12614 = LINE('',#12615,#12616);
#12615 = CARTESIAN_POINT('',(0.,-6.));
#12616 = VECTOR('',#12617,1.);
#12617 = DIRECTION('',(1.,0.));
#12618 = ( GEOMETRIC_REPRESENTATION_CONTEXT(2) 
PARAMETRIC_REPRESENTATION_CONTEXT() REPRESENTATION_CONTEXT('2D SPACE',''
  ) );
#12619 = ORIENTED_EDGE('',*,*,#12620,.F.);
#12620 = EDGE_CURVE('',#12455,#12598,#12621,.T.);
#12621 = SURFACE_CURVE('',#12622,(#12627,#12638),.PCURVE_S1.);
#12622 = CIRCLE('',#12623,1.75);
#12623 = AXIS2_PLACEMENT_3D('',#12624,#12625,#12626);
#12624 = CARTESIAN_POINT('',(-8.1,1.1,12.8));
#12625 = DIRECTION('',(-0.,-0.,-1.));
#12626 = DIRECTION('',(0.,-1.,0.));
#12627 = PCURVE('',#11295,#12628);
#12628 = DEFINITIONAL_REPRESENTATION('',(#12629),#12637);
#12629 = ( BOUNDED_CURVE() B_SPLINE_CURVE(2,(#12630,#12631,#12632,#12633
    ,#12634,#12635,#12636),.UNSPECIFIED.,.T.,.F.) 
B_SPLINE_CURVE_WITH_KNOTS((1,2,2,2,2,1),(-2.094395102393,0.,
    2.094395102393,4.188790204786,6.28318530718,8.377580409573),
.UNSPECIFIED.) CURVE() GEOMETRIC_REPRESENTATION_ITEM() 
RATIONAL_B_SPLINE_CURVE((1.,0.5,1.,0.5,1.,0.5,1.)) REPRESENTATION_ITEM(
  '') );
#12630 = CARTESIAN_POINT('',(-12.8,-11.2));
#12631 = CARTESIAN_POINT('',(-15.83108891324,-11.2));
#12632 = CARTESIAN_POINT('',(-14.31554445662,-8.575));
#12633 = CARTESIAN_POINT('',(-12.8,-5.95));
#12634 = CARTESIAN_POINT('',(-11.28445554337,-8.575));
#12635 = CARTESIAN_POINT('',(-9.768911086754,-11.2));
#12636 = CARTESIAN_POINT('',(-12.8,-11.2));
#12637 = ( GEOMETRIC_REPRESENTATION_CONTEXT(2) 
PARAMETRIC_REPRESENTATION_CONTEXT() REPRESENTATION_CONTEXT('2D SPACE',''
  ) );
#12638 = PCURVE('',#12263,#12639);
#12639 = DEFINITIONAL_REPRESENTATION('',(#12640),#12644);
#12640 = LINE('',#12641,#12642);
#12641 = CARTESIAN_POINT('',(-0.,6.));
#12642 = VECTOR('',#12643,1.);
#12643 = DIRECTION('',(-1.,0.));
#12644 = ( GEOMETRIC_REPRESENTATION_CONTEXT(2) 
PARAMETRIC_REPRESENTATION_CONTEXT() REPRESENTATION_CONTEXT('2D SPACE',''
  ) );
#12645 = FACE_BOUND('',#12646,.F.);
#12646 = EDGE_LOOP('',(#12647));
#12647 = ORIENTED_EDGE('',*,*,#12648,.T.);
#12648 = EDGE_CURVE('',#12649,#12649,#12651,.T.);
#12649 = VERTEX_POINT('',#12650);
#12650 = CARTESIAN_POINT('',(-6.1,2.5,12.8));
#12651 = SURFACE_CURVE('',#12652,(#12657,#12668),.PCURVE_S1.);
#12652 = CIRCLE('',#12653,0.9);
#12653 = AXIS2_PLACEMENT_3D('',#12654,#12655,#12656);
#12654 = CARTESIAN_POINT('',(-7.,2.5,12.8));
#12655 = DIRECTION('',(0.,0.,-1.));
#12656 = DIRECTION('',(1.,0.,0.));
#12657 = PCURVE('',#11295,#12658);
#12658 = DEFINITIONAL_REPRESENTATION('',(#12659),#12667);
#12659 = ( BOUNDED_CURVE() B_SPLINE_CURVE(2,(#12660,#12661,#12662,#12663
    ,#12664,#12665,#12666),.UNSPECIFIED.,.T.,.F.) 
B_SPLINE_CURVE_WITH_KNOTS((1,2,2,2,2,1),(-2.094395102393,0.,
    2.094395102393,4.188790204786,6.28318530718,8.377580409573),
.UNSPECIFIED.) CURVE() GEOMETRIC_REPRESENTATION_ITEM() 
RATIONAL_B_SPLINE_CURVE((1.,0.5,1.,0.5,1.,0.5,1.)) REPRESENTATION_ITEM(
  '') );
#12660 = CARTESIAN_POINT('',(-10.8,-8.05));
#12661 = CARTESIAN_POINT('',(-10.8,-9.608845726812));
#12662 = CARTESIAN_POINT('',(-12.15,-8.829422863406));
#12663 = CARTESIAN_POINT('',(-13.5,-8.05));
#12664 = CARTESIAN_POINT('',(-12.15,-7.270577136594));
#12665 = CARTESIAN_POINT('',(-10.8,-6.491154273188));
#12666 = CARTESIAN_POINT('',(-10.8,-8.05));
#12667 = ( GEOMETRIC_REPRESENTATION_CONTEXT(2) 
PARAMETRIC_REPRESENTATION_CONTEXT() REPRESENTATION_CONTEXT('2D SPACE',''
  ) );
#12668 = PCURVE('',#12669,#12674);
#12669 = CYLINDRICAL_SURFACE('',#12670,0.9);
#12670 = AXIS2_PLACEMENT_3D('',#12671,#12672,#12673);
#12671 = CARTESIAN_POINT('',(-7.,2.5,7.85));
#12672 = DIRECTION('',(-0.,-0.,-1.));
#12673 = DIRECTION('',(1.,0.,0.));
#12674 = DEFINITIONAL_REPRESENTATION('',(#12675),#12679);
#12675 = LINE('',#12676,#12677);
#12676 = CARTESIAN_POINT('',(-6.28318530718,-4.95));
#12677 = VECTOR('',#12678,1.);
#12678 = DIRECTION('',(1.,-0.));
#12679 = ( GEOMETRIC_REPRESENTATION_CONTEXT(2) 
PARAMETRIC_REPRESENTATION_CONTEXT() REPRESENTATION_CONTEXT('2D SPACE',''
  ) );
#12680 = FACE_BOUND('',#12681,.F.);
#12681 = EDGE_LOOP('',(#12682));
#12682 = ORIENTED_EDGE('',*,*,#11278,.T.);
#12683 = FACE_BOUND('',#12684,.F.);
#12684 = EDGE_LOOP('',(#12685));
#12685 = ORIENTED_EDGE('',*,*,#12686,.T.);
#12686 = EDGE_CURVE('',#12687,#12687,#12689,.T.);
#12687 = VERTEX_POINT('',#12688);
#12688 = CARTESIAN_POINT('',(-7.5,13.,12.8));
#12689 = SURFACE_CURVE('',#12690,(#12695,#12706),.PCURVE_S1.);
#12690 = CIRCLE('',#12691,0.9);
#12691 = AXIS2_PLACEMENT_3D('',#12692,#12693,#12694);
#12692 = CARTESIAN_POINT('',(-8.4,13.,12.8));
#12693 = DIRECTION('',(0.,0.,-1.));
#12694 = DIRECTION('',(1.,0.,0.));
#12695 = PCURVE('',#11295,#12696);
#12696 = DEFINITIONAL_REPRESENTATION('',(#12697),#12705);
#12697 = ( BOUNDED_CURVE() B_SPLINE_CURVE(2,(#12698,#12699,#12700,#12701
    ,#12702,#12703,#12704),.UNSPECIFIED.,.T.,.F.) 
B_SPLINE_CURVE_WITH_KNOTS((1,2,2,2,2,1),(-2.094395102393,0.,
    2.094395102393,4.188790204786,6.28318530718,8.377580409573),
.UNSPECIFIED.) CURVE() GEOMETRIC_REPRESENTATION_ITEM() 
RATIONAL_B_SPLINE_CURVE((1.,0.5,1.,0.5,1.,0.5,1.)) REPRESENTATION_ITEM(
  '') );
#12698 = CARTESIAN_POINT('',(-12.2,2.45));
#12699 = CARTESIAN_POINT('',(-12.2,0.891154273188));
#12700 = CARTESIAN_POINT('',(-13.55,1.670577136594));
#12701 = CARTESIAN_POINT('',(-14.9,2.45));
#12702 = CARTESIAN_POINT('',(-13.55,3.229422863406));
#12703 = CARTESIAN_POINT('',(-12.2,4.008845726812));
#12704 = CARTESIAN_POINT('',(-12.2,2.45));
#12705 = ( GEOMETRIC_REPRESENTATION_CONTEXT(2) 
PARAMETRIC_REPRESENTATION_CONTEXT() REPRESENTATION_CONTEXT('2D SPACE',''
  ) );
#12706 = PCURVE('',#12707,#12712);
#12707 = CYLINDRICAL_SURFACE('',#12708,0.9);
#12708 = AXIS2_PLACEMENT_3D('',#12709,#12710,#12711);
#12709 = CARTESIAN_POINT('',(-8.4,13.,7.85));
#12710 = DIRECTION('',(-0.,-0.,-1.));
#12711 = DIRECTION('',(1.,0.,0.));
#12712 = DEFINITIONAL_REPRESENTATION('',(#12713),#12717);
#12713 = LINE('',#12714,#12715);
#12714 = CARTESIAN_POINT('',(-6.28318530718,-4.95));
#12715 = VECTOR('',#12716,1.);
#12716 = DIRECTION('',(1.,-0.));
#12717 = ( GEOMETRIC_REPRESENTATION_CONTEXT(2) 
PARAMETRIC_REPRESENTATION_CONTEXT() REPRESENTATION_CONTEXT('2D SPACE',''
  ) );
#12718 = FACE_BOUND('',#12719,.F.);
#12719 = EDGE_LOOP('',(#12720,#12721,#12722,#12723,#12724,#12725,#12726,
    #12727));
#12720 = ORIENTED_EDGE('',*,*,#11360,.F.);
#12721 = ORIENTED_EDGE('',*,*,#11409,.T.);
#12722 = ORIENTED_EDGE('',*,*,#11504,.F.);
#12723 = ORIENTED_EDGE('',*,*,#11603,.T.);
#12724 = ORIENTED_EDGE('',*,*,#11698,.F.);
#12725 = ORIENTED_EDGE('',*,*,#11650,.T.);
#12726 = ORIENTED_EDGE('',*,*,#11554,.F.);
#12727 = ORIENTED_EDGE('',*,*,#11456,.T.);
#12728 = ADVANCED_FACE('',(#12729),#11943,.T.);
#12729 = FACE_BOUND('',#12730,.T.);
#12730 = EDGE_LOOP('',(#12731,#12754,#12755,#12778));
#12731 = ORIENTED_EDGE('',*,*,#12732,.F.);
#12732 = EDGE_CURVE('',#11927,#12733,#12735,.T.);
#12733 = VERTEX_POINT('',#12734);
#12734 = CARTESIAN_POINT('',(4.1,21.75,9.4));
#12735 = SURFACE_CURVE('',#12736,(#12740,#12747),.PCURVE_S1.);
#12736 = LINE('',#12737,#12738);
#12737 = CARTESIAN_POINT('',(4.1,24.75,9.4));
#12738 = VECTOR('',#12739,1.);
#12739 = DIRECTION('',(0.,-1.,0.));
#12740 = PCURVE('',#11943,#12741);
#12741 = DEFINITIONAL_REPRESENTATION('',(#12742),#12746);
#12742 = LINE('',#12743,#12744);
#12743 = CARTESIAN_POINT('',(0.,-1.));
#12744 = VECTOR('',#12745,1.);
#12745 = DIRECTION('',(1.,0.));
#12746 = ( GEOMETRIC_REPRESENTATION_CONTEXT(2) 
PARAMETRIC_REPRESENTATION_CONTEXT() REPRESENTATION_CONTEXT('2D SPACE',''
  ) );
#12747 = PCURVE('',#11975,#12748);
#12748 = DEFINITIONAL_REPRESENTATION('',(#12749),#12753);
#12749 = LINE('',#12750,#12751);
#12750 = CARTESIAN_POINT('',(0.,0.));
#12751 = VECTOR('',#12752,1.);
#12752 = DIRECTION('',(0.,1.));
#12753 = ( GEOMETRIC_REPRESENTATION_CONTEXT(2) 
PARAMETRIC_REPRESENTATION_CONTEXT() REPRESENTATION_CONTEXT('2D SPACE',''
  ) );
#12754 = ORIENTED_EDGE('',*,*,#11926,.T.);
#12755 = ORIENTED_EDGE('',*,*,#12756,.T.);
#12756 = EDGE_CURVE('',#11929,#12757,#12759,.T.);
#12757 = VERTEX_POINT('',#12758);
#12758 = CARTESIAN_POINT('',(4.1,21.75,11.4));
#12759 = SURFACE_CURVE('',#12760,(#12764,#12771),.PCURVE_S1.);
#12760 = LINE('',#12761,#12762);
#12761 = CARTESIAN_POINT('',(4.1,24.75,11.4));
#12762 = VECTOR('',#12763,1.);
#12763 = DIRECTION('',(0.,-1.,0.));
#12764 = PCURVE('',#11943,#12765);
#12765 = DEFINITIONAL_REPRESENTATION('',(#12766),#12770);
#12766 = LINE('',#12767,#12768);
#12767 = CARTESIAN_POINT('',(0.,-3.));
#12768 = VECTOR('',#12769,1.);
#12769 = DIRECTION('',(1.,0.));
#12770 = ( GEOMETRIC_REPRESENTATION_CONTEXT(2) 
PARAMETRIC_REPRESENTATION_CONTEXT() REPRESENTATION_CONTEXT('2D SPACE',''
  ) );
#12771 = PCURVE('',#12142,#12772);
#12772 = DEFINITIONAL_REPRESENTATION('',(#12773),#12777);
#12773 = LINE('',#12774,#12775);
#12774 = CARTESIAN_POINT('',(-0.,0.));
#12775 = VECTOR('',#12776,1.);
#12776 = DIRECTION('',(-0.,1.));
#12777 = ( GEOMETRIC_REPRESENTATION_CONTEXT(2) 
PARAMETRIC_REPRESENTATION_CONTEXT() REPRESENTATION_CONTEXT('2D SPACE',''
  ) );
#12778 = ORIENTED_EDGE('',*,*,#12779,.F.);
#12779 = EDGE_CURVE('',#12733,#12757,#12780,.T.);
#12780 = SURFACE_CURVE('',#12781,(#12785,#12791),.PCURVE_S1.);
#12781 = LINE('',#12782,#12783);
#12782 = CARTESIAN_POINT('',(4.1,21.75,7.6));
#12783 = VECTOR('',#12784,1.);
#12784 = DIRECTION('',(0.,0.,1.));
#12785 = PCURVE('',#11943,#12786);
#12786 = DEFINITIONAL_REPRESENTATION('',(#12787),#12790);
#12787 = B_SPLINE_CURVE_WITH_KNOTS('',1,(#12788,#12789),.UNSPECIFIED.,
  .F.,.F.,(2,2),(1.8,3.8),.PIECEWISE_BEZIER_KNOTS.);
#12788 = CARTESIAN_POINT('',(3.,-1.));
#12789 = CARTESIAN_POINT('',(3.,-3.));
#12790 = ( GEOMETRIC_REPRESENTATION_CONTEXT(2) 
PARAMETRIC_REPRESENTATION_CONTEXT() REPRESENTATION_CONTEXT('2D SPACE',''
  ) );
#12791 = PCURVE('',#12345,#12792);
#12792 = DEFINITIONAL_REPRESENTATION('',(#12793),#12796);
#12793 = B_SPLINE_CURVE_WITH_KNOTS('',1,(#12794,#12795),.UNSPECIFIED.,
  .F.,.F.,(2,2),(1.8,3.8),.PIECEWISE_BEZIER_KNOTS.);
#12794 = CARTESIAN_POINT('',(15.15,-2.6));
#12795 = CARTESIAN_POINT('',(15.15,-4.6));
#12796 = ( GEOMETRIC_REPRESENTATION_CONTEXT(2) 
PARAMETRIC_REPRESENTATION_CONTEXT() REPRESENTATION_CONTEXT('2D SPACE',''
  ) );
#12797 = ADVANCED_FACE('',(#12798),#11975,.F.);
#12798 = FACE_BOUND('',#12799,.F.);
#12799 = EDGE_LOOP('',(#12800,#12801,#12802,#12825));
#12800 = ORIENTED_EDGE('',*,*,#12732,.F.);
#12801 = ORIENTED_EDGE('',*,*,#11954,.T.);
#12802 = ORIENTED_EDGE('',*,*,#12803,.T.);
#12803 = EDGE_CURVE('',#11955,#12804,#12806,.T.);
#12804 = VERTEX_POINT('',#12805);
#12805 = CARTESIAN_POINT('',(5.1,21.75,8.4));
#12806 = SURFACE_CURVE('',#12807,(#12811,#12818),.PCURVE_S1.);
#12807 = LINE('',#12808,#12809);
#12808 = CARTESIAN_POINT('',(5.1,24.75,8.4));
#12809 = VECTOR('',#12810,1.);
#12810 = DIRECTION('',(0.,-1.,0.));
#12811 = PCURVE('',#11975,#12812);
#12812 = DEFINITIONAL_REPRESENTATION('',(#12813),#12817);
#12813 = LINE('',#12814,#12815);
#12814 = CARTESIAN_POINT('',(1.570796326795,0.));
#12815 = VECTOR('',#12816,1.);
#12816 = DIRECTION('',(0.,1.));
#12817 = ( GEOMETRIC_REPRESENTATION_CONTEXT(2) 
PARAMETRIC_REPRESENTATION_CONTEXT() REPRESENTATION_CONTEXT('2D SPACE',''
  ) );
#12818 = PCURVE('',#12002,#12819);
#12819 = DEFINITIONAL_REPRESENTATION('',(#12820),#12824);
#12820 = LINE('',#12821,#12822);
#12821 = CARTESIAN_POINT('',(-3.8,1.75));
#12822 = VECTOR('',#12823,1.);
#12823 = DIRECTION('',(0.,-1.));
#12824 = ( GEOMETRIC_REPRESENTATION_CONTEXT(2) 
PARAMETRIC_REPRESENTATION_CONTEXT() REPRESENTATION_CONTEXT('2D SPACE',''
  ) );
#12825 = ORIENTED_EDGE('',*,*,#12826,.F.);
#12826 = EDGE_CURVE('',#12733,#12804,#12827,.T.);
#12827 = SURFACE_CURVE('',#12828,(#12833,#12840),.PCURVE_S1.);
#12828 = CIRCLE('',#12829,1.);
#12829 = AXIS2_PLACEMENT_3D('',#12830,#12831,#12832);
#12830 = CARTESIAN_POINT('',(5.1,21.75,9.4));
#12831 = DIRECTION('',(0.,-1.,0.));
#12832 = DIRECTION('',(-1.,0.,0.));
#12833 = PCURVE('',#11975,#12834);
#12834 = DEFINITIONAL_REPRESENTATION('',(#12835),#12839);
#12835 = LINE('',#12836,#12837);
#12836 = CARTESIAN_POINT('',(0.,3.));
#12837 = VECTOR('',#12838,1.);
#12838 = DIRECTION('',(1.,0.));
#12839 = ( GEOMETRIC_REPRESENTATION_CONTEXT(2) 
PARAMETRIC_REPRESENTATION_CONTEXT() REPRESENTATION_CONTEXT('2D SPACE',''
  ) );
#12840 = PCURVE('',#12345,#12841);
#12841 = DEFINITIONAL_REPRESENTATION('',(#12842),#12846);
#12842 = CIRCLE('',#12843,1.);
#12843 = AXIS2_PLACEMENT_2D('',#12844,#12845);
#12844 = CARTESIAN_POINT('',(14.15,-2.6));
#12845 = DIRECTION('',(1.,0.));
#12846 = ( GEOMETRIC_REPRESENTATION_CONTEXT(2) 
PARAMETRIC_REPRESENTATION_CONTEXT() REPRESENTATION_CONTEXT('2D SPACE',''
  ) );
#12847 = ADVANCED_FACE('',(#12848),#12142,.F.);
#12848 = FACE_BOUND('',#12849,.T.);
#12849 = EDGE_LOOP('',(#12850,#12851,#12852,#12875));
#12850 = ORIENTED_EDGE('',*,*,#12756,.F.);
#12851 = ORIENTED_EDGE('',*,*,#12123,.F.);
#12852 = ORIENTED_EDGE('',*,*,#12853,.T.);
#12853 = EDGE_CURVE('',#12098,#12854,#12856,.T.);
#12854 = VERTEX_POINT('',#12855);
#12855 = CARTESIAN_POINT('',(5.1,21.75,12.4));
#12856 = SURFACE_CURVE('',#12857,(#12861,#12868),.PCURVE_S1.);
#12857 = LINE('',#12858,#12859);
#12858 = CARTESIAN_POINT('',(5.1,24.75,12.4));
#12859 = VECTOR('',#12860,1.);
#12860 = DIRECTION('',(0.,-1.,0.));
#12861 = PCURVE('',#12142,#12862);
#12862 = DEFINITIONAL_REPRESENTATION('',(#12863),#12867);
#12863 = LINE('',#12864,#12865);
#12864 = CARTESIAN_POINT('',(-1.570796326795,0.));
#12865 = VECTOR('',#12866,1.);
#12866 = DIRECTION('',(-0.,1.));
#12867 = ( GEOMETRIC_REPRESENTATION_CONTEXT(2) 
PARAMETRIC_REPRESENTATION_CONTEXT() REPRESENTATION_CONTEXT('2D SPACE',''
  ) );
#12868 = PCURVE('',#12112,#12869);
#12869 = DEFINITIONAL_REPRESENTATION('',(#12870),#12874);
#12870 = LINE('',#12871,#12872);
#12871 = CARTESIAN_POINT('',(-3.8,1.75));
#12872 = VECTOR('',#12873,1.);
#12873 = DIRECTION('',(0.,-1.));
#12874 = ( GEOMETRIC_REPRESENTATION_CONTEXT(2) 
PARAMETRIC_REPRESENTATION_CONTEXT() REPRESENTATION_CONTEXT('2D SPACE',''
  ) );
#12875 = ORIENTED_EDGE('',*,*,#12876,.T.);
#12876 = EDGE_CURVE('',#12854,#12757,#12877,.T.);
#12877 = SURFACE_CURVE('',#12878,(#12883,#12890),.PCURVE_S1.);
#12878 = CIRCLE('',#12879,1.);
#12879 = AXIS2_PLACEMENT_3D('',#12880,#12881,#12882);
#12880 = CARTESIAN_POINT('',(5.1,21.75,11.4));
#12881 = DIRECTION('',(0.,-1.,0.));
#12882 = DIRECTION('',(-1.,0.,0.));
#12883 = PCURVE('',#12142,#12884);
#12884 = DEFINITIONAL_REPRESENTATION('',(#12885),#12889);
#12885 = LINE('',#12886,#12887);
#12886 = CARTESIAN_POINT('',(-6.28318530718,3.));
#12887 = VECTOR('',#12888,1.);
#12888 = DIRECTION('',(1.,-0.));
#12889 = ( GEOMETRIC_REPRESENTATION_CONTEXT(2) 
PARAMETRIC_REPRESENTATION_CONTEXT() REPRESENTATION_CONTEXT('2D SPACE',''
  ) );
#12890 = PCURVE('',#12345,#12891);
#12891 = DEFINITIONAL_REPRESENTATION('',(#12892),#12896);
#12892 = CIRCLE('',#12893,1.);
#12893 = AXIS2_PLACEMENT_2D('',#12894,#12895);
#12894 = CARTESIAN_POINT('',(14.15,-4.6));
#12895 = DIRECTION('',(1.,0.));
#12896 = ( GEOMETRIC_REPRESENTATION_CONTEXT(2) 
PARAMETRIC_REPRESENTATION_CONTEXT() REPRESENTATION_CONTEXT('2D SPACE',''
  ) );
#12897 = ADVANCED_FACE('',(#12898),#12002,.T.);
#12898 = FACE_BOUND('',#12899,.T.);
#12899 = EDGE_LOOP('',(#12900,#12901,#12902,#12923));
#12900 = ORIENTED_EDGE('',*,*,#11987,.T.);
#12901 = ORIENTED_EDGE('',*,*,#12803,.T.);
#12902 = ORIENTED_EDGE('',*,*,#12903,.F.);
#12903 = EDGE_CURVE('',#12904,#12804,#12906,.T.);
#12904 = VERTEX_POINT('',#12905);
#12905 = CARTESIAN_POINT('',(12.7,21.75,8.4));
#12906 = SURFACE_CURVE('',#12907,(#12911,#12917),.PCURVE_S1.);
#12907 = LINE('',#12908,#12909);
#12908 = CARTESIAN_POINT('',(14.075,21.75,8.4));
#12909 = VECTOR('',#12910,1.);
#12910 = DIRECTION('',(-1.,0.,0.));
#12911 = PCURVE('',#12002,#12912);
#12912 = DEFINITIONAL_REPRESENTATION('',(#12913),#12916);
#12913 = B_SPLINE_CURVE_WITH_KNOTS('',1,(#12914,#12915),.UNSPECIFIED.,
  .F.,.F.,(2,2),(1.375,8.975),.PIECEWISE_BEZIER_KNOTS.);
#12914 = CARTESIAN_POINT('',(3.8,-1.25));
#12915 = CARTESIAN_POINT('',(-3.8,-1.25));
#12916 = ( GEOMETRIC_REPRESENTATION_CONTEXT(2) 
PARAMETRIC_REPRESENTATION_CONTEXT() REPRESENTATION_CONTEXT('2D SPACE',''
  ) );
#12917 = PCURVE('',#12345,#12918);
#12918 = DEFINITIONAL_REPRESENTATION('',(#12919),#12922);
#12919 = B_SPLINE_CURVE_WITH_KNOTS('',1,(#12920,#12921),.UNSPECIFIED.,
  .F.,.F.,(2,2),(1.375,8.975),.PIECEWISE_BEZIER_KNOTS.);
#12920 = CARTESIAN_POINT('',(6.55,-1.6));
#12921 = CARTESIAN_POINT('',(14.15,-1.6));
#12922 = ( GEOMETRIC_REPRESENTATION_CONTEXT(2) 
PARAMETRIC_REPRESENTATION_CONTEXT() REPRESENTATION_CONTEXT('2D SPACE',''
  ) );
#12923 = ORIENTED_EDGE('',*,*,#12924,.T.);
#12924 = EDGE_CURVE('',#12904,#11988,#12925,.T.);
#12925 = SURFACE_CURVE('',#12926,(#12930,#12937),.PCURVE_S1.);
#12926 = LINE('',#12927,#12928);
#12927 = CARTESIAN_POINT('',(12.7,21.25,8.4));
#12928 = VECTOR('',#12929,1.);
#12929 = DIRECTION('',(0.,1.,0.));
#12930 = PCURVE('',#12002,#12931);
#12931 = DEFINITIONAL_REPRESENTATION('',(#12932),#12936);
#12932 = LINE('',#12933,#12934);
#12933 = CARTESIAN_POINT('',(3.8,-1.75));
#12934 = VECTOR('',#12935,1.);
#12935 = DIRECTION('',(0.,1.));
#12936 = ( GEOMETRIC_REPRESENTATION_CONTEXT(2) 
PARAMETRIC_REPRESENTATION_CONTEXT() REPRESENTATION_CONTEXT('2D SPACE',''
  ) );
#12937 = PCURVE('',#12030,#12938);
#12938 = DEFINITIONAL_REPRESENTATION('',(#12939),#12943);
#12939 = LINE('',#12940,#12941);
#12940 = CARTESIAN_POINT('',(1.570796326795,0.));
#12941 = VECTOR('',#12942,1.);
#12942 = DIRECTION('',(0.,1.));
#12943 = ( GEOMETRIC_REPRESENTATION_CONTEXT(2) 
PARAMETRIC_REPRESENTATION_CONTEXT() REPRESENTATION_CONTEXT('2D SPACE',''
  ) );
#12944 = ADVANCED_FACE('',(#12945),#12112,.F.);
#12945 = FACE_BOUND('',#12946,.F.);
#12946 = EDGE_LOOP('',(#12947,#12948,#12949,#12970));
#12947 = ORIENTED_EDGE('',*,*,#12097,.T.);
#12948 = ORIENTED_EDGE('',*,*,#12853,.T.);
#12949 = ORIENTED_EDGE('',*,*,#12950,.F.);
#12950 = EDGE_CURVE('',#12951,#12854,#12953,.T.);
#12951 = VERTEX_POINT('',#12952);
#12952 = CARTESIAN_POINT('',(12.7,21.75,12.4));
#12953 = SURFACE_CURVE('',#12954,(#12958,#12964),.PCURVE_S1.);
#12954 = LINE('',#12955,#12956);
#12955 = CARTESIAN_POINT('',(14.075,21.75,12.4));
#12956 = VECTOR('',#12957,1.);
#12957 = DIRECTION('',(-1.,0.,0.));
#12958 = PCURVE('',#12112,#12959);
#12959 = DEFINITIONAL_REPRESENTATION('',(#12960),#12963);
#12960 = B_SPLINE_CURVE_WITH_KNOTS('',1,(#12961,#12962),.UNSPECIFIED.,
  .F.,.F.,(2,2),(1.375,8.975),.PIECEWISE_BEZIER_KNOTS.);
#12961 = CARTESIAN_POINT('',(3.8,-1.25));
#12962 = CARTESIAN_POINT('',(-3.8,-1.25));
#12963 = ( GEOMETRIC_REPRESENTATION_CONTEXT(2) 
PARAMETRIC_REPRESENTATION_CONTEXT() REPRESENTATION_CONTEXT('2D SPACE',''
  ) );
#12964 = PCURVE('',#12345,#12965);
#12965 = DEFINITIONAL_REPRESENTATION('',(#12966),#12969);
#12966 = B_SPLINE_CURVE_WITH_KNOTS('',1,(#12967,#12968),.UNSPECIFIED.,
  .F.,.F.,(2,2),(1.375,8.975),.PIECEWISE_BEZIER_KNOTS.);
#12967 = CARTESIAN_POINT('',(6.55,-5.6));
#12968 = CARTESIAN_POINT('',(14.15,-5.6));
#12969 = ( GEOMETRIC_REPRESENTATION_CONTEXT(2) 
PARAMETRIC_REPRESENTATION_CONTEXT() REPRESENTATION_CONTEXT('2D SPACE',''
  ) );
#12970 = ORIENTED_EDGE('',*,*,#12971,.T.);
#12971 = EDGE_CURVE('',#12951,#12069,#12972,.T.);
#12972 = SURFACE_CURVE('',#12973,(#12977,#12984),.PCURVE_S1.);
#12973 = LINE('',#12974,#12975);
#12974 = CARTESIAN_POINT('',(12.7,21.25,12.4));
#12975 = VECTOR('',#12976,1.);
#12976 = DIRECTION('',(0.,1.,0.));
#12977 = PCURVE('',#12112,#12978);
#12978 = DEFINITIONAL_REPRESENTATION('',(#12979),#12983);
#12979 = LINE('',#12980,#12981);
#12980 = CARTESIAN_POINT('',(3.8,-1.75));
#12981 = VECTOR('',#12982,1.);
#12982 = DIRECTION('',(0.,1.));
#12983 = ( GEOMETRIC_REPRESENTATION_CONTEXT(2) 
PARAMETRIC_REPRESENTATION_CONTEXT() REPRESENTATION_CONTEXT('2D SPACE',''
  ) );
#12984 = PCURVE('',#12085,#12985);
#12985 = DEFINITIONAL_REPRESENTATION('',(#12986),#12990);
#12986 = LINE('',#12987,#12988);
#12987 = CARTESIAN_POINT('',(-1.570796326795,0.));
#12988 = VECTOR('',#12989,1.);
#12989 = DIRECTION('',(-0.,1.));
#12990 = ( GEOMETRIC_REPRESENTATION_CONTEXT(2) 
PARAMETRIC_REPRESENTATION_CONTEXT() REPRESENTATION_CONTEXT('2D SPACE',''
  ) );
#12991 = ADVANCED_FACE('',(#12992),#12030,.F.);
#12992 = FACE_BOUND('',#12993,.F.);
#12993 = EDGE_LOOP('',(#12994,#13017,#13043,#13044));
#12994 = ORIENTED_EDGE('',*,*,#12995,.F.);
#12995 = EDGE_CURVE('',#12996,#12014,#12998,.T.);
#12996 = VERTEX_POINT('',#12997);
#12997 = CARTESIAN_POINT('',(13.7,21.75,9.4));
#12998 = SURFACE_CURVE('',#12999,(#13003,#13010),.PCURVE_S1.);
#12999 = LINE('',#13000,#13001);
#13000 = CARTESIAN_POINT('',(13.7,21.25,9.4));
#13001 = VECTOR('',#13002,1.);
#13002 = DIRECTION('',(0.,1.,0.));
#13003 = PCURVE('',#12030,#13004);
#13004 = DEFINITIONAL_REPRESENTATION('',(#13005),#13009);
#13005 = LINE('',#13006,#13007);
#13006 = CARTESIAN_POINT('',(0.,0.));
#13007 = VECTOR('',#13008,1.);
#13008 = DIRECTION('',(0.,1.));
#13009 = ( GEOMETRIC_REPRESENTATION_CONTEXT(2) 
PARAMETRIC_REPRESENTATION_CONTEXT() REPRESENTATION_CONTEXT('2D SPACE',''
  ) );
#13010 = PCURVE('',#12057,#13011);
#13011 = DEFINITIONAL_REPRESENTATION('',(#13012),#13016);
#13012 = LINE('',#13013,#13014);
#13013 = CARTESIAN_POINT('',(0.,-1.));
#13014 = VECTOR('',#13015,1.);
#13015 = DIRECTION('',(1.,0.));
#13016 = ( GEOMETRIC_REPRESENTATION_CONTEXT(2) 
PARAMETRIC_REPRESENTATION_CONTEXT() REPRESENTATION_CONTEXT('2D SPACE',''
  ) );
#13017 = ORIENTED_EDGE('',*,*,#13018,.T.);
#13018 = EDGE_CURVE('',#12996,#12904,#13019,.T.);
#13019 = SURFACE_CURVE('',#13020,(#13025,#13032),.PCURVE_S1.);
#13020 = CIRCLE('',#13021,1.);
#13021 = AXIS2_PLACEMENT_3D('',#13022,#13023,#13024);
#13022 = CARTESIAN_POINT('',(12.7,21.75,9.4));
#13023 = DIRECTION('',(0.,1.,0.));
#13024 = DIRECTION('',(1.,0.,-0.));
#13025 = PCURVE('',#12030,#13026);
#13026 = DEFINITIONAL_REPRESENTATION('',(#13027),#13031);
#13027 = LINE('',#13028,#13029);
#13028 = CARTESIAN_POINT('',(0.,0.5));
#13029 = VECTOR('',#13030,1.);
#13030 = DIRECTION('',(1.,0.));
#13031 = ( GEOMETRIC_REPRESENTATION_CONTEXT(2) 
PARAMETRIC_REPRESENTATION_CONTEXT() REPRESENTATION_CONTEXT('2D SPACE',''
  ) );
#13032 = PCURVE('',#12345,#13033);
#13033 = DEFINITIONAL_REPRESENTATION('',(#13034),#13042);
#13034 = ( BOUNDED_CURVE() B_SPLINE_CURVE(2,(#13035,#13036,#13037,#13038
    ,#13039,#13040,#13041),.UNSPECIFIED.,.T.,.F.) 
B_SPLINE_CURVE_WITH_KNOTS((1,2,2,2,2,1),(-2.094395102393,0.,
    2.094395102393,4.188790204786,6.28318530718,8.377580409573),
.UNSPECIFIED.) CURVE() GEOMETRIC_REPRESENTATION_ITEM() 
RATIONAL_B_SPLINE_CURVE((1.,0.5,1.,0.5,1.,0.5,1.)) REPRESENTATION_ITEM(
  '') );
#13035 = CARTESIAN_POINT('',(5.55,-2.6));
#13036 = CARTESIAN_POINT('',(5.55,-0.867949192431));
#13037 = CARTESIAN_POINT('',(7.05,-1.733974596216));
#13038 = CARTESIAN_POINT('',(8.55,-2.6));
#13039 = CARTESIAN_POINT('',(7.05,-3.466025403784));
#13040 = CARTESIAN_POINT('',(5.55,-4.332050807569));
#13041 = CARTESIAN_POINT('',(5.55,-2.6));
#13042 = ( GEOMETRIC_REPRESENTATION_CONTEXT(2) 
PARAMETRIC_REPRESENTATION_CONTEXT() REPRESENTATION_CONTEXT('2D SPACE',''
  ) );
#13043 = ORIENTED_EDGE('',*,*,#12924,.T.);
#13044 = ORIENTED_EDGE('',*,*,#12013,.F.);
#13045 = ADVANCED_FACE('',(#13046),#12085,.F.);
#13046 = FACE_BOUND('',#13047,.T.);
#13047 = EDGE_LOOP('',(#13048,#13071,#13097,#13098));
#13048 = ORIENTED_EDGE('',*,*,#13049,.F.);
#13049 = EDGE_CURVE('',#13050,#12043,#13052,.T.);
#13050 = VERTEX_POINT('',#13051);
#13051 = CARTESIAN_POINT('',(13.7,21.75,11.4));
#13052 = SURFACE_CURVE('',#13053,(#13057,#13064),.PCURVE_S1.);
#13053 = LINE('',#13054,#13055);
#13054 = CARTESIAN_POINT('',(13.7,21.25,11.4));
#13055 = VECTOR('',#13056,1.);
#13056 = DIRECTION('',(0.,1.,0.));
#13057 = PCURVE('',#12085,#13058);
#13058 = DEFINITIONAL_REPRESENTATION('',(#13059),#13063);
#13059 = LINE('',#13060,#13061);
#13060 = CARTESIAN_POINT('',(-0.,0.));
#13061 = VECTOR('',#13062,1.);
#13062 = DIRECTION('',(-0.,1.));
#13063 = ( GEOMETRIC_REPRESENTATION_CONTEXT(2) 
PARAMETRIC_REPRESENTATION_CONTEXT() REPRESENTATION_CONTEXT('2D SPACE',''
  ) );
#13064 = PCURVE('',#12057,#13065);
#13065 = DEFINITIONAL_REPRESENTATION('',(#13066),#13070);
#13066 = LINE('',#13067,#13068);
#13067 = CARTESIAN_POINT('',(0.,-3.));
#13068 = VECTOR('',#13069,1.);
#13069 = DIRECTION('',(1.,0.));
#13070 = ( GEOMETRIC_REPRESENTATION_CONTEXT(2) 
PARAMETRIC_REPRESENTATION_CONTEXT() REPRESENTATION_CONTEXT('2D SPACE',''
  ) );
#13071 = ORIENTED_EDGE('',*,*,#13072,.F.);
#13072 = EDGE_CURVE('',#12951,#13050,#13073,.T.);
#13073 = SURFACE_CURVE('',#13074,(#13079,#13086),.PCURVE_S1.);
#13074 = CIRCLE('',#13075,1.);
#13075 = AXIS2_PLACEMENT_3D('',#13076,#13077,#13078);
#13076 = CARTESIAN_POINT('',(12.7,21.75,11.4));
#13077 = DIRECTION('',(0.,1.,0.));
#13078 = DIRECTION('',(1.,0.,-0.));
#13079 = PCURVE('',#12085,#13080);
#13080 = DEFINITIONAL_REPRESENTATION('',(#13081),#13085);
#13081 = LINE('',#13082,#13083);
#13082 = CARTESIAN_POINT('',(-6.28318530718,0.5));
#13083 = VECTOR('',#13084,1.);
#13084 = DIRECTION('',(1.,-0.));
#13085 = ( GEOMETRIC_REPRESENTATION_CONTEXT(2) 
PARAMETRIC_REPRESENTATION_CONTEXT() REPRESENTATION_CONTEXT('2D SPACE',''
  ) );
#13086 = PCURVE('',#12345,#13087);
#13087 = DEFINITIONAL_REPRESENTATION('',(#13088),#13096);
#13088 = ( BOUNDED_CURVE() B_SPLINE_CURVE(2,(#13089,#13090,#13091,#13092
    ,#13093,#13094,#13095),.UNSPECIFIED.,.T.,.F.) 
B_SPLINE_CURVE_WITH_KNOTS((1,2,2,2,2,1),(-2.094395102393,0.,
    2.094395102393,4.188790204786,6.28318530718,8.377580409573),
.UNSPECIFIED.) CURVE() GEOMETRIC_REPRESENTATION_ITEM() 
RATIONAL_B_SPLINE_CURVE((1.,0.5,1.,0.5,1.,0.5,1.)) REPRESENTATION_ITEM(
  '') );
#13089 = CARTESIAN_POINT('',(5.55,-4.6));
#13090 = CARTESIAN_POINT('',(5.55,-2.867949192431));
#13091 = CARTESIAN_POINT('',(7.05,-3.733974596216));
#13092 = CARTESIAN_POINT('',(8.55,-4.6));
#13093 = CARTESIAN_POINT('',(7.05,-5.466025403784));
#13094 = CARTESIAN_POINT('',(5.55,-6.332050807569));
#13095 = CARTESIAN_POINT('',(5.55,-4.6));
#13096 = ( GEOMETRIC_REPRESENTATION_CONTEXT(2) 
PARAMETRIC_REPRESENTATION_CONTEXT() REPRESENTATION_CONTEXT('2D SPACE',''
  ) );
#13097 = ORIENTED_EDGE('',*,*,#12971,.T.);
#13098 = ORIENTED_EDGE('',*,*,#12068,.T.);
#13099 = ADVANCED_FACE('',(#13100),#12057,.T.);
#13100 = FACE_BOUND('',#13101,.T.);
#13101 = EDGE_LOOP('',(#13102,#13103,#13122,#13123));
#13102 = ORIENTED_EDGE('',*,*,#12995,.F.);
#13103 = ORIENTED_EDGE('',*,*,#13104,.F.);
#13104 = EDGE_CURVE('',#13050,#12996,#13105,.T.);
#13105 = SURFACE_CURVE('',#13106,(#13110,#13116),.PCURVE_S1.);
#13106 = LINE('',#13107,#13108);
#13107 = CARTESIAN_POINT('',(13.7,21.75,7.6));
#13108 = VECTOR('',#13109,1.);
#13109 = DIRECTION('',(-0.,-0.,-1.));
#13110 = PCURVE('',#12057,#13111);
#13111 = DEFINITIONAL_REPRESENTATION('',(#13112),#13115);
#13112 = B_SPLINE_CURVE_WITH_KNOTS('',1,(#13113,#13114),.UNSPECIFIED.,
  .F.,.F.,(2,2),(-3.8,-1.8),.PIECEWISE_BEZIER_KNOTS.);
#13113 = CARTESIAN_POINT('',(0.5,-3.));
#13114 = CARTESIAN_POINT('',(0.5,-1.));
#13115 = ( GEOMETRIC_REPRESENTATION_CONTEXT(2) 
PARAMETRIC_REPRESENTATION_CONTEXT() REPRESENTATION_CONTEXT('2D SPACE',''
  ) );
#13116 = PCURVE('',#12345,#13117);
#13117 = DEFINITIONAL_REPRESENTATION('',(#13118),#13121);
#13118 = B_SPLINE_CURVE_WITH_KNOTS('',1,(#13119,#13120),.UNSPECIFIED.,
  .F.,.F.,(2,2),(-3.8,-1.8),.PIECEWISE_BEZIER_KNOTS.);
#13119 = CARTESIAN_POINT('',(5.55,-4.6));
#13120 = CARTESIAN_POINT('',(5.55,-2.6));
#13121 = ( GEOMETRIC_REPRESENTATION_CONTEXT(2) 
PARAMETRIC_REPRESENTATION_CONTEXT() REPRESENTATION_CONTEXT('2D SPACE',''
  ) );
#13122 = ORIENTED_EDGE('',*,*,#13049,.T.);
#13123 = ORIENTED_EDGE('',*,*,#12042,.T.);
#13124 = ADVANCED_FACE('',(#13125),#12208,.F.);
#13125 = FACE_BOUND('',#13126,.F.);
#13126 = EDGE_LOOP('',(#13127,#13148,#13149,#13170));
#13127 = ORIENTED_EDGE('',*,*,#13128,.F.);
#13128 = EDGE_CURVE('',#12190,#12457,#13129,.T.);
#13129 = SURFACE_CURVE('',#13130,(#13134,#13141),.PCURVE_S1.);
#13130 = LINE('',#13131,#13132);
#13131 = CARTESIAN_POINT('',(17.5,-0.65,6.8));
#13132 = VECTOR('',#13133,1.);
#13133 = DIRECTION('',(0.,0.,1.));
#13134 = PCURVE('',#12208,#13135);
#13135 = DEFINITIONAL_REPRESENTATION('',(#13136),#13140);
#13136 = LINE('',#13137,#13138);
#13137 = CARTESIAN_POINT('',(0.,0.));
#13138 = VECTOR('',#13139,1.);
#13139 = DIRECTION('',(0.,1.));
#13140 = ( GEOMETRIC_REPRESENTATION_CONTEXT(2) 
PARAMETRIC_REPRESENTATION_CONTEXT() REPRESENTATION_CONTEXT('2D SPACE',''
  ) );
#13141 = PCURVE('',#12235,#13142);
#13142 = DEFINITIONAL_REPRESENTATION('',(#13143),#13147);
#13143 = LINE('',#13144,#13145);
#13144 = CARTESIAN_POINT('',(27.35,0.));
#13145 = VECTOR('',#13146,1.);
#13146 = DIRECTION('',(0.,-1.));
#13147 = ( GEOMETRIC_REPRESENTATION_CONTEXT(2) 
PARAMETRIC_REPRESENTATION_CONTEXT() REPRESENTATION_CONTEXT('2D SPACE',''
  ) );
#13148 = ORIENTED_EDGE('',*,*,#12189,.T.);
#13149 = ORIENTED_EDGE('',*,*,#13150,.T.);
#13150 = EDGE_CURVE('',#12192,#12480,#13151,.T.);
#13151 = SURFACE_CURVE('',#13152,(#13156,#13163),.PCURVE_S1.);
#13152 = LINE('',#13153,#13154);
#13153 = CARTESIAN_POINT('',(19.25,1.1,6.8));
#13154 = VECTOR('',#13155,1.);
#13155 = DIRECTION('',(0.,0.,1.));
#13156 = PCURVE('',#12208,#13157);
#13157 = DEFINITIONAL_REPRESENTATION('',(#13158),#13162);
#13158 = LINE('',#13159,#13160);
#13159 = CARTESIAN_POINT('',(1.570796326795,0.));
#13160 = VECTOR('',#13161,1.);
#13161 = DIRECTION('',(0.,1.));
#13162 = ( GEOMETRIC_REPRESENTATION_CONTEXT(2) 
PARAMETRIC_REPRESENTATION_CONTEXT() REPRESENTATION_CONTEXT('2D SPACE',''
  ) );
#13163 = PCURVE('',#12398,#13164);
#13164 = DEFINITIONAL_REPRESENTATION('',(#13165),#13169);
#13165 = LINE('',#13166,#13167);
#13166 = CARTESIAN_POINT('',(1.75,0.));
#13167 = VECTOR('',#13168,1.);
#13168 = DIRECTION('',(0.,-1.));
#13169 = ( GEOMETRIC_REPRESENTATION_CONTEXT(2) 
PARAMETRIC_REPRESENTATION_CONTEXT() REPRESENTATION_CONTEXT('2D SPACE',''
  ) );
#13170 = ORIENTED_EDGE('',*,*,#12479,.F.);
#13171 = ADVANCED_FACE('',(#13172),#12235,.T.);
#13172 = FACE_BOUND('',#13173,.T.);
#13173 = EDGE_LOOP('',(#13174,#13175,#13196,#13197));
#13174 = ORIENTED_EDGE('',*,*,#12220,.T.);
#13175 = ORIENTED_EDGE('',*,*,#13176,.T.);
#13176 = EDGE_CURVE('',#12221,#12455,#13177,.T.);
#13177 = SURFACE_CURVE('',#13178,(#13182,#13189),.PCURVE_S1.);
#13178 = LINE('',#13179,#13180);
#13179 = CARTESIAN_POINT('',(-8.1,-0.65,6.8));
#13180 = VECTOR('',#13181,1.);
#13181 = DIRECTION('',(0.,0.,1.));
#13182 = PCURVE('',#12235,#13183);
#13183 = DEFINITIONAL_REPRESENTATION('',(#13184),#13188);
#13184 = LINE('',#13185,#13186);
#13185 = CARTESIAN_POINT('',(1.75,0.));
#13186 = VECTOR('',#13187,1.);
#13187 = DIRECTION('',(0.,-1.));
#13188 = ( GEOMETRIC_REPRESENTATION_CONTEXT(2) 
PARAMETRIC_REPRESENTATION_CONTEXT() REPRESENTATION_CONTEXT('2D SPACE',''
  ) );
#13189 = PCURVE('',#12263,#13190);
#13190 = DEFINITIONAL_REPRESENTATION('',(#13191),#13195);
#13191 = LINE('',#13192,#13193);
#13192 = CARTESIAN_POINT('',(-0.,0.));
#13193 = VECTOR('',#13194,1.);
#13194 = DIRECTION('',(-0.,1.));
#13195 = ( GEOMETRIC_REPRESENTATION_CONTEXT(2) 
PARAMETRIC_REPRESENTATION_CONTEXT() REPRESENTATION_CONTEXT('2D SPACE',''
  ) );
#13196 = ORIENTED_EDGE('',*,*,#12454,.T.);
#13197 = ORIENTED_EDGE('',*,*,#13128,.F.);
#13198 = ADVANCED_FACE('',(#13199),#12398,.T.);
#13199 = FACE_BOUND('',#13200,.T.);
#13200 = EDGE_LOOP('',(#13201,#13202,#13203,#13204));
#13201 = ORIENTED_EDGE('',*,*,#12385,.T.);
#13202 = ORIENTED_EDGE('',*,*,#13150,.T.);
#13203 = ORIENTED_EDGE('',*,*,#12503,.T.);
#13204 = ORIENTED_EDGE('',*,*,#13205,.F.);
#13205 = EDGE_CURVE('',#12357,#12504,#13206,.T.);
#13206 = SURFACE_CURVE('',#13207,(#13211,#13218),.PCURVE_S1.);
#13207 = LINE('',#13208,#13209);
#13208 = CARTESIAN_POINT('',(19.25,20.,6.8));
#13209 = VECTOR('',#13210,1.);
#13210 = DIRECTION('',(0.,0.,1.));
#13211 = PCURVE('',#12398,#13212);
#13212 = DEFINITIONAL_REPRESENTATION('',(#13213),#13217);
#13213 = LINE('',#13214,#13215);
#13214 = CARTESIAN_POINT('',(20.65,0.));
#13215 = VECTOR('',#13216,1.);
#13216 = DIRECTION('',(0.,-1.));
#13217 = ( GEOMETRIC_REPRESENTATION_CONTEXT(2) 
PARAMETRIC_REPRESENTATION_CONTEXT() REPRESENTATION_CONTEXT('2D SPACE',''
  ) );
#13218 = PCURVE('',#12373,#13219);
#13219 = DEFINITIONAL_REPRESENTATION('',(#13220),#13224);
#13220 = LINE('',#13221,#13222);
#13221 = CARTESIAN_POINT('',(0.,0.));
#13222 = VECTOR('',#13223,1.);
#13223 = DIRECTION('',(0.,1.));
#13224 = ( GEOMETRIC_REPRESENTATION_CONTEXT(2) 
PARAMETRIC_REPRESENTATION_CONTEXT() REPRESENTATION_CONTEXT('2D SPACE',''
  ) );
#13225 = ADVANCED_FACE('',(#13226),#12263,.F.);
#13226 = FACE_BOUND('',#13227,.T.);
#13227 = EDGE_LOOP('',(#13228,#13229,#13230,#13251));
#13228 = ORIENTED_EDGE('',*,*,#13176,.F.);
#13229 = ORIENTED_EDGE('',*,*,#12246,.F.);
#13230 = ORIENTED_EDGE('',*,*,#13231,.T.);
#13231 = EDGE_CURVE('',#12247,#12598,#13232,.T.);
#13232 = SURFACE_CURVE('',#13233,(#13237,#13244),.PCURVE_S1.);
#13233 = LINE('',#13234,#13235);
#13234 = CARTESIAN_POINT('',(-9.85,1.1,6.8));
#13235 = VECTOR('',#13236,1.);
#13236 = DIRECTION('',(0.,0.,1.));
#13237 = PCURVE('',#12263,#13238);
#13238 = DEFINITIONAL_REPRESENTATION('',(#13239),#13243);
#13239 = LINE('',#13240,#13241);
#13240 = CARTESIAN_POINT('',(-1.570796326795,0.));
#13241 = VECTOR('',#13242,1.);
#13242 = DIRECTION('',(-0.,1.));
#13243 = ( GEOMETRIC_REPRESENTATION_CONTEXT(2) 
PARAMETRIC_REPRESENTATION_CONTEXT() REPRESENTATION_CONTEXT('2D SPACE',''
  ) );
#13244 = PCURVE('',#12290,#13245);
#13245 = DEFINITIONAL_REPRESENTATION('',(#13246),#13250);
#13246 = LINE('',#13247,#13248);
#13247 = CARTESIAN_POINT('',(20.65,0.));
#13248 = VECTOR('',#13249,1.);
#13249 = DIRECTION('',(0.,-1.));
#13250 = ( GEOMETRIC_REPRESENTATION_CONTEXT(2) 
PARAMETRIC_REPRESENTATION_CONTEXT() REPRESENTATION_CONTEXT('2D SPACE',''
  ) );
#13251 = ORIENTED_EDGE('',*,*,#12620,.F.);
#13252 = ADVANCED_FACE('',(#13253),#12373,.F.);
#13253 = FACE_BOUND('',#13254,.F.);
#13254 = EDGE_LOOP('',(#13255,#13256,#13257,#13278));
#13255 = ORIENTED_EDGE('',*,*,#13205,.F.);
#13256 = ORIENTED_EDGE('',*,*,#12356,.T.);
#13257 = ORIENTED_EDGE('',*,*,#13258,.T.);
#13258 = EDGE_CURVE('',#12331,#12527,#13259,.T.);
#13259 = SURFACE_CURVE('',#13260,(#13264,#13271),.PCURVE_S1.);
#13260 = LINE('',#13261,#13262);
#13261 = CARTESIAN_POINT('',(17.5,21.75,6.8));
#13262 = VECTOR('',#13263,1.);
#13263 = DIRECTION('',(0.,0.,1.));
#13264 = PCURVE('',#12373,#13265);
#13265 = DEFINITIONAL_REPRESENTATION('',(#13266),#13270);
#13266 = LINE('',#13267,#13268);
#13267 = CARTESIAN_POINT('',(1.570796326795,0.));
#13268 = VECTOR('',#13269,1.);
#13269 = DIRECTION('',(0.,1.));
#13270 = ( GEOMETRIC_REPRESENTATION_CONTEXT(2) 
PARAMETRIC_REPRESENTATION_CONTEXT() REPRESENTATION_CONTEXT('2D SPACE',''
  ) );
#13271 = PCURVE('',#12345,#13272);
#13272 = DEFINITIONAL_REPRESENTATION('',(#13273),#13277);
#13273 = LINE('',#13274,#13275);
#13274 = CARTESIAN_POINT('',(1.75,0.));
#13275 = VECTOR('',#13276,1.);
#13276 = DIRECTION('',(0.,-1.));
#13277 = ( GEOMETRIC_REPRESENTATION_CONTEXT(2) 
PARAMETRIC_REPRESENTATION_CONTEXT() REPRESENTATION_CONTEXT('2D SPACE',''
  ) );
#13278 = ORIENTED_EDGE('',*,*,#12526,.F.);
#13279 = ADVANCED_FACE('',(#13280),#12290,.T.);
#13280 = FACE_BOUND('',#13281,.T.);
#13281 = EDGE_LOOP('',(#13282,#13283,#13304,#13305));
#13282 = ORIENTED_EDGE('',*,*,#12275,.T.);
#13283 = ORIENTED_EDGE('',*,*,#13284,.T.);
#13284 = EDGE_CURVE('',#12276,#12574,#13285,.T.);
#13285 = SURFACE_CURVE('',#13286,(#13290,#13297),.PCURVE_S1.);
#13286 = LINE('',#13287,#13288);
#13287 = CARTESIAN_POINT('',(-9.85,20.,6.8));
#13288 = VECTOR('',#13289,1.);
#13289 = DIRECTION('',(0.,0.,1.));
#13290 = PCURVE('',#12290,#13291);
#13291 = DEFINITIONAL_REPRESENTATION('',(#13292),#13296);
#13292 = LINE('',#13293,#13294);
#13293 = CARTESIAN_POINT('',(1.75,0.));
#13294 = VECTOR('',#13295,1.);
#13295 = DIRECTION('',(0.,-1.));
#13296 = ( GEOMETRIC_REPRESENTATION_CONTEXT(2) 
PARAMETRIC_REPRESENTATION_CONTEXT() REPRESENTATION_CONTEXT('2D SPACE',''
  ) );
#13297 = PCURVE('',#12318,#13298);
#13298 = DEFINITIONAL_REPRESENTATION('',(#13299),#13303);
#13299 = LINE('',#13300,#13301);
#13300 = CARTESIAN_POINT('',(1.570796326795,0.));
#13301 = VECTOR('',#13302,1.);
#13302 = DIRECTION('',(0.,1.));
#13303 = ( GEOMETRIC_REPRESENTATION_CONTEXT(2) 
PARAMETRIC_REPRESENTATION_CONTEXT() REPRESENTATION_CONTEXT('2D SPACE',''
  ) );
#13304 = ORIENTED_EDGE('',*,*,#12597,.T.);
#13305 = ORIENTED_EDGE('',*,*,#13231,.F.);
#13306 = ADVANCED_FACE('',(#13307,#13333),#12345,.T.);
#13307 = FACE_BOUND('',#13308,.T.);
#13308 = EDGE_LOOP('',(#13309,#13310,#13311,#13312));
#13309 = ORIENTED_EDGE('',*,*,#12330,.T.);
#13310 = ORIENTED_EDGE('',*,*,#13258,.T.);
#13311 = ORIENTED_EDGE('',*,*,#12550,.T.);
#13312 = ORIENTED_EDGE('',*,*,#13313,.F.);
#13313 = EDGE_CURVE('',#12302,#12551,#13314,.T.);
#13314 = SURFACE_CURVE('',#13315,(#13319,#13326),.PCURVE_S1.);
#13315 = LINE('',#13316,#13317);
#13316 = CARTESIAN_POINT('',(-8.1,21.75,6.8));
#13317 = VECTOR('',#13318,1.);
#13318 = DIRECTION('',(0.,0.,1.));
#13319 = PCURVE('',#12345,#13320);
#13320 = DEFINITIONAL_REPRESENTATION('',(#13321),#13325);
#13321 = LINE('',#13322,#13323);
#13322 = CARTESIAN_POINT('',(27.35,0.));
#13323 = VECTOR('',#13324,1.);
#13324 = DIRECTION('',(0.,-1.));
#13325 = ( GEOMETRIC_REPRESENTATION_CONTEXT(2) 
PARAMETRIC_REPRESENTATION_CONTEXT() REPRESENTATION_CONTEXT('2D SPACE',''
  ) );
#13326 = PCURVE('',#12318,#13327);
#13327 = DEFINITIONAL_REPRESENTATION('',(#13328),#13332);
#13328 = LINE('',#13329,#13330);
#13329 = CARTESIAN_POINT('',(0.,0.));
#13330 = VECTOR('',#13331,1.);
#13331 = DIRECTION('',(0.,1.));
#13332 = ( GEOMETRIC_REPRESENTATION_CONTEXT(2) 
PARAMETRIC_REPRESENTATION_CONTEXT() REPRESENTATION_CONTEXT('2D SPACE',''
  ) );
#13333 = FACE_BOUND('',#13334,.T.);
#13334 = EDGE_LOOP('',(#13335,#13336,#13337,#13338,#13339,#13340,#13341,
    #13342));
#13335 = ORIENTED_EDGE('',*,*,#12826,.F.);
#13336 = ORIENTED_EDGE('',*,*,#12779,.T.);
#13337 = ORIENTED_EDGE('',*,*,#12876,.F.);
#13338 = ORIENTED_EDGE('',*,*,#12950,.F.);
#13339 = ORIENTED_EDGE('',*,*,#13072,.T.);
#13340 = ORIENTED_EDGE('',*,*,#13104,.T.);
#13341 = ORIENTED_EDGE('',*,*,#13018,.T.);
#13342 = ORIENTED_EDGE('',*,*,#12903,.T.);
#13343 = ADVANCED_FACE('',(#13344),#12318,.F.);
#13344 = FACE_BOUND('',#13345,.F.);
#13345 = EDGE_LOOP('',(#13346,#13347,#13348,#13349));
#13346 = ORIENTED_EDGE('',*,*,#13313,.F.);
#13347 = ORIENTED_EDGE('',*,*,#12301,.T.);
#13348 = ORIENTED_EDGE('',*,*,#13284,.T.);
#13349 = ORIENTED_EDGE('',*,*,#12573,.F.);
#13350 = ADVANCED_FACE('',(#13351),#12669,.T.);
#13351 = FACE_BOUND('',#13352,.F.);
#13352 = EDGE_LOOP('',(#13353,#13382,#13403,#13404));
#13353 = ORIENTED_EDGE('',*,*,#13354,.F.);
#13354 = EDGE_CURVE('',#13355,#13355,#13357,.T.);
#13355 = VERTEX_POINT('',#13356);
#13356 = CARTESIAN_POINT('',(-6.1,2.5,7.85));
#13357 = SURFACE_CURVE('',#13358,(#13363,#13370),.PCURVE_S1.);
#13358 = CIRCLE('',#13359,0.9);
#13359 = AXIS2_PLACEMENT_3D('',#13360,#13361,#13362);
#13360 = CARTESIAN_POINT('',(-7.,2.5,7.85));
#13361 = DIRECTION('',(0.,0.,1.));
#13362 = DIRECTION('',(1.,0.,0.));
#13363 = PCURVE('',#12669,#13364);
#13364 = DEFINITIONAL_REPRESENTATION('',(#13365),#13369);
#13365 = LINE('',#13366,#13367);
#13366 = CARTESIAN_POINT('',(-0.,0.));
#13367 = VECTOR('',#13368,1.);
#13368 = DIRECTION('',(-1.,0.));
#13369 = ( GEOMETRIC_REPRESENTATION_CONTEXT(2) 
PARAMETRIC_REPRESENTATION_CONTEXT() REPRESENTATION_CONTEXT('2D SPACE',''
  ) );
#13370 = PCURVE('',#13371,#13376);
#13371 = PLANE('',#13372);
#13372 = AXIS2_PLACEMENT_3D('',#13373,#13374,#13375);
#13373 = CARTESIAN_POINT('',(-7.,2.5,7.85));
#13374 = DIRECTION('',(0.,0.,1.));
#13375 = DIRECTION('',(1.,0.,-0.));
#13376 = DEFINITIONAL_REPRESENTATION('',(#13377),#13381);
#13377 = CIRCLE('',#13378,0.9);
#13378 = AXIS2_PLACEMENT_2D('',#13379,#13380);
#13379 = CARTESIAN_POINT('',(0.,0.));
#13380 = DIRECTION('',(1.,0.));
#13381 = ( GEOMETRIC_REPRESENTATION_CONTEXT(2) 
PARAMETRIC_REPRESENTATION_CONTEXT() REPRESENTATION_CONTEXT('2D SPACE',''
  ) );
#13382 = ORIENTED_EDGE('',*,*,#13383,.T.);
#13383 = EDGE_CURVE('',#13355,#12649,#13384,.T.);
#13384 = SEAM_CURVE('',#13385,(#13389,#13396),.PCURVE_S1.);
#13385 = LINE('',#13386,#13387);
#13386 = CARTESIAN_POINT('',(-6.1,2.5,7.85));
#13387 = VECTOR('',#13388,1.);
#13388 = DIRECTION('',(0.,0.,1.));
#13389 = PCURVE('',#12669,#13390);
#13390 = DEFINITIONAL_REPRESENTATION('',(#13391),#13395);
#13391 = LINE('',#13392,#13393);
#13392 = CARTESIAN_POINT('',(-6.28318530718,0.));
#13393 = VECTOR('',#13394,1.);
#13394 = DIRECTION('',(-0.,-1.));
#13395 = ( GEOMETRIC_REPRESENTATION_CONTEXT(2) 
PARAMETRIC_REPRESENTATION_CONTEXT() REPRESENTATION_CONTEXT('2D SPACE',''
  ) );
#13396 = PCURVE('',#12669,#13397);
#13397 = DEFINITIONAL_REPRESENTATION('',(#13398),#13402);
#13398 = LINE('',#13399,#13400);
#13399 = CARTESIAN_POINT('',(-0.,0.));
#13400 = VECTOR('',#13401,1.);
#13401 = DIRECTION('',(-0.,-1.));
#13402 = ( GEOMETRIC_REPRESENTATION_CONTEXT(2) 
PARAMETRIC_REPRESENTATION_CONTEXT() REPRESENTATION_CONTEXT('2D SPACE',''
  ) );
#13403 = ORIENTED_EDGE('',*,*,#12648,.F.);
#13404 = ORIENTED_EDGE('',*,*,#13383,.F.);
#13405 = ADVANCED_FACE('',(#13406),#12707,.T.);
#13406 = FACE_BOUND('',#13407,.F.);
#13407 = EDGE_LOOP('',(#13408,#13437,#13458,#13459));
#13408 = ORIENTED_EDGE('',*,*,#13409,.F.);
#13409 = EDGE_CURVE('',#13410,#13410,#13412,.T.);
#13410 = VERTEX_POINT('',#13411);
#13411 = CARTESIAN_POINT('',(-7.5,13.,7.85));
#13412 = SURFACE_CURVE('',#13413,(#13418,#13425),.PCURVE_S1.);
#13413 = CIRCLE('',#13414,0.9);
#13414 = AXIS2_PLACEMENT_3D('',#13415,#13416,#13417);
#13415 = CARTESIAN_POINT('',(-8.4,13.,7.85));
#13416 = DIRECTION('',(0.,0.,1.));
#13417 = DIRECTION('',(1.,0.,0.));
#13418 = PCURVE('',#12707,#13419);
#13419 = DEFINITIONAL_REPRESENTATION('',(#13420),#13424);
#13420 = LINE('',#13421,#13422);
#13421 = CARTESIAN_POINT('',(-0.,0.));
#13422 = VECTOR('',#13423,1.);
#13423 = DIRECTION('',(-1.,0.));
#13424 = ( GEOMETRIC_REPRESENTATION_CONTEXT(2) 
PARAMETRIC_REPRESENTATION_CONTEXT() REPRESENTATION_CONTEXT('2D SPACE',''
  ) );
#13425 = PCURVE('',#13426,#13431);
#13426 = PLANE('',#13427);
#13427 = AXIS2_PLACEMENT_3D('',#13428,#13429,#13430);
#13428 = CARTESIAN_POINT('',(-8.4,13.,7.85));
#13429 = DIRECTION('',(0.,0.,1.));
#13430 = DIRECTION('',(1.,0.,-0.));
#13431 = DEFINITIONAL_REPRESENTATION('',(#13432),#13436);
#13432 = CIRCLE('',#13433,0.9);
#13433 = AXIS2_PLACEMENT_2D('',#13434,#13435);
#13434 = CARTESIAN_POINT('',(1.7763568394E-15,0.));
#13435 = DIRECTION('',(1.,0.));
#13436 = ( GEOMETRIC_REPRESENTATION_CONTEXT(2) 
PARAMETRIC_REPRESENTATION_CONTEXT() REPRESENTATION_CONTEXT('2D SPACE',''
  ) );
#13437 = ORIENTED_EDGE('',*,*,#13438,.T.);
#13438 = EDGE_CURVE('',#13410,#12687,#13439,.T.);
#13439 = SEAM_CURVE('',#13440,(#13444,#13451),.PCURVE_S1.);
#13440 = LINE('',#13441,#13442);
#13441 = CARTESIAN_POINT('',(-7.5,13.,7.85));
#13442 = VECTOR('',#13443,1.);
#13443 = DIRECTION('',(0.,0.,1.));
#13444 = PCURVE('',#12707,#13445);
#13445 = DEFINITIONAL_REPRESENTATION('',(#13446),#13450);
#13446 = LINE('',#13447,#13448);
#13447 = CARTESIAN_POINT('',(-6.28318530718,0.));
#13448 = VECTOR('',#13449,1.);
#13449 = DIRECTION('',(-0.,-1.));
#13450 = ( GEOMETRIC_REPRESENTATION_CONTEXT(2) 
PARAMETRIC_REPRESENTATION_CONTEXT() REPRESENTATION_CONTEXT('2D SPACE',''
  ) );
#13451 = PCURVE('',#12707,#13452);
#13452 = DEFINITIONAL_REPRESENTATION('',(#13453),#13457);
#13453 = LINE('',#13454,#13455);
#13454 = CARTESIAN_POINT('',(-0.,0.));
#13455 = VECTOR('',#13456,1.);
#13456 = DIRECTION('',(-0.,-1.));
#13457 = ( GEOMETRIC_REPRESENTATION_CONTEXT(2) 
PARAMETRIC_REPRESENTATION_CONTEXT() REPRESENTATION_CONTEXT('2D SPACE',''
  ) );
#13458 = ORIENTED_EDGE('',*,*,#12686,.F.);
#13459 = ORIENTED_EDGE('',*,*,#13438,.F.);
#13460 = ADVANCED_FACE('',(#13461),#13371,.F.);
#13461 = FACE_BOUND('',#13462,.F.);
#13462 = EDGE_LOOP('',(#13463));
#13463 = ORIENTED_EDGE('',*,*,#13354,.T.);
#13464 = ADVANCED_FACE('',(#13465),#13426,.F.);
#13465 = FACE_BOUND('',#13466,.F.);
#13466 = EDGE_LOOP('',(#13467));
#13467 = ORIENTED_EDGE('',*,*,#13409,.T.);
#13468 = ( GEOMETRIC_REPRESENTATION_CONTEXT(3) 
GLOBAL_UNCERTAINTY_ASSIGNED_CONTEXT((#13472)) 
GLOBAL_UNIT_ASSIGNED_CONTEXT((#13469,#13470,#13471)) 
REPRESENTATION_CONTEXT('Context #1',
  '3D Context with UNIT and UNCERTAINTY') );
#13469 = ( LENGTH_UNIT() NAMED_UNIT(*) SI_UNIT(.MILLI.,.METRE.) );
#13470 = ( NAMED_UNIT(*) PLANE_ANGLE_UNIT() SI_UNIT($,.RADIAN.) );
#13471 = ( NAMED_UNIT(*) SI_UNIT($,.STERADIAN.) SOLID_ANGLE_UNIT() );
#13472 = UNCERTAINTY_MEASURE_WITH_UNIT(LENGTH_MEASURE(1.E-07),#13469,
  'distance_accuracy_value','confusion accuracy');
#13473 = CONTEXT_DEPENDENT_SHAPE_REPRESENTATION(#13474,#13476);
#13474 = ( REPRESENTATION_RELATIONSHIP('','',#8609,#10) 
REPRESENTATION_RELATIONSHIP_WITH_TRANSFORMATION(#13475) 
SHAPE_REPRESENTATION_RELATIONSHIP() );
#13475 = ITEM_DEFINED_TRANSFORMATION('','',#11,#19);
#13476 = PRODUCT_DEFINITION_SHAPE('Placement','Placement of an item',
  #13477);
#13477 = NEXT_ASSEMBLY_USAGE_OCCURRENCE('2','lid','',#5,#8604,$);
#13478 = PRODUCT_RELATED_PRODUCT_CATEGORY('part',$,(#8606));
#13479 = MECHANICAL_DESIGN_GEOMETRIC_PRESENTATION_REPRESENTATION('',(
    #13480),#8591);
#13480 = STYLED_ITEM('color',(#13481),#37);
#13481 = PRESENTATION_STYLE_ASSIGNMENT((#13482));
#13482 = SURFACE_STYLE_USAGE(.BOTH.,#13483);
#13483 = SURFACE_SIDE_STYLE('',(#13484));
#13484 = SURFACE_STYLE_FILL_AREA(#13485);
#13485 = FILL_AREA_STYLE('',(#13486));
#13486 = FILL_AREA_STYLE_COLOUR('',#13487);
#13487 = COLOUR_RGB('',0.199999998682,0.500000003429,0.800000010877);
#13488 = MECHANICAL_DESIGN_GEOMETRIC_PRESENTATION_REPRESENTATION('',(
    #13489),#13468);
#13489 = STYLED_ITEM('color',(#13490),#8610);
#13490 = PRESENTATION_STYLE_ASSIGNMENT((#13491));
#13491 = SURFACE_STYLE_USAGE(.BOTH.,#13492);
#13492 = SURFACE_SIDE_STYLE('',(#13493));
#13493 = SURFACE_STYLE_FILL_AREA(#13494);
#13494 = FILL_AREA_STYLE('',(#13495));
#13495 = FILL_AREA_STYLE_COLOUR('',#13496);
#13496 = COLOUR_RGB('',0.899999998185,0.899999998185,0.899999998185);
ENDSEC;
END-ISO-10303-21;
